Fecha,Técnico,Condición,Situación,Resultado1,Resultado2,Club,Torneo,Estadio,Árbitro,Huracán,Rival,Incidencias,Fin1T,Fin2T,Fin1E,Fin2E,Foto,Formación,Camiseta
17/03/1955,Peucelle,visitante,derrota,1,3,Liga de Bahía Blanca,Pretemporada 1955 (amistoso),(Bahía Blanca),desconocido,-,-,sin datos,45,90,0,0,Foto,Formación,Camiseta
20/03/1955,Peucelle,visitante,derrota,3,4,Liga de Bahía Blanca,Pretemporada 1955 (amistoso),(Bahía Blanca),desconocido,-,-,sin datos,45,90,0,0,Foto,Formación,Camiseta
30/04/1955,Peucelle,local,empate,3,3,Vélez Sarsfield,1° fecha del Campeonato 1955,El Palacio,Burfield,"Juan C Marcello; Carlos Scherl y Juan M Filgueiras; Santiago Ardanaz, Víctor Rodríguez y Héctor D'Angelo; Félix Respuela, Vicente Gambardella, Ricardo Infante, Elio Montaño y Juan A Portaluppi.","Germinaro; Iglesias y Allegri; Ovide, Jorge Ruiz y García Fierro; Ernesto Sansone, Norberto Conde, Ferraro, Zubeldía y Manzi.",25 GOL Elio Montaño (HUR)</br>31 GOL Ricardo Infante (HUR)</br>44 GOL Norberto Conde (VSA)</br>73 GOL Norberto Conde (VSA)</br>80 GOL Juan M Filgueiras (HUR) -penal-</br>87 GOL Manzi (VSA),45,90,0,0,Foto,Formación,Camiseta
08/05/1955,J Alberti,visitante,derrota,2,5,Boca Juniors,2° fecha del Campeonato 1955,La Bombonera,Fuster,"Juan C Marcello; Carlos Scherl y Juan M Filgueiras; Enrique Espejo, Víctor Rodríguez y Héctor D'Angelo; Félix Respuela, Vicente Gambardella, Ricardo Infante, Elio Montaño y Juan A Portaluppi.","Musimessi; Colman y Edwards; Lombardo, Arcos y Pescia; Mario Boyé, Baiocco, Borello, Roselló y Cucchiaroni.",11 GOL Cucchiaroni (BJU)</br>28 GOL Edwards (BJU) -penal-</br>42 GOL Mario Boyé (BJU)</br>44 GOL Juan M Filgueiras (HUR) -penal-</br>56 GOL Borello (BJU)</br>70 GOL Félix Respuela (HUR)</br>72 GOL Cucchiaroni (BJU),45,90,0,0,Foto,Formación,Camiseta
15/05/1955,J Alberti,local,derrota,1,2,Racing Club,3° fecha del Campeonato 1955,El Palacio,Thurman,"Edgardo Madinabeytia; José Murta y Juan M Filgueiras; Néstor Naya, Víctor Rodríguez y Héctor D'Angelo; Félix Respuela, Vicente Gambardella, Ricardo Infante, Elio Montaño y Juan A Portaluppi.","Rogelio Domínguez; Pedro Dellacha y García Pérez; Giménez, Balay y Sivo; Cupo, Llamil Simes, Antonio Angelillo, A Rodríguez y Cigna.",2 GOL Juan A Portaluppi (HUR)</br>51 GOL Antonio Angelillo (RAC)</br>71 GOL Antonio Angelillo (RAC),45,90,0,0,Foto,Formación,Camiseta
22/05/1955,J Alberti,visitante,victoria,2,1,Tigre,4° fecha del Campeonato 1955,Caballito,Lynch,"Edgardo Madinabeytia; José Murta y Juan M Filgueiras; Julio Ramírez, Víctor Rodríguez y Héctor D'Angelo; Félix Respuela, Vicente Gambardella, Ricardo Infante, Elio Montaño y Juan A Portaluppi.","Miguel Rugilo; Oscar Gaggino y Bores; Desanzo, Enrique Brunetti y Hidalgo; De Bourgoing, Norberto Méndez, Lacasia, González y Seoane.",31 GOL Elio Montaño (HUR)</br>53 GOL De Bourgoing (TIG)</br>62 GOL González (TIG),45,90,0,0,Foto,Formación,Camiseta
29/05/1955,J Alberti,local,derrota,2,3,River Plate,5° fecha del Campeonato 1955,El Palacio,Turner,"Edgardo Madinabeytia, Carlos Scherl y Juan M Filgueiras; Santiago Ardanaz, Víctor Rodríguez y Héctor D'Angelo; Félix Respuela, Vicente Gambardella, Ricardo Infante, Elio Montaño y Juan A Portaluppi.","Amadeo Carrizo; Mantegari, Venini y Hernández; Omar Sívori, Néstor Rossi y Tesouro; Santiago Vernazza, Norberto Menéndez, Ángel Labruna y Félix Loustau.",22 GOL Norberto Menéndez (RPL)</br>26 GOL Omar Sívori (RPL)</br>39 GOL Félix Loustau (RPL)</br>42 GOL Elio Montaño (HUR)</br>67 GOL Juan M Filgueiras (HUR),45,90,0,0,Foto,Formación,Camiseta
05/06/1955,J Alberti,visitante,victoria,2,0,Gimnasia y Esgrima (La Plata),6° fecha del Campeonato 1955,El Bosque (La Plata),Wilbraham,"Edgardo Madinabeytia, Carlos Scherl y Juan M Filgueiras; Santiago Ardanaz, Víctor Rodríguez y Héctor D'Angelo; Félix Respuela, Vicente Gambardella, Ricardo Infante, Elio Montaño y Juan A Portaluppi.","Gerónimo; Ambrosi y Carboni; Schandlein, Cortiñas y Smargiassi; Pentrelli, Papa, Loiácono, Martínez y Barci.",53 GOL Juan A Portaluppi (HUR)</br>70 GOL Juan A Portaluppi (HUR)</br>Huracán gana la Copa Juan D Perón,45,90,0,0,Foto,Formación,Camiseta
12/06/1955,J Alberti,local,empate,1,1,Newell's Old Boys (Rosario),7° fecha del Campeonato 1955,El Palacio,Meade,"Edgardo Madinabeytia, Carlos Scherl y Juan M Filgueiras; Santiago Ardanaz, Víctor Rodríguez y Héctor D'Angelo; Félix Respuela, Vicente Gambardella, Ricardo Infante, Elio Montaño y Juan A Portaluppi.","Masuelli; Griffa y Coronel; Mastrogiuseppe, Ramacciotti y Miralles; Nardiello, Bellotti, Carranza, Picot y Yudica.",11 GOL Félix Respuela (HUR)</br>47 GOL Héctor D'Angelo (NOB) -en contra-</br>85 EXP Miralles (NOB),45,90,0,0,Foto,Formación,Camiseta
26/06/1955,J Alberti,local,derrota,2,3,Chacarita Juniors,8° fecha del Campeonato 1955,El Palacio,Cross,"Edgardo Madinabeytia; Carlos Scherl y Juan M Filgueiras; Santiago Ardanaz, Víctor Rodríguez y Héctor D'Angelo; Félix Respuela, Alberto Evaristo, Ricardo Infante, Horacio Onzari y Juan A Portaluppi.","Segundo Díaz; Molinari y Ferrero; Pegnotti, Montero y Moreno; P Rodríguez, Barreiro, Ravelli, Campana y Esquide.",25 GOL Campana (CHJ)</br>27 GOL Campana (CHJ)</br>51 GOL Ricardo Infante (HUR)</br>65 GOL Campana (CHJ)</br>88 GOL Alberto Evaristo (HUR),45,90,0,0,Foto,Formación,Camiseta
03/07/1955,Pedernera,visitante,victoria,2,0,Ferro C. Oeste,9° fecha del Campeonato 1955,Caballito,Jaoo,"Edgardo Madinabeytia; Carlos Scherl y Juan M Filgueiras; Santiago Ardanaz, Víctor Rodríguez y Héctor D'Angelo; Félix Respuela, Oscar Rossi, Ricardo Infante, Elio Montaño y Juan A Portaluppi.","Marapodi; Pirone y Garansini; Bufatelli, Diez y Cobo; González, Juárez, Calvanese, Berón y Tacchi.",41 GOL Juan A Portaluppi (HUR)</br>67 GOL Elio Montaño (HUR),45,90,0,0,Foto,Formación,Camiseta
09/07/1955,Pedernera,visitante,victoria,7,3,Liga de Sáenz Peña,Amistoso 1955 (fecha patria),(Sáenz Peña),desconocido,-,-,sin datos,45,90,0,0,Foto,Formación,Camiseta
10/07/1955,Pedernera,visitante,victoria,6,2,Liga de Villa Ángela,Amistoso 1955 (fecha patria),Liga de Chaco Oeste (Villa Ángela),desconocido,-,-,sin datos,45,90,0,0,Foto,Formación,Camiseta
24/07/1955,Pedernera,local,victoria,4,0,Lanús,10° fecha del Campeonato 1955,Gasómetro,Lynch,"Edgardo Madinabeytia; Carlos Scherl y Juan M Filgueiras; Santiago Ardanaz, Víctor Rodríguez y Héctor D'Angelo; Félix Respuela, Oscar Rossi, Ricardo Infante, Elio Montaño y Juan A Portaluppi.","Álvarez Vega; Prato y Beltrán; Juan A Bendazzi, Guidi y José Nazionale; Fernández, Daponte, Cejas, Reynoso y Moyano.",26 GOL Víctor Rodríguez (HUR) -penal-</br>44 GOL Juan A Portaluppi (HUR)</br>63 GOL Félix Respuela (HUR)</br>77 GOL Félix Respuela (HUR),45,90,0,0,Foto,Formación,Camiseta
31/07/1955,Pedernera,visitante,derrota,0,1,Independiente,11° fecha del Campeonato 1955,Doble Visera,Thurman,"Edgardo Madinabeytia; Carlos Scherl y Juan M Filgueiras; Santiago Ardanaz, Víctor Rodríguez y Héctor D'Angelo; Félix Respuela, Oscar Rossi, Ricardo Infante, Elio Montaño y Juan A Portaluppi.","Abraham; Barraza y Mousegne; Britos, J Varacka y E Varacka; Cervino, Cecconato, Bonelli, Grillo y Cruz.",57 GOL Grillo (IND),45,90,0,0,Foto,Formación,Camiseta
10/08/1955,Pedernera,local,victoria,1,0,Platense,12° fecha del Campeonato 1955,Caballito,Regis Brozzi,"Edgardo Madinabeytia; Carlos Scherl y Juan M Filgueiras; Santiago Ardanaz, Víctor Rodríguez y Héctor D'Angelo; Félix Respuela, Oscar Rossi, Ricardo Infante, Elio Montaño y Oscar Silva.","Domínguez; Doval y Menéndez; Maldonado, Cívico y Molina; Ruggiero, Báez, Beraza, López y Sayago.",87 GOL Ricardo Infante (HUR),45,90,0,0,Foto,Formación,Camiseta
14/08/1955,Pedernera,visitante,victoria,3,0,Estudiantes (La Plata),13° fecha del Campeonato 1955,Uno (La Plata),Meade,"Edgardo Madinabeytia; Carlos Scherl y Juan M Filgueiras; Santiago Ardanaz, Víctor Rodríguez y Héctor D'Angelo; Félix Respuela, Oscar Rossi, Ricardo Infante, Elio Montaño y Juan A Portaluppi.","Gioffré; Casanueva y Silvero; Garcerón, Urriolabeitia y Mogaburu; Scialino, Quaglia, Rolando, Molina y Manuel Pelegrina.",33 GOL Félix Respuela (HUR)</br>52 EXP Silvero (ELP)</br>52 EXP Héctor D'Angelo (HUR)</br>64 GOL Ricardo Infante (HUR)</br>73 GOL Félix Respuela (HUR),45,90,0,0,Foto,Formación,Camiseta
17/08/1955,Pedernera,local,victoria,4,1,Rosario Central,14° fecha del Campeonato 1955,Gasómetro,Ventre,"Edgardo Madinabeytia; Carlos Scherl y Juan M Filgueiras; Santiago Ardanaz, Víctor Rodríguez y Omar Rossi; Félix Respuela, Oscar Rossi, Ricardo Infante, Elio Montaño y Oscar Silva.","Américo Tissera; Cuello y Cardoso; Álvarez, Minni y La Rosa; Gauna, Mottura, Massei, Vilariño y Cazaubón.",19 GOL Massei (RCE)</br>37 GOL Víctor Rodríguez (HUR) -penal-</br>49 GOL Félix Respuela (HUR)</br>50 GOL Ricardo Infante (HUR)</br>88 GOL Ricardo Infante (HUR),45,90,0,0,Foto,Formación,Camiseta
21/08/1955,Pedernera,visitante,empate,0,0,San Lorenzo de Almagro,15° fecha del Campeonato 1955,Gasómetro,Wilbraham,"Edgardo Madinabeytia; Carlos Scherl y Juan M Filgueiras; Santiago Ardanaz, Víctor Rodríguez y Omar Rossi; Félix Respuela, Oscar Rossi, Ricardo Infante, Elio Montaño y Juan A Portaluppi.","Blazina; Martina y Federico Pizarro; Faina, Jorge Benegas y Vivas; Jofré, Coll, Gutiérrez, Benavídez y Florio.",1° Tiempo: San Lorenzo 0x0 Huracán,45,90,0,0,Foto,Formación,Camiseta
28/08/1955,Pedernera,visitante,derrota,1,2,Vélez Sarsfield,16° fecha del Campeonato 1955,Vélez Sarsfield,Nai Foino,"Edgardo Madinabeytia; Carlos Scherl y Juan M Filgueiras; Santiago Ardanaz, Víctor Rodríguez y Héctor D'Angelo; Félix Respuela, Oscar Rossi, Ricardo Infante, Alberto Evaristo y Juan A Portaluppi.","Germinaro; Simeone y Allegri; Ovide, Jorge Ruiz y García Fierro; Ernesto Sansone, Mosca, Carceo, Manzi y Mendiburu.",49 GOL Mosca (VSA)</br>62 GOL Mediburu (VSA)</br>78 GOL Alberto Evaristo (HUR) -penal-,45,90,0,0,Foto,Formación,Camiseta
04/09/1955,Pedernera,local,empate,1,1,Boca Juniors,17° fecha del Campeonato 1955,Gasómetro,Elliot,"Edgardo Madinabeytia; Carlos Scherl y Juan M Filgueiras; Santiago Ardanaz, Víctor Rodríguez y Héctor D'Angelo; Félix Respuela, Oscar Rossi, Ricardo Infante, Elio Montaño y Juan A Portaluppi.","Musimessi; Colman y Edwards; Lombardo, Eliseo Mouriño y Acosta; Navarro, Roselló, Borello, Pizzuti y Cucchiaroni.",29 GOL Cucchiaroni (BJU)</br>44 GOL Elio Montaño (HUR),45,90,0,0,Foto,Formación,Camiseta
11/09/1955,Pedernera,visitante,derrota,1,2,Racing Club,18° fecha del Campeonato 1955,El Cilindro,Lynch,"Edgardo Madinabeytia; Carlos Scherl y Juan M Filgueiras; Santiago Ardanaz, Víctor Rodríguez y Héctor D'Angelo; Félix Respuela, Oscar Rossi, Ricardo Infante, Elio Montaño y Juan A Portaluppi.","Rogelio Domínguez; Pedro Dellacha y García Pérez; De Vicente, Balay y Sivo; Cupo, Humberto Maschio, Blanco, A Rodríguez y Santos.",14 GOL Oscar Rossi (HUR)</br>20 GOL Cupo (RAC)</br>32 GOL Humberto Maschio (RAC),45,90,0,0,Foto,Formación,Camiseta
25/09/1955,Pedernera,local,victoria,2,0,Tigre,19° fecha del Campeonato 1955,Gasómetro,Burfield,"Edgardo Madinabeytia; Carlos Scherl y Juan M Filgueiras; Santiago Ardanaz, Omar Rossi y Héctor D'Angelo; Félix Respuela, Oscar Rossi, Ricardo Infante, Elio Montaño y Oscar Silva.","Miguel Rugilo; Cardoso y Bores; Fernando Gianserra, Enrique Brunetti e Hidalgo; Chirico, Burgos, González, Aguilar y Cesáreo.",20 GOL Oscar Silva (HUR)</br>70 GOL Ricardo Infante (HUR),45,90,0,0,Foto,Formación,Camiseta
04/10/1955,Pedernera,visitante,victoria,1,0,Peñarol (Uruguay),Amistoso 1955,Centenario (Montevideo),desconocido,-,"Maidana; Davoine y Martínez; Rodríguez Andrade (46 J C González), Salvador (46 Varela) y Barrios; Cruz, Hohberg, Míguez (46 Romay), Toja (50 González Plada) y Mónaco (50 Galván).",sin datos,45,90,0,0,Foto,Formación,Camiseta
06/10/1955,Pedernera,visitante,empate,2,2,Nacional (Uruguay),Amistoso 1955,Centenario (Montevideo),Washington Rodríguez (Uruguay),"Edgardo Madinabeytia; Carlos Scherl y Juan M Filgueiras; Santiago Ardanaz, Víctor Rodríguez y Héctor D'Angelo; Félix Respuela, Oscar Rossi (Vicente Gambardella), Ricardo Infante (Alberto Evaristo), Elio Montaño y Oscar Silva (Omar Rossi).","Mario Mussi; Raúl Pini y José Santamaría; Juan C Cantos (Waldemar González), Héctor Ramos y Eduardo Grolla; Omar Méndez, Antonio García, Alberto Chagas, Julio Pérez (Danilo Dibot) y Guillermo Escalada.",GOL González (HUR) -penal-</br>GOL Omar Méndez (HUR)</br>GOL Ricardo Infante (HUR)</br>GOL Alberto Evaristo (HUR),45,90,0,0,Foto,Formación,Camiseta
09/10/1955,Pedernera,visitante,derrota,1,2,River Plate,20° fecha del Campeonato 1955,Monumental,Lamolina,"Edgardo Madinabeytia; Carlos Scherl y Juan M Filgueiras; Santiago Ardanaz, Víctor Rodríguez y Héctor D'Angelo; Félix Respuela, Oscar Rossi, Ricardo Infante, Elio Montaño y Oscar Silva.","Amadeo Carrizo; Mantegari, Venini y Vairo; Omar Sívori, Néstor Rossi y Pascasio Sola; Santiago Vernazza, Norberto Menéndez, Ángel Labruna y Félix Loustau.",1 GOL Elio Montaño (HUR)</br>46 GOL Norberto Menéndez (RPL)</br>48 GOL Norberto Menéndez (RPL)</br>85 EXP Víctor Rodríguez (HUR),45,90,0,0,Foto,Formación,Camiseta
16/10/1955,Pedernera,local,victoria,2,0,Gimnasia y Esgrima (La Plata),21° fecha del Campeonato 1955,Gasómetro,Wilbraham,"Edgardo Madinabeytia; Carlos Scherl y Juan M Filgueiras; Santiago Ardanaz, Víctor Rodríguez y Héctor D'Angelo; Félix Respuela, Oscar Rossi, Alberto Evaristo, Elio Montaño y Oscar Silva.","Gerónimo; Ambrosi y Carboni; Schandlein, Cortiñas y Smargiassi; Pentrelli, Papa, Loiácono, Martínez y Barci.",26 GOL Félix Respuela (HUR)</br>83 GOL Oscar Silva (HUR),45,90,0,0,Foto,Formación,Camiseta
23/10/1955,Pedernera,visitante,victoria,4,1,Newell's Old Boys (Rosario),22° fecha del Campeonato 1955,Parque Independencia (Rosario),Burfield,"Edgardo Madinabeytia; Carlos Scherl y Juan M Filgueiras; Santiago Ardanaz, Víctor Rodríguez y Héctor D'Angelo; Félix Respuela, Oscar Rossi, Ricardo Infante, Elio Montaño y Oscar Silva.","Righi; Danelutti y Coronel; Boveri, Ramacciotti y Miralles; Carranza, Picot, Bernardo, Carranza y Yudica.",8 GOL Bernardo (NOB)</br>24 GOL Ricardo Infante (HUR)</br>47 GOL Elio Montaño (HUR)</br>53 GOL Oscar Rossi (HUR)</br>75 GOL Félix Respuela (HUR),45,90,0,0,Foto,Formación,Camiseta
30/10/1955,Pedernera,visitante,victoria,3,0,Chacarita Juniors,23° fecha del Campeonato 1955,San Martín,Lynch,"Edgardo Madinabeytia; Carlos Scherl y Juan M Filgueiras; Santiago Ardanaz, Víctor Rodríguez y Héctor D'Angelo; Félix Respuela, Oscar Rossi, Alberto Evaristo, Elio Montaño y Oscar Silva.","Goldbaum; Molinari y Ferrero; Pegnotti, Montero y Moreno; Otero, Barreiro, Ravelli, Pavez y Busico.",55 GOL Oscar Rossi (HUR)</br>57 GOL Elio Montaño (HUR)</br>64 GOL Elio Montaño (HUR),45,90,0,0,Foto,Formación,Camiseta
06/11/1955,Pedernera,local,empate,1,1,Ferro C. Oeste,24° fecha del Campeonato 1955,Gasómetro,Elliot,"Edgardo Madinabeytia; Carlos Scherl y Juan M Filgueiras; Santiago Ardanaz, Víctor Rodríguez y Héctor D'Angelo; Félix Respuela, Oscar Rossi, Alberto Evaristo, Elio Montaño y Oscar Silva.","Roma; Pirone y Alonso; Salas, Diez y Devita; Alberto Dezorzi, Berón, Catoira, González y Piovano.",59 GOL Alberto Evaristo (HUR) -penal-</br>68 GOL González (FCO),45,90,0,0,Foto,Formación,Camiseta
13/11/1955,Pedernera,visitante,derrota,0,1,Lanús,25° fecha del Campeonato 1955,Lanús,Spinetto,"Edgardo Madinabeytia; Carlos Scherl y Juan M Filgueiras; Santiago Ardanaz, Víctor Rodríguez y Héctor D'Angelo; Félix Respuela, Oscar Rossi, Ricardo Infante, Elio Montaño y Oscar Silva.","Álvarez Vega; Prato y Beltrán; Daponte, Guidi y Juan A Bendazzi; Fernández, Gil, Cejas, Lugo y Moyano.",39 GOL Fernández (LAN),45,90,0,0,Foto,Formación,Camiseta
20/11/1955,Pedernera,local,derrota,0,3,Independiente,26° fecha del Campeonato 1955,Gasómetro,Cross,"Edgardo Madinabeytia; Carlos Scherl y Juan M Filgueiras; Santiago Ardanaz, Víctor Rodríguez y Héctor D'Angelo; Félix Respuela, Oscar Rossi, Ricardo Infante, Ernesto Antón y Oscar Silva.","Abraham; Barraza y Mousegne; Zorzenón, J Varacka y E Varacka; Rodolfo Micheli, Juárez, Cervino, Grillo y Cruz.",72 GOL Cervino (IND)</br>82 GOL Cervino (IND)</br>86 GOL Cervino (IND),45,90,0,0,Foto,Formación,Camiseta
27/11/1955,Pedernera,visitante,empate,4,4,Platense,27° fecha del Campeonato 1955,Saavedra,Lynch,"Edgardo Madinabeytia; Carlos Scherl y Juan M Filgueiras; Santiago Ardanaz, Víctor Rodríguez y Omar Rossi; Félix Respuela, Oscar Rossi, Ricardo Infante, Ernesto Antón y Oscar Silva.","Domínguez; Doval y Menéndez; Díaz, Maldonado y Molina; Murúa, Báez, López, Corton y Heraldo Ferreyro.",11 GOL Corton (PLA)</br>26 GOL Menéndez (PLA) -penal-</br>40 GOL Ricardo Infante (HUR)</br>44 GOL Félix Respuela (HUR)</br>46 GOL Oscar Silva (HUR)</br>56 GOL Ricardo Infante (HUR) -penal-</br>71 GOL López (PLA)</br>85 GOL López (PLA),45,90,0,0,Foto,Formación,Camiseta
04/12/1955,Pedernera,local,derrota,1,2,Estudiantes (La Plata),28° fecha del Campeonato 1955,Gasómetro,Cross,"Edgardo Madinabeytia; Carlos Scherl y Juan M Filgueiras; Santiago Ardanaz, Víctor Rodríguez y Héctor D'Angelo; Félix Respuela, Oscar Rossi, Ricardo Infante, Alberto Evaristo y Oscar Silva.","Gioffré; Álvarez y Carriquiri; Colombo, Juan B Romo y Bouché; Cuevas, Molina, Rolando, Arizaga y Manuel Pelegrina.",19 GOL Rolando (ELP)</br>77 GOL Molina (ELP)</br>86 GOL Alberto Evaristo (HUR),45,90,0,0,Foto,Formación,Camiseta
08/12/1955,Pedernera,visitante,empate,1,1,Rosario Central,29° fecha del Campeonato 1955,Arroyito (Rosario),Nai Foino,"Edgardo Madinabeytia; Carlos Scherl y Antonio Leone; Santiago Ardanaz, Víctor Rodríguez y Héctor D'Angelo; Félix Respuela, Oscar Rossi, Ricardo Infante, Alberto Evaristo y Oscar Silva.","Américo Tissera; Biagioli y Cardoso; Ducca, Minni y La Rosa; Germán Tissera, Gauna, Saliadarré, Massei y Vilariño.",12 GOL Massei (RCE)</br>17 GOL Ricardo Infante (HUR),45,90,0,0,Foto,Formación,Camiseta
11/12/1955,Pedernera,local,derrota,2,3,San Lorenzo de Almagro,30° fecha del Campeonato 1955,La Bombonera,Ventre,"Edgardo Madinabeytia; Carlos Scherl y Antonio Leone; Santiago Ardanaz, Víctor Rodríguez y Héctor D'Angelo; Félix Respuela, Oscar Rossi, Ricardo Infante, Horacio Onzari y Oscar Silva.","Galelli; Castillo y Federico Pizarro; Resquín, Saba y Jorge Benegas; Jofré, Coll, Benavídez, Sanfilippo y López.",1 GOL López (SLA)</br>42 GOL Ricardo Infante (HUR)</br>44 GOL Félix Respuela (HUR)</br>47 GOL José Sanfilippo (SLA)</br>82 GOL Benavídez (SLA),45,90,0,0,Foto,Formación,Camiseta
14/12/1955,Pedernera,visitante,victoria,2,0,Centro Iqueño (Ecuador),Gira por América 1956 (amistoso),Nacional (Lima),desconocido,-,-,sin datos,45,90,0,0,Foto,Formación,Camiseta
17/12/1955,Pedernera,visitante,empate,0,0,Universitario (Perú),Gira por América 1956 (amistoso),Nacional (Lima),-,-,-,sin datos,45,90,0,0,Foto,Formación,Camiseta
20/12/1955,Pedernera,visitante,empate,3,3,Alianza Lima (Perú),Gira por América 1956 (amistoso),Nacional (Lima),Tejada,"Edgardo Madinabeytia; Santiago Ardanaz y Juan M Filgueiras; Héctor D'Angelo, Víctor Rodríguez y Omar Rossi; Félix Respuela, Oscar Rossi, Ricardo Infante, Elio Montaño y Oscar Silva.","Paredes; Delgado y Garrido; Heredia, Velásquez y Carlos Lazón; Castillo, Bobadillo, Mosquera, Castillo y Gómez Sánchez.  Valeriano López.",16 GOL Félix Respuela (HUR)</br>36 GOL Mosquera (ALI)</br>83 GOL Mosquera (ALI)</br>45 GOL Ricardo Infante (HUR)</br>80 GOL Víctor Rodríguez (HUR),45,90,0,0,Foto,Formación,Camiseta
22/12/1955,Pedernera,visitante,derrota,2,3,Barcelona (Ecuador),Gira por América 1956 (amistoso),Capwell (Guayaquil),desconocido,"Edgardo Madinabeytia; Carlos Scherl (Omar Rossi) y Juan M Filgueiras (Antonio Leone) y Héctor D'Angelo; Santiago Ardanaz y Víctor Rodríguez; Félix Respuela, Oscar Rossi, Ricardo Infante, Elio Montaño y Oscar Silva.","Ansaldo; Jurado (Valencia), Sánchez y Macías; Solórzano y Alume; Salcedo, Cantos, Chuchuca (Balseca), S Cañarte (Larraz) y C Cañarte.",PT GOL C Cañarte (BAR)</br>ST GOL S Cañarte (BAR)</br>ST GOL Oscar Silva (HUR)</br>ST GOL Ricardo Infante (HUR)</br>ST GOL Salcedo (BAR),45,90,0,0,Foto,Formación,Camiseta
00/12/1955,Pedernera,visitante,victoria,1,0,Marte (El Salvador),Gira por América 1956 (amistoso),(San Salvador),desconocido,-,-,sin datos,45,90,0,0,Foto,Formación,Camiseta
00/12/1955,Pedernera,visitante,victoria,5,2,Marte (El Salvador),Gira por América 1956 (amistoso),(San Salvador),desconocido,-,-,sin datos,45,90,0,0,Foto,Formación,Camiseta
00/01/1956,Pedernera,visitante,empate,1,1,Juventud Olímpica (El Salvador),Gira por América 1956 (amistoso),(San Salvador),desconocido,-,-,sin datos,45,90,0,0,Foto,Formación,Camiseta
03/01/1956,Pedernera,visitante,victoria,3,2,Herediano (Costa Rica),1° fecha del Cuadrangular de Costa Rica 1956 (amistoso),Nacional (Costa Rica),desconocido,"Edgardo Madinabeytia; Carlos Scherl (Antonio Leone) y Juan M Filgueiras; Santiago Ardanaz, Víctor Rodríguez y Héctor D'Angelo; Félix Respuela (Vicente Gambardella), Oscar Rossi, Ricardo Infante, Elio Montaño (Alberto Evaristo) y Oscar Silva.","Campos (Alvarado); Solís y Murillo; Campos, Roldán y Sánchez (Vargas); Armijo (González), Meza, Montero, Esquivel y Goñi.",GOL Félix Respuela (HUR)</br>GOL Elio Montaño (HUR)</br>GOL Goñi (HER)</br>GOL Goñi (HER)</br>GOL Alberto Evaristo (HUR),45,90,0,0,Foto,Formación,Camiseta
06/01/1956,Pedernera,visitante,derrota,1,2,Saprissa (Costa Rica),2° fecha del Cuadrangular de Costa Rica 1956 (amistoso),Nacional (Costa Rica),desconocido,"Edgardo Madinabeytia; Antonio Leone y Juan M Filgueiras; Ricardo Urquijo, Víctor Rodríguez y Héctor D'Angelo; Félix Respuela, Oscar Rossi, Ricardo Infante, Alberto Evaristo y Oscar Silva  Entraron Elio Montaño y Gamboa.","Pérez; G Rodríguez y Cordero; Sánchez, Valenciano y Quirós; Araya, Monge, Murillo, Goñi y Jiménez  González y Hernández.",GOL Oscar Rossi (HUR)</br>GOL Cordero (SAP)</br>GOL Goñi (SAP),45,90,0,0,Foto,Formación,Camiseta
12/01/1956,Pedernera,neutral,derrota,2,3,Lanús,3° fecha del Cuadrangular de Costa Rica 1956 (amistoso),Nacional (Costa Rica),Alfaro,"Edgardo Madinabeytia; Carlos Scherl y Juan M Filgueiras; Ricardo Urquijo, Víctor Rodríguez y Omar Rossi; Félix Respuela, Vicente Gambardella, Ricardo Infante, Elio Montaño y Adolfo Pedernera.","Álvarez Vega; Pratto y Beltrán; Juan A Bendazzi, Guido y José Nazionale; Fernández (García), Gil, Cejas, Lugo y Moyano.",3 GOL Fernández (LAN)</br>16 GOL Gil (LAN)</br>20 GOL Moyano (LAN)</br>54 GOL Ricardo Infante (HUR) -penal-</br>59 GOL Ricardo Infante (HUR),45,90,0,0,Foto,Formación,Camiseta
15/01/1956,Pedernera,visitante,victoria,3,1,Nacional (Colombia),Gira por América 1956 (amistoso),Atanasio Girardot (Medellín),desconocido,-,-,sin datos,45,90,0,0,Foto,Formación,Camiseta
22/01/1956,Pedernera,visitante,victoria,2,0,Independiente Medellín (Colombia),Gira por América 1956 (amistoso),Atanasio Girardot (Medellín),desconocido,-,-,sin datos,45,90,0,0,Foto,Formación,Camiseta
25/01/1956,Pedernera,neutral,victoria,5,2,Chalaco (Perú),Gira por América 1956 (amistoso),Palogrande (Manizales),desconocido,-,-,sin datos,45,90,0,0,Foto,Formación,Camiseta
29/01/1956,Pedernera,visitante,victoria,6,2,Millonarios (Colombia),Cuadrangular de Manizales 1956 (amistoso),Palogrande (Manizales),desconocido,-,"Adolfo Pedernera",sin datos,45,90,0,0,Foto,Formación,Camiseta
03/02/1956,Pedernera,neutral,empate,2,2,Tigre,Gira por América 1956 (amistoso),(Willemstad),desconocido,"Nicolás Giannattasio, Alberto Pogliani",-,GOL Aguilar (TIG)</br>GOL Sánchez García (TIG),45,90,0,0,Foto,Formación,Camiseta
14/02/1956,Pedernera,visitante,empate,0,0,Independiente Medellín (Colombia),Gira por América 1956 (amistoso),Atanasio Girardot (Medellín),desconocido,"Edgardo Madinabeytia; Ricardo Urquijo, Sherl y Francisco Zuluaga; Víctor Rodríguez y Santiago Ardanaz; Félix Respuela, Oscar Rossi, Adolfo Pedernera, Ricardo Infante y Horacio Onzari.","Efraín Sánchez; Francisco Pacheco, Lauro Rodríguez y Hernando Caicedo; Lorenzo Calonga y Pedro Retamozo; Orlando Larraz, René Seghini, Pizarro, Carlos Arango y José Moreno.",sin datos,45,90,0,0,Foto,Formación,Camiseta
15/02/1956,Pedernera,neutral,empate,1,1,Nacional (Colombia),Gira por América 1956 (amistoso),Coloso (Ibagué),desconocido,-,-,GOL José Lanza (NAC)</br>GOL Oscar Rossi (HUR),45,90,0,0,Foto,Formación,Camiseta
18/03/1956,Pedernera,neutral,derrota,1,3,San Lorenzo de Almagro,Semifinal de la Copa Cincuentenario de Talleres 1956 (amistoso),Talleres,Abad,"Botazzi (Rodríguez); Orlando Peloso y Schossow; Castro (Oneto), Sanni y Dellapi; Lavotrico (Álvarez), Oscar Rossi (Vicente Gambardella), Alcántara (Pascual), M Rodríguez (Dipierre) y Ferri (Ventro).","Festa; Breccia y Neveleff; López, Ledesma y Leguía; Jofré, Ruiz, Martínez (Dequarti), Marcoantonio (Giaché) y Juan A Portaluppi.",sin datos,45,90,0,0,Foto,Formación,Camiseta
02/04/1956,Peucelle,visitante,derrota,1,2,Liga de Mar del Plata,Pretemporada 1956 (amistoso),(Mar del Plata),desconocido,"Edgardo Madinabeytia (Botazzi); Carlos Scherl y Orlando Peloso; Santiago Ardanaz, Víctor Rodríguez y Fain; Félix Respuela, Oscar Rossi, Ricardo Infante, Elio Montaño y Camaño.","Elías; Zalazar y Della Torre; Rodríguez, Abel Pacheco y Carruther; Luque, Cornejo (Borgnia), Otegui, García y Lobianco.",GOL Lobianco (MDP)</br>GOL Elio Montaño (HUR)</br>GOL Borgnia (MDP),45,90,0,0,Foto,Formación,Camiseta
15/04/1956,Peucelle,visitante,empate,1,1,Ferro C. Oeste,1° fecha del Campeonato 1956,Caballito,Barani,"Edgardo Madinabeytia; Carlos Scherl y Juan M Filgueiras; Santiago Ardanaz, Víctor Rodríguez y Ángel Zof; Félix Respuela, Oscar Rossi, Ricardo Infante, Elio Montaño y Alberto Violi.","Roma; Pirone y Alonso; Salas, Diez y Devita; Velárdez, Berón, Calvanese, Martínez y Garabal.",51 GOL Oscar Rossi (HUR)</br>73 GOL Calvanese (FCO),45,90,0,0,Foto,Formación,Camiseta
22/04/1956,Peucelle,visitante,derrota,0,1,Vélez Sarsfield,2° fecha del Campeonato 1956,Vélez Sarsfield,Spinetto,"Edgardo Madinabeytia; Carlos Scherl y Juan M Filgueiras; Santiago Ardanaz, Víctor Rodríguez y Ángel Zof; Félix Respuela, Oscar Rossi, Ricardo Infante, Elio Montaño y Alberto Violi.","Marapodi; Huss y Allegri; Bosich, Jorge Ruiz y Simeone; Ernesto Sansone, Norberto Conde, Ferraro, López Espinosa y Manzi.",25 GOL Ernesto Sansone (VSA),45,90,0,0,Foto,Formación,Camiseta
28/04/1956,Peucelle,local,empate,1,1,River Plate,3° fecha del Campeonato 1956,Vélez Sarsfield,Brozzi,"Edgardo Madinabeytia; Carlos Scherl y Juan M Filgueiras; Santiago Ardanaz, Víctor Rodríguez y Ángel Zof; Félix Respuela, Oscar Rossi, Ricardo Infante, Alberto Evaristo y Alberto Violi.","Amadeo Carrizo; Mantegari, Pérez y Vairo; Eliseo Prado, Néstor Rossi y Pascasio Sola; Vernazza, Lara, Omar Sívori y Zárate.",32 GOL Lara (RPL)</br>77 GOL Alberto Violi (HUR),45,90,0,0,Foto,Formación,Camiseta
06/05/1956,Peucelle,visitante,victoria,1,0,Newell's Old Boys (Rosario),4° fecha del Campeonato 1956,Parque Independencia (Rosario),Cross,"Edgardo Madinabeytia; Orlando Peloso y Juan M Filgueiras; Santiago Ardanaz, Víctor Rodríguez y Ángel Zof; Félix Respuela, Oscar Rossi, Ricardo Infante, Horacio Onzari y Jorge Diz.","Masuelli; Griffa y Coronel; Mastrogiuseppe, Sanguinetti y Echeverría; Nardiello, Picot, García, Toranzo y Urquiza.",20 GOL Horacio Onzari (HUR),45,90,0,0,Foto,Formación,Camiseta
13/05/1956,Peucelle,local,empate,1,1,Gimnasia y Esgrima (La Plata),5° fecha del Campeonato 1956,Gasómetro,desconocido,"Edgardo Madinabeytia; Orlando Peloso y Juan M Filgueiras; Santiago Ardanaz, Víctor Rodríguez y Ángel Zof; Félix Respuela, Oscar Rossi, Ricardo Infante, Horacio Onzari y Jorge Diz.","Gerónimo; Ambrosi y Carboni; Miranda, Schandlein y Smargiassi; Pentrelli, Eduardo V Domínguez, Loiácono, Maravilla y Bonelli.",74 GOL Bonelli (GLP)</br>78 GOL Oscar Rossi (HUR),45,90,0,0,Foto,Formación,Camiseta
20/05/1956,Peucelle,visitante,empate,1,1,Racing Club,6° fecha del Campeonato 1956,El Cilindro,Jaoo,"Edgardo Madinabeytia; Orlando Peloso y Juan M Filgueiras; Santiago Ardanaz, Víctor Rodríguez y Ángel Zof; Félix Respuela, Oscar Rossi, Roberto Roche, Alberto Evaristo y Jorge Diz.","Rogelio Domínguez; Pedro Dellacha y García Pérez; Giménez, Vladislao Cap y Sivo; Corbatta, Humberto Maschio, Blanco, A Rodríguez y Mendiburu.",39 GOL A Rodríguez (RAC)</br>67 GOL Orlando Peloso (HUR),45,90,0,0,Foto,Formación,Camiseta
27/05/1956,Peucelle,local,derrota,2,4,Lanús,7° fecha del Campeonato 1956,Gasómetro,Turner,"Edgardo Madinabeytia; Orlando Peloso y Juan M Filgueiras; Santiago Ardanaz, Víctor Rodríguez y Ángel Zof; Félix Respuela, Oscar Rossi, Roberto Roche, Alberto Evaristo y Jorge Diz.","Álvarez Vega; Prato y Beltrán; Juan A Bendazzi, Guidi y Ramos Delgado; Fernández, Lugo, Cejas, Reynoso y Moyano.",2 GOL Moyano (LAN)</br>7 GOL Cejas (LAN)</br>13 GOL Alberto Evaristo (HUR)</br>24 GOL Orlando Peloso (HUR)</br>47 GOL Reynoso (LAN)</br>89 GOL Moyano (LAN),45,90,0,0,Foto,Formación,Camiseta
03/06/1956,Peucelle,visitante,victoria,6,0,Argentinos Juniors,8° fecha del Campeonato 1956,Caballito,Cross,"Edgardo Madinabeytia; Orlando Peloso y Juan M Filgueiras; Santiago Ardanaz, Víctor Rodríguez y Ángel Zof; Félix Respuela, Oscar Rossi, Alberto Evaristo, Horacio Onzari y Jorge Diz.","Madeira; Mascarello y Miguel Vidal; Di Stéfano, Pederzoli y Orlando Nappe; José Carbone, Oscar Martín, Nakwacki, Panzuto y Sciarra.",2 GOL Oscar Rossi (HUR)</br>10 GOL Jorge Diz (HUR)</br>18 GOL Orlando Peloso (HUR)</br>48 GOL Jorge Diz (HUR)</br>54 GOL Félix Respuela (HUR)</br>88 GOL Oscar Rossi (HUR) -penal-,45,90,0,0,Foto,Formación,Camiseta
09/06/1956,Peucelle,local,derrota,2,4,San Lorenzo de Almagro,9° fecha del Campeonato 1956,Vélez Sarsfield,Lynch,"Edgardo Madinabeytia; Orlando Peloso y Juan M Filgueiras; Santiago Ardanaz, Víctor Rodríguez y Ángel Zof; Félix Respuela, Oscar Rossi, Ricardo Infante, Horacio Onzari y Jorge Diz.","Carrillo; Breccia y Neveleff; Martina, Minteguía y Jorge Benegas; Berni, Martínez, D'Alessandro, Sanfilippo y Juan A Portaluppi.",11 GOL Berni (SLA)</br>26 GOL Horacio Onzari (HUR)</br>38 GOL Juan A Portaluppi (SLA)</br>41 GOL Martínez (SLA)</br>62 GOL D'Alessandro (SLA)</br>79 GOL Horacio Onzari (HUR),45,90,0,0,Foto,Formación,Camiseta
15/07/1956,Lúpiz,visitante,empate,0,0,Chacarita Juniors,10° fecha del Campeonato 1956,San Martín,Turner,"Enrique Gorla; José Trobatto y Juan C Pedano; Héctor Algañarás, Roberto Thiem y Rodolfo González; Héctor Rueduch, Rodolfo Marándola, Alberto Estrach, Ernesto Antón y Jorge Diz.","Segundo Díaz; Molinari y Mariotti; Pegnotti, Gauthier y Bevilacqua; Otero, Baiocco, Ravelli, Etcheverry y Roberto Brookes.",1° Tiempo: Chacarita 0x0 Huracán,45,90,0,0,Foto,Formación,Camiseta
22/07/1956,Lúpiz,local,victoria,2,1,Tigre,11° fecha del Campeonato 1956,El Palacio,Ventre,"Enrique Gorla; José Trobatto y Juan C Pedano; Héctor Algañarás, Roberto Thiem y Rodolfo González; Héctor Rueduch, Rodolfo Marándola, Alberto Estrach, Héctor Aramendi y Jorge Diz.","Miguel Rugilo; Oscar Gaggino y Bores; Fernando Gianserra, Ravecca y Hidalgo; De Bourgoing, Norberto Méndez, Cesáreo, Druziuk y Gómez.",56 GOL Héctor Rueduch (HUR)</br>65 GOL Héctor Aramendi (HUR)</br>85 GOL De Bourgoing (TIG),45,90,0,0,Foto,Formación,Camiseta
29/07/1956,Lúpiz,visitante,derrota,1,5,Rosario Central,12° fecha del Campeonato 1956,Arroyito (Rosario),Cross,"Enrique Gorla; José Trobatto y Juan C Pedano; Héctor Algañarás, Eugenio Almirón y Rodolfo González; Héctor Rueduch, Rodolfo Marándola, Alberto Estrach, Héctor Aramendi y Jorge Diz.","Ormeño; Biagioli y Lombardi; Álvarez, Minni y Poi; Mottura, Appicciafocco, Juárez, Castro y Giménez.",12 GOL Castro (RCE)</br>37 GOL Héctor Rueduch (HUR)</br>46 GOL Mottura (RCE)</br>66 GOL Giménez (RCE)</br>76 GOL Castro (RCE)</br>89 GOL Giménez (RCE),45,90,0,0,Foto,Formación,Camiseta
05/08/1956,Lúpiz,local,empate,1,1,Estudiantes (La Plata),13° fecha del Campeonato 1956,El Palacio,Regis Brozzi,"Enrique Gorla; José Trobatto y Juan C Pedano; Héctor Algañarás, Eugenio Almirón y Rodolfo González; Héctor Rueduch, Osvaldo Crosta, Alberto Estrach, Héctor Aramendi y Jorge Diz.","Giambartolomei; Ayala y Miotti; Fernández, Carriquiri y Urriolabeitia; Ruggeri, Molina, Monteserín, Di Loreto y Cazaubón.",29 GOL Cazabón (ELP)</br>64 GOL Jorge Diz (HUR),45,90,0,0,Foto,Formación,Camiseta
12/08/1956,Lúpiz,visitante,derrota,0,3,Independiente,14° fecha del Campeonato 1956,Doble Visera,Oguiza,"Alberto E González; José Trobatto y Juan C Pedano; Héctor Algañarás, Eugenio Almirón y Osvaldo Deveza; Héctor Rueduch, Osvaldo Crosta, Norberto Vitullo, Héctor Aramendi y Jorge Diz.","Julio Cozzi; Maldonado y Navarro; Britos, Varacka y Urriste; Rodolfo Micheli, Abeledo, Villegas, Grillo y Cruz.",44 GOL Abeledo (IND)</br>57 GOL Cruz (IND)</br>59 GOL Grillo (IND),45,90,0,0,Foto,Formación,Camiseta
17/08/1956,Lúpiz,visitante,victoria,6,2,Liga de La Pampa,Amistoso 1956 (fecha patria),(Gral. Pico),desconocido,-,-,sin datos,45,90,0,0,Foto,Formación,Camiseta
19/08/1956,Lúpiz,visitante,victoria,4,0,Liga de Santa Rosa,Amistoso 1956 (fecha patria),(Liga Cultural),desconocido,-,-,sin datos,45,90,0,0,Foto,Formación,Camiseta
26/08/1956,Lúpiz,local,derrota,1,2,Boca Juniors,15° fecha del Campeonato 1956,El Palacio,Lamolina,"Alberto E González; José Trobatto y Juan C Pedano; Héctor Algañarás, Eugenio Almirón y Oscar Villano; Héctor Rueduch, Osvaldo Crosta, Roberto Roche, Héctor Aramendi y Jorge Diz.","Musimessi; Colman y Edwards; Desanzo, Arcos y Moreno; H González, Zubeldía, Antonio Angelillo, Roselló y Cucchiaroni.",9 GOL Antonio Angelillo (BJU)</br>52 GOL Antonio Angelillo (BJU)</br>76 GOL Roberto Roche (HUR),45,90,0,0,Foto,Formación,Camiseta
02/09/1956,Lúpiz,local,derrota,0,1,Ferro C. Oeste,16° fecha del Campeonato 1956,El Palacio,Nai Foino,"Alberto E González; José Trobatto y Juan C Pedano; Héctor Algañarás, Eugenio Almirón y Oscar Villano; Germán Tissera, Osvaldo Crosta, Roberto Roche, Héctor Aramendi y Jorge Diz.","Roma; Cúccaro y Alonso; Salas, Devita y Mogaburu; Fox, Juárez, Calvanese, Linares y Garabal.",41 GOL Garabal (FCO),45,90,0,0,Foto,Formación,Camiseta
09/09/1956,Lúpiz,local,derrota,1,2,Vélez Sarsfield,17° fecha del Campeonato 1956,El Palacio,Jaoo,"Alberto E González; José Trobatto y Juan C Pedano; Alfredo Castro, Eugenio Almirón y Oscar Villano; Germán Tissera, Osvaldo Crosta, Roberto Roche, Héctor Aramendi y Mario Campos.","Adamo; Huss y Allegri; García Fierro, Bosich y Simeone; Ernesto Sansone, Avio, Ferraro, López Espinosa y Manzi.",11 GOL Ferraro (VSA)</br>65 GOL Germán Tissera (HUR)</br>75 GOL Ferraro (VSA),45,90,0,0,Foto,Formación,Camiseta
16/09/1956,Lúpiz,visitante,derrota,0,3,River Plate,18° fecha del Campeonato 1956,Monumental,Ventre,"Alberto E González; José Trobatto y Juan C Pedano; Alfredo Castro, Eugenio Almirón y Oscar Villano; Germán Tissera, Osvaldo Crosta, Roberto Roche, Héctor Aramendi y Mario Campos.","Amadeo Carrizo; Mantegari, Pérez y Vairo; Omar Sívori, Néstor Rossi y Pascasio Sola; José Sánchez, Santiago Vernazza, Ángel Labruna y Zárate.",2 GOL Omar Sívori (RPL)</br>27 GOL Omar Sívori (RPL)</br>72 GOL Zárate (RPL),45,90,0,0,Foto,Formación,Camiseta
23/09/1956,Pedernera,local,empate,2,2,Newell's Old Boys (Rosario),19° fecha del Campeonato 1956,El Palacio,Cross,"Edgardo Madinabeytia; Orlando Peloso y Juan C Pedano; Oscar Sanz, Eugenio Almirón y Oscar Villano; Félix Respuela, Osvaldo Crosta, Horacio Onzari, Oscar Rossi y Jorge Diz.","Righi; Semprini y Fontana; Boveri, Sanguinetti y Miralles; Nardiello, Puppo, García, Picot y Pereyra.",44 GOL Nardiello (NOB)</br>47 GOL Horacio Onzari (HUR)</br>59 GOL Félix Respuela (HUR)</br>65 GOL Pereyra (NOB),45,90,0,0,Foto,Formación,Camiseta
30/09/1956,Pedernera,visitante,empate,2,2,Gimnasia y Esgrima (La Plata),20° fecha del Campeonato 1956,El Bosque (La Plata),Spinetto,"Edgardo Madinabeytia; Orlando Peloso y Juan C Pedano; Oscar Sanz, Eugenio Almirón y Oscar Villano; Félix Respuela, Osvaldo Crosta, Horacio Onzari, Oscar Rossi y Jorge Diz.","Gerónimo; Ambrosi y Carboni; Novarini, Schandlein y Smargiassi; Pentrelli, Eduardo V Domínguez, Loiácono, Martínez y Bonelli.",38 GOL Orlando Peloso (HUR)</br>58 GOL Félix Respuela (HUR)</br>65 GOL Martínez (GLP)</br>85 GOL Smargiassi (GLP),45,90,0,0,Foto,Formación,Camiseta
07/10/1956,Pedernera,local,derrota,1,3,Racing Club,21° fecha del Campeonato 1956,El Palacio,Regis Brozzi,"Edgardo Madinabeytia; Orlando Peloso y Juan C Pedano; Oscar Sanz, Eugenio Almirón y Oscar Villano; Félix Respuela, Oscar Rossi, Horacio Onzari, Osvaldo Crosta y Jorge Diz.","Rogelio Domínguez; Pedro Dellacha y García Pérez; Giménez, Vladislao Cap y Sivo; Corbatta, Humberto Maschio, Blanco, Pizzuti y Mendiburu.",35 GOL Oscar Rossi (HUR)</br>41 GOL Blanco (RAC)</br>66 GOL Mendiburu (RAC)</br>67 GOL Blanco (RAC),45,90,0,0,Foto,Formación,Camiseta
14/10/1956,Pedernera,visitante,derrota,1,4,Lanús,22° fecha del Campeonato 1956,Lanús,Ventre,"Edgardo Madinabeytia; Orlando Peloso y Juan M Filgueiras; Oscar Sanz, Eugenio Almirón y Oscar Villano; Félix Respuela, Oscar Rossi, Horacio Onzari, Osvaldo Crosta y Oscar Silva.","Piromalli; Ramos Delgado y Juan A Bendazzi; Daponte, Guidi y José Nazionale; Carranza, Lugo, Rojas, Reynoso y Mastruantoni.",20 LES Félix Respuela (HUR)</br>39 GOL Reynoso (LAN)</br>71 GOL Lugo (LAN)</br>75 GOL Rojas (LAN)</br>77 GOL Horacio Onzari (HUR)</br>85 GOL Rojas (LAN),45,90,0,0,Foto,Formación,Camiseta
21/10/1956,Pedernera,local,victoria,5,3,Argentinos Juniors,23° fecha del Campeonato 1956,El Palacio,Jaoo,"Edgardo Madinabeytia; Orlando Peloso y Juan M Filgueiras; Oscar Sanz, Eugenio Almirón y Oscar Villano; Germán Tissera, Oscar Rossi, Ricardo Infante, Horacio Onzari y Oscar Silva.","Favalli; Mascarello y García; Di Stéfano, Pederzoli y Orlando Nappe; O Martín, J Martín, Kuyper, Trigili y Sciarra.",8 GOL Horacio Onzari (HUR)</br>18 GOL Orlando Peloso (HUR)</br>23 GOL Orlando Nappe (AJU)</br>25 GOL Kuyper (AJU)</br>36 GOL Ricardo Infante (HUR)</br>42 GOL García (AJU)</br>53 GOL Horacio Onzari (HUR)</br>64 GOL Ricardo Infante (HUR),45,90,0,0,Foto,Formación,Camiseta
28/10/1956,Pedernera,visitante,victoria,1,0,San Lorenzo de Almagro,24° fecha del Campeonato 1956,Gasómetro,Praddaude,"Edgardo Madinabeytia; Orlando Peloso y Juan M Filgueiras; Oscar Sanz, Eugenio Almirón y Oscar Villano; Germán Tissera, Oscar Rossi, Ricardo Infante, Horacio Onzari y Oscar Silva.","O Martínez; Federico Pizarro y David Iñigo; Martina, Cavallo y Jorge Benegas; Jofré, R Martínez, López, Sanfilippo y Pizarro.",35 GOL Horacio Onzari (HUR),45,90,0,0,Foto,Formación,Camiseta
01/11/1956,Pedernera,local,victoria,3,1,Chacarita Juniors,25° fecha del Campeonato 1956,El Palacio,Turner,"Edgardo Madinabeytia; Orlando Peloso y Juan M Filgueiras; Oscar Sanz, Jorge Turco y Oscar Villano; Germán Tissera, Oscar Rossi, Ricardo Infante, Horacio Onzari y Oscar Silva.","Segundo Díaz; Fernández y Mariotti; Bevilacqua, Gauthier y Pegnotti; Nonis, Abba, Vega, Etcheverry y Roberto Brookes.",35 GOL Orlando Peloso (HUR)</br>48 GOL Roberto Brookes (CHJ)</br>54 GOL Orlando Peloso (HUR) -penal-</br>70 GOL Ricardo Infante (HUR),45,90,0,0,Foto,Formación,Camiseta
04/11/1955,Pedernera,visitante,victoria,3,2,Tigre,26° fecha del Campeonato 1956,José Dellagiovanna,Fuster,"Edgardo Madinabeytia; Orlando Peloso y Juan M Filgueiras; Oscar Sanz, Eugenio Almirón y Oscar Villano; Germán Tissera, Oscar Rossi, Ricardo Infante, Osvaldo Crosta y Oscar Silva.","Miguel Rugilo; Oscar Gaggino y Guastavino; Fernando Gianserra, Ravecca e Hidalgo; Marzábal, Norberto Méndez, De Bourgoing, Aguilar y Gómez.",8 GOL Norberto Méndez (TIG)</br>28 GOL Aguilar (TIG)</br>56 GOL Orlando Peloso (HUR)</br>75 GOL Ricardo Infante (HUR)</br>84 GOL Aguilar (TIG),45,90,0,0,Foto,Formación,Camiseta
11/11/1956,Pedernera,local,victoria,3,1,Rosario Central,27° fecha del Campeonato 1956,El Palacio,Vázquez,"Edgardo Madinabeytia; Orlando Peloso y Juan M Filgueiras; Oscar Sanz, Eugenio Almirón y Oscar Villano; Germán Tissera, Oscar Rossi, Ricardo Infante, Roberto Roche y Oscar Silva.","Ormeño; Cardoso y Chávez; Álvarez, Minni y Poi; Mottura, Sánchez, Appicciafocco, Castro y Giménez.",12 GOL Ricardo Infante (HUR)</br>21 GOL Sánchez (RCE)</br>77 GOL Orlando Peloso (HUR) -penal-</br>79 LES Ricardo Infante (HUR)</br>85 GOL Roberto Roche (HUR),45,90,0,0,Foto,Formación,Camiseta
18/11/1956,Pedernera,visitante,derrota,2,4,Estudiantes (La Plata),28° fecha del Campeonato 1956,Uno (La Plata),Regis Brozzi,"Edgardo Madinabeytia; Orlando Peloso y Juan M Filgueiras; Oscar Sanz, Eugenio Almirón y Oscar Villano; Germán Tissera, Oscar Rossi, Roberto Roche, Hugo Vergara y Oscar Silva.","Gioffré; Carriquiri y Miotti; Fernández, Juan B Romo y Álvarez; Scialino, Molina, Rolando, Arizaga y Cazaubón.",18 GOL Hugo Vergara (HUR)</br>29 GOL Orlando Peloso (HUR)</br>38 GOL Arizaga (ELP)</br>41 GOL Molina (ELP)</br>66 GOL Rolando (ELP)</br>81 GOL Rolando (ELP),45,90,0,0,Foto,Formación,Camiseta
25/11/1956,Pedernera,local,empate,1,1,Independiente,29° fecha del Campeonato 1956,El Palacio,Spinetto,"Alberto E González; Orlando Peloso y Juan M Filgueiras; Santiago Ardanaz, Eugenio Almirón y Ángel Zof; Germán Tissera, Osvaldo Crosta, Ricardo Infante, Roberto Roche y Oscar Silva.","Julio Cozzi; Barraza y Mousegne; Britos, Varacka y Urriste; Cervino, Cecconato, Villegas, Grillo y Cruz.",30 GOL Grillo (IND)</br>75 GOL Roberto Roche (HUR),45,90,0,0,Foto,Formación,Camiseta
02/12/1956,Pedernera,visitante,derrota,1,4,Boca Juniors,30° fecha del Campeonato 1956,La Bombonera,Fuster,"Alberto E González; Orlando Peloso y Juan M Filgueiras; Oscar Sanz, Eugenio Almirón y Ángel Zof; Germán Tissera, Oscar Rossi, Ricardo Infante, Roberto Roche y Oscar Silva.","Musimessi; Cardoso y Edwards; García, Rattín y Pescia; Rodríguez, Zubeldía, Antonio Angelillo, Roselló y Senés.",12 GOL Zubeldía (BJU)</br>27 GOL Senés (BJU)</br>47 GOL Antonio Angelillo (BJU)</br>59 GOL Antonio Angelillo (BJU)</br>77 GOL Ricardo Infante (HUR),45,90,0,0,Foto,Formación,Camiseta
07/04/1957,Pedernera,neutral,victoria,2,0,San Lorenzo de Almagro,Pretemporada 1957 (amistoso),Saavedra,Casanova,"Edgardo Madinabeytia; José Trobatto y Juan M Filgueiras; Carlos Arredondo (José Sanez), Jorge Turco y Rodolfo González; Julio Boreni, Norberto Méndez (Omar Rossi), Oscar Rossi, Horacio Onzari y Jorge Diz.","Galelli; Garibaldi y Canzini; Martina, Reynoso y Luchetti; Berni (Boggio), Villamor (R Martínez), Chirimbolo, Herrera y Figueroa.",17 Julio Boreni (HUR)</br>21 Horacio Onzari (HUR),45,90,0,0,Foto,Formación,Camiseta
05/05/1957,Pedernera,visitante,derrota,0,2,Independiente,1° fecha del Campeonato 1957,Doble Visera,Davies,"Edgardo Madinabeytia; Orlando Peloso y Juan M Filgueiras; Carlos Arredondo, Jorge Turco y Oscar Villano; Julio Boreni, Norberto Méndez, Miguel Romero, Roberto Bellomo y Julio Marcarián.","Julio Cozzi; Mousegne y Juan A Bendazzi; Britos, Rodríguez y Varacka; Cervino, Abeledo, Bonelli, Grillo y Cruz.",8 GOL Cervino (IND)</br>88 GOL Grillo (IND),45,90,0,0,Foto,Formación,Camiseta
12/05/1957,Pedernera,local,victoria,3,0,Atlanta,2° fecha del Campeonato 1957,El Palacio,Fuster,"Edgardo Madinabeytia; Orlando Peloso y Juan M Filgueiras; Carlos Arredondo, Jorge Ruiz y Oscar Villano; Julio Boreni, Norberto Méndez, Miguel Romero, Roberto Bellomo y Julio Marcarián.","Rocha; Colman y Etchegaray; Desanzo, Griguol y Bettinotti; Martínez, Osvaldo Güenzatti, Luis Bravo, Fazzolari y Fernández Den.",57 GOL Roberto Bellomo (HUR)</br>60 GOL Miguel Romero (HUR)</br>84 GOL Norberto Méndez (HUR),45,90,0,0,Foto,Formación,Camiseta
19/05/1957,Pedernera,visitante,victoria,1,0,Vélez Sarsfield,3° fecha del Campeonato 1957,Vélez Sarsfield,Brozzi,"Edgardo Madinabeytia; Orlando Peloso y Juan M Filgueiras; Carlos Arredondo, Jorge Ruiz y Oscar Villano; Julio Boreni, Oscar Rossi, Miguel Romero, Roberto Bellomo y Julio Marcarián.","Marapodi; Allegri y García Fierro; Simeone, Gallo y J García; Navarro, Avio, Ferraro, López Espinosa y Manzi.",71 GOL Julio Boreni (HUR),45,90,0,0,Foto,Formación,Camiseta
26/05/1957,Pedernera,local,derrota,3,5,San Lorenzo de Almagro,4° fecha del Campeonato 1957,El Palacio,Vecchio,"Edgardo Madinabeytia; Orlando Peloso y Juan M Filgueiras; Carlos Arredondo, Jorge Ruiz y Oscar Villano; Julio Boreni, Norberto Méndez, Miguel Romero, Roberto Bellomo y Julio Marcarián.","Carrillo; Federico Pizarro y David Iñigo; Martina, Reynoso y Jorge Benegas; Boggio, Herrera, Fernández Real, Sanfilippo y Cigna.",1 GOL Herrera (SLA)</br>3 GOL José Sanfilippo (SLA)</br>7 GOL Boggio (SLA)</br>9 GOL Roberto Bellomo (HUR)</br>12 GOL Roberto Bellomo (HUR)</br>1° Tiempo: Huracán 2x3 San Lorenzo</br>73 GOL Boggio (SLA)</br>82 GOL Herrera (SLA)</br>89 GOL Norberto Méndez (HUR),45,90,0,0,Foto,Formación,Camiseta
02/06/1957,Sbarra,visitante,victoria,2,1,Rosario Central,5° fecha del Campeonato 1957,Arroyito (Rosario),Hiegger,"Edgardo Madinabeytia; Orlando Peloso y Juan M Filgueiras; Carlos Arredondo, Jorge Ruiz y Oscar Villano; Julio Boreni, Norberto Méndez, Miguel Romero, Roberto Bellomo y Julio Marcarián.","Bertoldi; Biagioli y Cardoso; Álvarez, Ducca y Poi; Converti, Walter Taibo, Juárez, Ramírez y Giménez.",27 GOL Orlando Peloso (HUR)</br>28 GOL Roberto Bellomo (HUR)</br>39 GOL Juárez (RCE),45,90,0,0,Foto,Formación,Camiseta
09/06/1957,Sbarra,local,victoria,4,1,Lanús,6° fecha del Campeonato 1957,El Palacio,Fuster,"Edgardo Madinabeytia; Orlando Peloso y Juan M Filgueiras; Carlos Arredondo, Jorge Ruiz y Rodolfo González; Julio Boreni, Norberto Méndez, Miguel Romero, Roberto Bellomo y Julio Marcarián.","Álvarez Vega; Ramos Delgado y Beltrán; Daponte, Guidi y José Nazionale; Carranza, Zavorra, Fernández, Rojas y Moyano.",1 GOL Orlando Peloso (HUR)</br>20 GOL Moyano (LAN) -penal-</br>33 GOL Julio Boreni (HUR)</br>42 GOL Julio Marcarián (HUR)</br>66 GOL Miguel Romero (HUR),45,90,0,0,Foto,Formación,Camiseta
16/06/1957,Sbarra,visitante,empate,2,2,River Plate,7° fecha del Campeonato 1957,Monumental,Turner,"Edgardo Madinabeytia; Orlando Peloso y Juan M Filgueiras; Carlos Arredondo, Jorge Ruiz y Rodolfo González; Julio Boreni, Norberto Méndez, Miguel Romero, Roberto Bellomo y Julio Marcarián.","Amadeo Carrizo; Mantegari, Pérez y Vairo; Eliseo Prado, Néstor Rossi y Urriolabeitia; De Bourgoing, Norberto Menéndez, Ángel Labruna y Zárate.",5 GOL Ángel Labruna (RPL)</br>33 GOL Orlando Peloso (HUR) -penal-</br>52 GOL Ángel Labruna (RPL)</br>66 GOL Roberto Bellomo (HUR),45,90,0,0,Foto,Formación,Camiseta
23/06/1957,Sbarra,local,empate,1,1,Racing Club,8° fecha del Campeonato 1957,El Palacio,Cross,"Edgardo Madinabeytia; Orlando Peloso y Juan M Filgueiras; Carlos Arredondo, Jorge Ruiz y Oscar Villano; Julio Boreni, Norberto Méndez, Miguel Romero, Roberto Bellomo y Julio Marcarián.","Rogelio Domínguez; Anido y Sciancalépore; De Vicente, Balay y Vladislao Cap; Corbatta, Pizzuti, Blanco, Belén y Aguiar.",1 GOL Miguel Romero (HUR)</br>86 GOL Aguiar (RAC),45,90,0,0,Foto,Formación,Camiseta
30/06/1957,Sbarra,visitante,victoria,2,0,Argentinos Juniors,9° fecha del Campeonato 1957,La Bombonera,Pincirolli,"Miguel Rojas; Orlando Peloso y Juan M Filgueiras; Carlos Arredondo, Jorge Ruiz y Oscar Villano; Julio Boreni, Norberto Méndez, Miguel Romero, Abel Sánchez y Julio Marcarián.","Moreno; Mascarello y Ditro; Di Stéfano, Pederzoli y Orlando Nappe; Carbone, Panzuto, Trigili, Tedeschi y Sciarra.",11 GOL Abel Sánchez (HUR)</br>88 GOL Abel Sánchez (HUR),45,90,0,0,Foto,Formación,Camiseta
04/07/1957,-,visitante,empate,3,3,Boca Juniors,Amistoso 1957,Caballito,Davis,"Miguel Rojas; Orlando Peloso (José Trobatto) y Luis Lemos; Carlos Arredondo (Néstor Molteni), Jorge Ruiz (Juan Quartarone) y Oscar Villano (Luis Bellatti); Julio Boreni (Osvaldo Crosta), Norberto Méndez, Miguel Romero (Héctor Aramendi), Julio Marcarián y Alberto Violi.","Ayala; Cardoso y Vargas (Ponce); García, Rattin y Mouriño; Cháves (González), Basílico (Molina), Mansilla, Rodríguez (Roselló) y Senés (Jorge Diz).",2 GOL Mansilla (BJU)</br>7 GOL Julio Marcarián (HUR)</br>10 GOL Orlando Peloso (HUR) -penal-</br>15 GOL Alberto Violi (HUR)</br>55 GOL Mansilla (BJU)</br>76 GOL Molina (BJU),45,90,0,0,Foto,Formación,Camiseta
07/07/1957,-,visitante,empate,1,1,Liga de Santa Rosa,Amistoso 1957 (fecha patria),Liga Cultural (Santa Rosa),desconocido,-,-,sin datos,45,90,0,0,Foto,Formación,Camiseta
09/07/1957,-,visitante,victoria,4,2,Liga de La Pampa,Amistoso 1957 (fecha patria),(Gral. Pico),desconocido,-,-,sin datos,45,90,0,0,Foto,Formación,Camiseta
21/07/1957,Sbarra,local,victoria,4,0,Ferro C. Oeste,10° fecha del Campeonato 1957,El Palacio,Davies,"Miguel Rojas; Orlando Peloso y Juan M Filgueiras; Carlos Arredondo, Jorge Ruiz y Oscar Villano; Julio Boreni, Norberto Méndez, Miguel Romero, Roberto Bellomo y Julio Marcarián.","Herrera; Pirone y Mogaburu; Salas, Devita y Bolaña; Fox, Mirabelli, Alberto Evaristo, Martínez y Barci.",47 GOL Julio Marcarián (HUR)</br>73 GOL Roberto Bellomo (HUR)</br>75 GOL Julio Boreni (HUR)</br>78 GOL Carlos Arredondo (HUR),45,90,0,0,Foto,Formación,Camiseta
27/07/1957,Sbarra,visitante,victoria,1,0,Gimnasia y Esgrima (La Plata),11° fecha del Campeonato 1957,El Bosque (La Plata),Praddaude,"Edgardo Madinabeytia; Orlando Peloso y Juan M Filgueiras; Carlos Arredondo, Jorge Turco y Oscar Villano; Julio Boreni, Oscar Rossi, Miguel Romero, Roberto Bellomo y Julio Marcarián.","Gerónimo; Galeano y Smargiassi; Novarini, Reymundo y Schandlein; Stelman, Eduardo V Domínguez, Brolese, Bayo y Núñez.",76 GOL Julio Boreni (HUR),45,90,0,0,Foto,Formación,Camiseta
04/08/1957,Sbarra,visitante,derrota,1,2,Newell's Old Boys (Rosario),12° fecha del Campeonato 1957,Parque Independencia (Rosario),Brozzi,"Edgardo Madinabeytia; Orlando Peloso y Juan M Filgueiras; Carlos Arredondo, Jorge Ruiz y Oscar Villano; Julio Boreni, Oscar Rossi, Miguel Romero, Roberto Bellomo y Julio Marcarián.","Righi; Semprini y Echeverría; Mastrogiuseppe, Griffa y Miralles; Nardiello, Berón, Pereyra, Picot y Yudica.",33 GOL Roberto Bellomo (HUR)</br>45 GOL Yudica (NOB) -penal-</br>51 GOL Berón (NOB),45,90,0,0,Foto,Formación,Camiseta
11/08/1957,Sbarra,local,victoria,4,1,Estudiantes (La Plata),13° fecha del Campeonato 1957,El Palacio,Lynch,"Edgardo Madinabeytia; Orlando Peloso y Juan M Filgueiras; Carlos Arredondo, Jorge Ruiz y Oscar Villano; Julio Boreni, Norberto Méndez, Miguel Romero, Roberto Bellomo y Julio Marcarián.","Gioffré; Silvero y Fernández; Sánchez, Zapa y Mieres; Rodríguez, Koroch, Ricardo Infante, Bracamonte y Cazaubón.",1 GOL Norberto Méndez (HUR)</br>3 GOL Norberto Méndez (HUR)</br>26 GOL Bracamonte (ELP)</br>49 GOL Julio Boreni (HUR)</br>55 GOL Norberto Méndez (HUR)</br>71 EXP Mieres (ELP),45,90,0,0,Foto,Formación,Camiseta
15/08/1957,Sbarra,visitante,empate,0,0,Boca Juniors,14° fecha del Campeonato 1957,La Bombonera,Turner,"Edgardo Madinabeytia; Orlando Peloso y Juan M Filgueiras; Carlos Arredondo, Jorge Ruiz y Oscar Villano; Julio Boreni, Norberto Méndez, Miguel Romero, Roberto Bellomo y Julio Marcarián.","Musimessi; Cardoso y Edwards; Lombardo, Rattín y Natiello; González, Roselló, Borello, Colángelo y Cambiasso.",1° Tiempo: Boca 0x0 Huracán,45,90,0,0,Foto,Formación,Camiseta
18/08/1957,Sbarra,local,victoria,4,1,Tigre,15° fecha del Campeonato 1957,El Palacio,Ventre,"Edgardo Madinabeytia; Orlando Peloso y Juan M Filgueiras; Carlos Arredondo, Jorge Ruiz y Oscar Villano; Julio Boreni, Norberto Méndez, Miguel Romero, Roberto Bellomo y Alberto Violi.","Domínguez; Danelutti y Guastavino; Fernando Gianserra, Enrique Brunetti e Hidalgo; Porcel de Peralta, Quintana, García, Rodríguez y Franchi.",10 GOL Roberto Bellomo (HUR)</br>18 GOL Norberto Méndez (HUR)</br>68 GOL Roberto Bellomo (HUR)</br>71 GOL Porcel de Paralta (TIG)</br>73 GOL Roberto Bellomo (HUR),45,90,0,0,Foto,Formación,Camiseta
25/08/1957,Sbarra,local,victoria,1,0,Independiente,16° fecha del Campeonato 1957,El Palacio,Vecchio,"Edgardo Madinabeytia; Orlando Peloso y Juan M Filgueiras; Carlos Arredondo, Jorge Ruiz y Oscar Villano; Julio Boreni, Norberto Méndez, Miguel Romero, Roberto Bellomo y Julio Marcarián.","Julio Cozzi; Mousegne y Juan A Bendazzi; Acevedo, Rodríguez y Varacka; Rodolfo Micheli, Raffo, Bonelli, López y Cervino.",67 GOL Miguel Romero (HUR),45,90,0,0,Foto,Formación,Camiseta
01/09/1957,Sbarra,visitante,derrota,1,3,Atlanta,17° fecha del Campeonato 1957,Villa Crespo,Lynch,"Miguel Rojas; Orlando Peloso y Juan M Filgueiras; Carlos Arredondo, Jorge Ruiz y Oscar Villano; Julio Boreni, Oscar Rossi, Miguel Romero, Roberto Bellomo y Alberto Violi.","Rocha; Colman y Etchegaray; Desanzo, Clariá y Bettinotti; Russo, Osvaldo Güenzatti, Luis Bravo, Horacio Onzari y Katzman.",60 GOL Roberto Bellomo (HUR)</br>66 GOL Horacio Onzari (ATL)</br>76 GOL Luis Bravo (ATL)</br>89 GOL Horacio Onzari (ATL)</br>90 EXP Carlos Arredondo (HUR),45,90,0,0,Foto,Formación,Camiseta
08/09/1957,Sbarra,local,empate,1,1,Vélez Sarsfield,18° fecha del Campeonato 1957,El Palacio,Hiegger,"Edgardo Madinabeytia; Orlando Peloso y Juan M Filgueiras; Néstor Molteni, Jorge Ruiz y Oscar Villano; Julio Boreni, Oscar Rossi, Miguel Romero, Roberto Bellomo y Julio Marcarián.","Marapodi; Allegri y Otero; Simeone, Bosich y García Fierro; Ernesto Sansone, Avio, López Espinosa, Norberto Conde y Manzi.",44 GOL Orlando Peloso (HUR)</br>84 GOL Norberto Conde (VSA) -penal-,45,90,0,0,Foto,Formación,Camiseta
15/09/1957,Sbarra,visitante,derrota,0,1,San Lorenzo de Almagro,19° fecha del Campeonato 1957,Gasómetro,Brozzi,"Edgardo Madinabeytia; Orlando Peloso y Juan M Filgueiras; Néstor Molteni, Jorge Ruiz y Oscar Villano; Julio Boreni, Osvaldo Crosta, Miguel Romero, Roberto Bellomo y Julio Marcarián.","Carrillo; Federico Pizarro y David Iñigo; Martina, Reynoso y Jorge Benegas; Boggio, Herrera, Ruiz, Sanfilippo y Cigna.",63 GOL Boggio (SLA),45,90,0,0,Foto,Formación,Camiseta
22/09/1957,Sbarra,local,victoria,2,0,Rosario Central,20° fecha del Campeonato 1957,El Palacio,Saporiti,"Edgardo Madinabeytia; Orlando Peloso y Juan M Filgueiras; Néstor Molteni, Jorge Ruiz y Oscar Villano; Osvaldo Crosta, Héctor Aramendi, Abel Sánchez, Roberto Jiménez y Alberto Violi.","Bertoldi; Biagioli y Poi; Álvarez, Minni y La Rosa; Mottura, Alberto Sánchez, Juárez, Castro y Giménez.",36 LES Néstor Molteni (HUR)</br>62 GOL Abel Sánchez (HUR)</br>86 GOL Roberto Jiménez (HUR),45,90,0,0,Foto,Formación,Camiseta
29/09/1957,Sbarra,visitante,derrota,0,2,Lanús,21° fecha del Campeonato 1957,Lanús,Padrón,"Edgardo Madinabeytia; Orlando Peloso y Juan M Filgueiras; Jorge Turco, Jorge Ruiz y Oscar Villano; Julio Boreni, Oscar Rossi, Miguel Romero, Abel Sánchez y Alberto Violi.","Álvarez Vega; Ramos Delgado y Beltrán; Daponte, Guidi y Díaz; Fernández, Zurita, Rojas, Reynoso y Moyano.",5 GOL Moyano (LAN) -penal-</br>51 GOL Moyano (LAN),45,90,0,0,Foto,Formación,Camiseta
06/10/1957,-,visitante,derrota,2,6,Colo Colo (Chile),Amistoso 1957,Nacional (Santiago),Vicuña,"Edgardo Madinabeytia; Orlando Peloso y Juan M Filgueiras; Luis Bellatti (46 Carlos Arredondo), Jorge Ruiz y Oscar Villano; Julio Boreni, Norberto Méndez (46 Oscar Rossi), Abel Sánchez, Julio Marcarián (35 Torres) y Alberto Violi.","Sergio Livingstone; Beltrán y Arturo Farías; Isaac Carrasco, Sergio Oviedo y Hernán Rodríguez; Óscar Carrasco, Enrique Hormazábal, Juan Soto, Atilio Cremaschi y Bernardo Bello.",10 GOL Cremaschi (CCO)</br>35 GOL Cremaschi (CCO)</br>51 GOL Abel Sánchez (HUR)</br>60 GOL Farías (CCO)</br>61 GOL Soto (CCO)</br>63 GOL Cremaschi (CCO)</br>73 GOL Oscar Rossi (HUR)</br>83 GOL Cremaschi (CCO),45,90,0,0,Foto,Formación,Camiseta
03/11/1957,Peucelle,local,empate,0,0,River Plate,22° fecha del Campeonato 1957,El Palacio,Turner,"Edgardo Madinabeytia; Orlando Peloso y Juan M Filgueiras; Luis Bellatti, Jorge Ruiz y Oscar Villano; Félix Respuela, Norberto Méndez, Miguel Romero, Roberto Bellomo y Julio Marcarián.","Amadeo Carrizo; Mantegari, Pérez y Vairo; Eliseo Prado, Néstor Rossi y Pascasio Sola; De Bourgoing, Norberto Menéndez, Ángel Labruna y Zárate.",1° Tiempo: Huracán 0x0 River,45,90,0,0,Foto,Formación,Camiseta
10/11/1957,Peucelle,visitante,derrota,0,5,Racing Club,23° fecha del Campeonato 1957,El Cilindro,Fuster,"Edgardo Madinabeytia; Orlando Peloso y Luis Lemos; Luis Bellatti, Jorge Ruiz y Oscar Villano; Osvaldo Crosta, Norberto Méndez, Miguel Romero, Roberto Bellomo y Alberto Violi.","Negri; Pedro Dellacha y Murúa; Giménez, Balay y Sivo; Corbatta, Kelemen, Balassanián, Pizzuti y Belén.",5 GOL Corbatta (RAC)</br>20 GOL Kelemen (RAC)</br>48 GOL Corbatta (RAC) -penal-</br>61 GOL Pizzuti (RAC)</br>87 GOL Corbatta (RAC),45,90,0,0,Foto,Formación,Camiseta
17/11/1957,Peucelle,local,derrota,1,4,Argentinos Juniors,24° fecha del Campeonato 1957,El Palacio,Lynch,"Edgardo Madinabeytia; Orlando Peloso y Juan M Filgueiras; Luis Bellatti, Jorge Ruiz y Quarterone; Osvaldo Crosta, Norberto Méndez, Miguel Romero, Roberto Bellomo y Julio Marcarián.","Moreno; Milne y Miguel Vidal; Di Stéfano, Pederzoli y Orlando Nappe; Carbone, Martín, Trigili, Callá y Sciarra.",19 GOL Orlando Nappe (AJU)</br>57 GOL Miguel Romero (HUR)</br>65 GOL Callá (AJU)</br>78 GOL Martin (AJU)</br>81 GOL Callá (AJU),45,90,0,0,Foto,Formación,Camiseta
24/11/1957,Peucelle,visitante,victoria,5,2,Ferro C. Oeste,25° fecha del Campeonato 1957,Caballito,Davies,"Edgardo Madinabeytia; José Trobatto y Juan M Filgueiras; Luis Bellatti, Jorge Ruiz y Jorge Turco; Osvaldo Crosta, Norberto Méndez, Miguel Romero, Roberto Bellomo y Alberto Violi.","Roma; Cúccaro y Mogaburu; Salas, Diez y Devita; Fox, Campana, Calvanese, Alberto Evaristo y Martínez.",19 GOL Alberto Evaristo (FCO)</br>25 GOL Alberto Violi (HUR)</br>29 GOL Roberto Bellomo (HUR)</br>40 GOL Martínez (FCO)</br>47 GOL Alberto Violi (HUR)</br>74 GOL Roberto Bellomo (HUR)</br>77 EXP Alberto Evaristo (FCO)</br>77 EXP Luis Bellatti (HUR)</br>85 GOL Alberto Violi (HUR),45,90,0,0,Foto,Formación,Camiseta
01/12/1957,Peucelle,local,derrota,0,2,Gimnasia y Esgrima (La Plata),26° fecha del Campeonato 1957,El Palacio,Turner,"Edgardo Madinabeytia; José Trobatto y Juan M Filgueiras; Carlos Grudiña, Jorge Ruiz y Jorge Turco; Julio Boreni, Norberto Méndez, Miguel Romero, Roberto Bellomo y Osvaldo Crosta.","Gerónimo; Ambrosi y Galeano; Novarini, Schandlein y Smargiassi; Stelman, Maravilla, Villegas, Martínez y Núñez.",2 GOL Martínez (GLP)</br>89 GOL Maravilla (GLP),45,90,0,0,Foto,Formación,Camiseta
04/12/1957,Peucelle,local,victoria,1,0,Newell's Old Boys (Rosario),27° fecha del Campeonato 1957,El Palacio,Miranda,"Edgardo Madinabeytia; José Trobatto y Juan M Filgueiras; Carlos Grudiña, Jorge Ruiz y Jorge Turco; Osvaldo Crosta, Norberto Méndez, Oscar Rossi, Roberto Bellomo y Alberto Violi.","Righi; Griffa y Echeverría; Mastrogiuseppe, Miralles y Echeverría; Pallotti, Pereyra, Barrionuevo, Puppo y Yudica.",32 GOL Osvaldo Crosta (HUR),45,90,0,0,Foto,Formación,Camiseta
08/12/1957,Peucelle,visitante,derrota,0,1,Estudiantes (La Plata),28° fecha del Campeonato 1957,Uno (La Plata),Mauriño,"Edgardo Madinabeytia; José Trobatto y Juan M Filgueiras; Carlos Grudiña, Jorge Ruiz y Jorge Turco; Osvaldo Crosta, Oscar Rossi, Miguel Romero, Roberto Bellomo y Alberto Violi.","Gioffré; Silvero y Fernández; Delgado, Zapa y Magri; Rodríguez, Koroch, Ricardo Infante, Antonio y Ruggeri.",29 GOL Koroch (ELP),45,90,0,0,Foto,Formación,Camiseta
11/12/1957,Peucelle,local,victoria,1,0,Boca Juniors,29° fecha del Campeonato 1957,El Palacio,Ventre,"Edgardo Madinabeytia; Orlando Peloso y Juan M Filgueiras; Carlos Grudiña, Jorge Ruiz y Jorge Turco; Osvaldo Crosta, Norberto Méndez, Miguel Romero, Oscar Rossi y Alberto Violi.","Musimessi; Fiaño y Edwards; Lombardo, Rattin y Mouriño; González, Biaggio, Mansilla, Molina y Pérez.",84 GOL Norberto Méndez (HUR),45,90,0,0,Foto,Formación,Camiseta
15/12/1957,Peucelle,visitante,derrota,1,2,Tigre,30° fecha del Campeonato 1957,José Dellagiovanna,Davies,"Edgardo Madinabeytia; Orlando Peloso y Juan M Filgueiras; Néstor Molteni, Jorge Ruiz y Oscar Villano; Félix Respuela, Oscar Rossi, Miguel Romero, Roberto Bellomo y Alberto Violi.","Nazer; Danelutti y Guastavino; Leguía, Ravecca y Chan; Mansilla, Quintana, García, Aguilar y Franchi.",16 GOL Mansilla (TIG)</br>25 GOL Miguel Romero (HUR)</br>87 GOL Franchi (TIG),45,90,0,0,Foto,Formación,Camiseta
18/12/1957,Peucelle,visitante,empate,1,1,Barcelona (Ecuador),Gira por América 1958 (amistoso),Capwell (Guayaquil),desconocido,"Edgardo Madinabeytia; Orlando Peloso, Juan M Filgueiras; Carlos Arredondo, Jorge Turco y Oscar Villano; Osvaldo Crosta (Félix Respuela), Norberto Méndez, Oscar Rossi, Julio Marcarián y Alberto Violi.","Ansaldo; Estévez, Lecaro; Macías, Reeves y Solórzano; Cabezas (Raffo), Cantos (Balseca), S Cañarte, Vargas y C Cañarte.",15 GOL C Cañarte (BAR)</br>84 GOL Félix Respuela (HUR),45,90,0,0,Foto,Formación,Camiseta
22/12/1957,Peucelle,visitante,victoria,4,1,Emelec (Ecuador),Gira por América 1958 (amistoso),Capwell (Guayaquil),desconocido,"Edgardo Madinabeytia; Orlando Peloso y Juan M Filgueiras; Carlos Arredondo, Oscar Villano y Luis Bellatti; Osvaldo Crosta (Félix Respuela), Norberto Méndez, Julio Marcarián, Oscar Rossi y Alberto Violi.","Yu Lee; Ubilla y Villenghini (Ayala); Argüello, Caruso y Lazo; Balseca, Pinto (S Cañarte), Raffo, Fernández y C Canarte.",9 GOL Raffo (EME)</br>35 GOL Oscar Rossi (HUR)</br>44 GOL Alberto Violi (HUR)</br>59 Oscar Rossi (HUR)</br>75 Norberto Méndez (HUR),45,90,0,0,Foto,Formación,Camiseta
25/12/1957,Peucelle,visitante,victoria,3,0,Alajuelense (Costa Rica),1° fecha del Cuadrangular de Costa Rica 1957 (amistoso),Nacional (Costa Rica),desconocido,"Edgardo Madinabeytia; Carlos Arredondo (Julio) y Orlando Peloso; Juan M Filgueiras, Luis Bellatti y Oscar Villano; Osvaldo Crosta (Félix Respuela), Norberto Méndez, Oscar Rossi, Julio Marcarián (Alberto Flamini) y Alberto Violi.","Alvarado; Guillén y Quesada; Montagnaro, Esquivel y Urbina; Rodríguez (Araya), Herrera (Córdoba), Ulloa (Garita), Soto y Villalobos.",GOL Oscar Rossi (HUR)</br>GOL Julio Marcarián (HUR)</br>GOL Alberto Violi (HUR),45,90,0,0,Foto,Formación,Camiseta
27/12/1957,Peucelle,visitante,victoria,1,0,Saprissa (Costa Rica),2° fecha del Cuadrangular de Costa Rica 1957 (amistoso),Nacional (Costa Rica),Crawford,"Edgardo Madinabeytia (Miguel Rojas); Carlos Arredondo y Orlando Peloso; Juan M Filgueiras, Luis Bellatti y Oscar Villano; Osvaldo Crosta, Norberto Méndez (Miguel Romero), Oscar Rossi, Julio Marcarián y Alberto Violi.","Pérez; G Rodriguez y Cordero; Sánchez, M Rodríguez y Quirós (Hernández); Herrera, Montero, Monge, Murillo (Carboni) y Jiménez.",52 GOL Alberto Violi (HUR),45,90,0,0,Foto,Formación,Camiseta
01/01/1958,Peucelle,neutral,victoria,3,0,Botafogo (Brasil),3° fecha del Cuadrangular de Costa Rica 1957 (amistoso),Nacional (Costa Rica),Crawford,"Edgardo Madinabeytia; Carlos Arredondo y Juan M Filgueiras; Orlando Peloso, Luis Bellatti y Oscar Villano; Félix Respuela (46 Osvaldo Crosta), Miguel Romero, Oscar Rossi, Julio Marcarián y Alberto Violi.","Adalberto; Beto y Tomé; Servílio, Pampolini y Nilton Santos; Garrincha, Paulo Valentim, Didí, Edson (Ney) y Quarentinha.",12 GOL Félix Respuela (HUR)</br>1° Tiempo: Huracán 1x0 Botafogo</br>56 GOL Miguel Romero (HUR)</br>80 GOL Miguel Romero (HUR),45,90,0,0,Foto,Formación,Camiseta
09/01/1958,Peucelle,visitante,empate,0,0,Herediano (Costa Rica),Gira por América 1958 (amistoso),Nacional (Costa Rica),desconocido,"Edgardo Madinabeytia; Carlos Arredondo y Orlando Peloso; Luis Julio, Luis Bellatti y Oscar Villano; Félix Respuela, Miguel Romero, Oscar Rossi, Julio Marcarián y Alberto Violi.","Alvarado; Sáenz y Cordero; Villalobos, Rodríguez y Esquivel; Pantoja, Montero, M Murillo (Vivó), A Murillo y Bejarano.",1° Tiempo: Herediano 0x0 Huracán,45,90,0,0,Foto,Formación,Camiseta
15/01/1958,Peucelle,visitante,empate,1,1,Saprissa (Costa Rica),Gira por América 1958 (amistoso),Nacional (Costa Rica),desconocido,"Edgardo Madinabeytia; Carlos Arredondo y Orlando Peloso; Juan M Filgueiras, Luis Bellatti y Oscar Villano; Félix Respuela (Osvaldo Crosta), Oscar Rossi, Miguel Romero, Julio Marcarián (Alberto Flamini) y Alberto Violi.","Pérez; G Rodríguez y Cordero; Sánchez, M Rodríguez y Quirós; Rodríguez, Montero, Monge, Carboni (Herrera) y Jiménez.",GOL Alberto Violi (HUR)</br>GOL Rodríguez (SAP),45,90,0,0,Foto,Formación,Camiseta
17/01/1958,Peucelle,visitante,victoria,2,0,Quindío (Colombia),Gira por América 1958 (amistoso),Londoño (Manizales),-,-,-,43 GOL Miguel Romero (HUR)</br>63 GOL Bruno (HUR),45,90,0,0,Foto,Formación,Camiseta
26/01/1958,Peucelle,visitante,victoria,4,1,Independiente Medellín (Colombia),Gira por América 1958 (amistoso),Atanasio Girardot (Medellín),desconocido,-,-,sin datos,45,90,0,0,Foto,Formación,Camiseta
31/01/1958,Peucelle,visitante,derrota,1,2,Nacional (Colombia),Gira por América 1958 (amistoso),Atanasio Girardot (Medellín),desconocido,-,-,sin datos,45,90,0,0,Foto,Formación,Camiseta
02/02/1958,Peucelle,visitante,victoria,3,2,Independiente Santa Fe (Colombia),Gira por América 1958 (amistoso),El Campín (Bogotá),desconocido,-,-,sin datos,45,90,0,0,Foto,Formación,Camiseta
09/02/1958,Peucelle,neutral,victoria,5,0,Liga de Cundinamarca (Colombia),Gira por América 1958 (amistoso),Pascual Guerrero (Cali),desconocido,-,-,sin datos,45,90,0,0,Foto,Formación,Camiseta
13/02/1958,Peucelle,visitante,victoria,5,0,Selección de Colombia,Gira por América 1958 (amistoso),Pascual Guerrero (Cali),desconocido,-,-,sin datos,45,90,0,0,Foto,Formación,Camiseta
16/02/1958,Peucelle,visitante,victoria,2,0,Liga de Valle del Cauca (Colombia),Gira por América 1958 (amistoso),Pascual Guerrero (Cali),desconocido,-,-,sin datos,45,90,0,0,Foto,Formación,Camiseta
22/02/1958,Peucelle,visitante,derrota,1,2,Centro Iqueño (Perú),Gira por América 1958 (amistoso),Nacional (Lima),desconocido,"Edgardo Madinabeytia; Carlos Arredondo y Orlando Peloso; Juan M Filgueiras, Luis Bellatti y Oscar Villano; Félix Respuela, Norberto Méndez, Miguel Romero, Oscar Rossi y Julio Marcarián.","Fernando Cárpena; José Allen y Homero Donayre; José Castro, Carlos Arce y Augusto Del Valle; Enrique Montenegro, Carlos Linazza, Fernando Olaechea, Antonio Palomino y Ricardo Quiñones.",22 GOL Augusto Del Valle (HUR)</br>34 GOL Norberto Méndez (HUR)</br>55 GOL Fernando Olaechea (HUR),45,90,0,0,Foto,Formación,Camiseta
26/02/1958,Peucelle,visitante,victoria,2,1,Universitario (Perú),Gira por América 1958 (amistoso),Nacional (Lima),desconocido,"Edgardo Madinabeytia; Carlos Arredondo y Orlando Peloso; Juan M Filgueiras, Merlo y Oscar Villano; Osvaldo Crosta, Norberto Méndez, Oscar Rossi, Julio Marcarián y Alberto Violi.","Dimas Zegarra; Ismael Soria y José Fernández; Humberto Arguedas, Luis Calderón y Gutiérrez; Montenegro, Alberto Terry, Daniel Ruiz, Manuel Márquez y Ángel Uribe.",sin datos,45,90,0,0,Foto,Formación,Camiseta
02/03/1958,Peudelle,visitante,derrota,1,2,Alianza Lima (Perú),Gira por América 1958 (amistoso),Nacional (Lima),Muller,"Edgardo Madinabeytia; Orlando Peloso y Juan M Filgueiras; Carlos Arredondo, Merlo y Oscar Villano; Osvaldo Crosta, Norberto Méndez, Oscar Rossi, Julio Marcarián y Alberto Violi.","C Velázquez; E Veláquez y Anglas; Lavalle, Benítez y Castillo; Joya, Carlos Lazón, Barbadillo, Gómez Sánchez y NN.",9 GOL Alberto Violi (HUR)</br>34 GOL Barbadillo (ALI)</br>64 GOL Barbadillo (ALI),45,90,0,0,Foto,Formación,Camiseta
23/03/1958,Spinetto,visitante,derrota,1,5,Estudiantes (La Plata),1° fecha del Campeonato 1958,Uno (La Plata),Turner,"Edgardo Madinabeytia; Orlando Peloso y Juan M Filgueiras; Carlos Arredondo, Luis Bellatti y Oscar Villano; Osvaldo Crosta, Norberto Méndez, Miguel Romero, Alberto Flamini y Julio Marcarián.","Castro; Silvero y Fernández; Delgado, Zapa y Moreno; Rodríguez, Rubén Koroch, Ricardo Infante, Héctor Antonio y Loustau.",25 GOL Héctor Antonio (ELP)</br>33 GOL Ricardo Infante (ELP)</br>51 GOL Héctor Antonio (ELP)</br>63 GOL Alberto Flamini (HUR)</br>87 GOL Rubén Koroch (ELP)</br>90 GOL Héctor Antonio (ELP),45,90,0,0,Foto,Formación,Camiseta
30/03/1958,Spinetto,local,derrota,1,3,Boca Juniors,2° fecha del Campeonato 1958,El Palacio,Hiegger,"Edgardo Madinabeytia; Federico Pizarro y Juan M Filgueiras; Fernando Gianserra, Enrique Brunetti y Jorge Benegas; Manuel Iñigo, Norberto Méndez, Miguel Romero, Alberto Flamini y Julio Marcarián.","Musimessi; Cardoso y Edwards; Lombardo, Mouriño y Schandlein; Scialino, Ambrois, Borello, Roberto Bellomo y González.",48 GOL Juan M Filgueiras (HUR)</br>54 GOL González (BJU)</br>76 GOL González (BJU)</br>87 GOL Roberto Bellomo (BJU),45,90,0,0,Foto,Formación,Camiseta
06/04/1958,Spinetto,visitante,victoria,2,0,Tigre,3° fecha del Campeonato 1958,Tigre,Spinetto,"Edgardo Madinabeytia; Federico Pizarro y Juan M Filgueiras; Fernando Gianserra, Enrique Brunetti y Jorge Benegas; Manuel Iñigo, Oscar Rossi, Alberto Flamini, Horacio Onzari y Julio Marcarián.","Álvarez Vega; Danelutti y Guastavino; Leguía, Jorge Ruiz y Nettuno; Porcel de Peralta, Molina, García, Di Loreto y Franchi.",22 GOL Oscar Rossi (HUR)</br>25 GOL Oscar Rossi (HUR),45,90,0,0,Foto,Formación,Camiseta
09/04/1958,Spinetto,visitante,derrota,0,5,Selección Argentina,Amistoso 1958,Monumental,desconocido,"Edgardo Madinabeytia (46 Rojas); Federico Pizarro (46 Orlando Peloso) y Juan M Filgueiras (46 Miguel Vidal); Gianserra (46 Carlos Arredondo), Enrique Brunetti (46 José Sanez) y Jorge Benegas (46 Oscar Villano); Manuel Iñigo (46 Osvaldo Crosta), Norberto Méndez (46 Aramendi), Romero (46 Juan A Chena), Onzari (46 Jorge Diz) y Julio Marcarián (46 Alberto Violi)","Amadeo Carrizo; Pérez y Vairo (Murúa); Lombardo, Balay y Varacka; Corbatta, Oscar Rossi, Juárez, Norberto Conde (José Sanfilippo) y Zárate.",3 GOL Zárate (ARG)</br>25 GOL Norberto Conde (ARG)</br>23 GOL José Sanfilippo (ARG)</br>39 GOL Oscar Rossi (ARG)</br>43 GOL Corbatta (ARG),45,90,0,0,Foto,Formación,Camiseta
20/04/1958,Spinetto,visitante,victoria,2,0,Central Córdoba (Rosario),1° fecha de la Copa Suecia 1958,Parque Independencia (Rosario),Robert Turner,"Edgardo Madinabeytia; Federico Pizarro y Juan M Filgueiras; Fernando Gianserra, Enrique Brunetti y Jorge Benegas; Manuel Iñigo, Norberto Méndez, Juan A Chena, Julio Marcarián y Alberto Violi.","Alfonso Palminteri; Dante Álvarez y Rodolfo Rivoiro; Anacleto Labrador, Eduardo Villagra y Mario Szubert; Ricardo Raccaro, Indalecio López, Francisco Cecchini, Fernando Bertral y Antonio Delogu.",21 GOL Julio Marcarián (HUR)</br>71 GOL Juan A Chena (HUR),45,90,0,0,Foto,Formación,Camiseta
27/04/1958,Spinetto,local,empate,1,1,Estudiantes (La Plata),2° fecha de Copa la Suecia 1958,El Palacio,Carlos Nai Foino,"Edgardo Madinabeytia; Federico Pizarro y Juan M Filgueiras; Fernando Gianserra, Enrique Brunetti y Jorge Benegas; Manuel Iñigo, Norberto Méndez, Juan A Chena, Julio Marcarián y Alberto Violi.","José Castro; José Silvero y Ricardo Fernández; Ismael Delgado, Héctor Zapa y Roberto Moreno; Perfecto Rodríguez, Rubén Koroch, Felipe Bracamonte, Héctor Antonio y Félix Loustau.",20 GOL Julio Marcarián (HUR) -cabezazo tras corner asistencia de Alberto Violi (HUR)-</br>56 GOL Rubén Koroch (ELP) -cabezazo tras corner asistencia de Antonio-,45,90,0,0,Foto,Formación,Camiseta
04/05/1958,Spinetto,visitante,empate,1,1,Tigre,3° fecha de la Copa Suecia 1958,José Dellagiovanna,Miguel Padrón,"Edgardo Madinabeytia; Federico Pizarro y Juan M Filgueiras; Fernando Gianserra, Enrique Brunetti y Jorge Benegas; Manuel Iñigo, Norberto Méndez, Juan A Chena, Julio Marcarián y Alberto Violi.","Osvaldo Toriani; Marcelino Danelutti y Carlos Guastavino; Rodolfo De María, Norberto Ravecca y José Chan; Elvio Porcel de Peralta, Horacio Di Loreto, Omar García, Santos Grosso y Humberto Franchi.",18 Elvio Porcel de Peralta (TIG) -remate tras un tiro libre-</br>85 GOL Julio Marcarián (HUR) -remate suave-,45,90,0,0,Foto,Formación,Camiseta
11/05/1958,Spinetto,local,derrota,1,2,Newell's Old Boys (Rosario),4° fecha de la Copa Suecia 1958,El Palacio,José Praddaude,"Edgardo Madinabeytia; Federico Pizarro y Juan M Filgueiras; Carlos Arredondo, Enrique Brunetti y Jorge Benegas; Manuel Iñigo, Norberto Méndez, Juan A Chena, Julio Marcarián y Alberto Violi.","Vladimiro Tarnawsky; Jorge Griffa y José Echeverría; Rubén Galván, Manuel Pilan y Ángel Echeverría; Luis Pereyra, Rubén Merighi, Manuel Barrionuevo, Nicolás Di Lonardo y Jacinto Merayo.",12 GOL Nicolás Di Lonardo (NOB)</br>18 GOL Rubén Merighi (NOB)</br>49 GOL Norberto Méndez (HUR) -corrió y remató cruzado-</br>70 ATA Pizarro desvió un penal,45,90,0,0,Foto,Formación,Camiseta
18/05/1958,Spinetto,visitante,victoria,3,1,Boca Juniors,5° fecha de la Copa Suecia 1958,La Bombonera,Ángel Coerezza,"Edgardo Madinabeytia; Federico Pizarro y Juan M Filgueiras; Carlos Arredondo, Enrique Brunetti y Jorge Benegas; Manuel Iñigo, Norberto Méndez, Oscar Rossi, Julio Marcarián y Alberto Violi.","Héctor Giambartolomei; Luis Cardoso y José Poi; Héctor García, Antonio Rattín y Juan C Barberis; Herminio González, Miguel Basílico, José Borello, Juan J Rodríguez y Raúl Pérez.",19 GOL Julio Marcarián (HUR) con remate cruzado -asistencia de Norberto Méndez (HUR)-</br>55 GOL José Borello (BJU) con disparo bajo -asistencia de González-</br>56 EXP Juan C Barberis (BJU)</br>56 EXP Enrique Brunetti (HUR)</br>67 GOL Norberto Méndez (HUR) -tiro suave sobre el arquero-</br>82 GOL Norberto Méndez (HUR) -media vuelta en el área asistencia de Violi-,45,90,0,0,Foto,Formación,Camiseta
01/06/1958,Spinetto,local,empate,0,0,Racing Club,6° fecha de la Copa Suecia 1958,El Palacio,Alfonso Rodríguez,"Edgardo Madinabeytia; Federico Pizarro y Juan M Filgueiras; Carlos Arredondo, Enrique Brunetti y Oscar Villano; Manuel Iñigo, Oscar Rossi, Alberto Flamini, Julio Marcarián y Alberto Violi.","Osvaldo Negri; Norberto Anido y Juan C Murúa; Néstor De Vicente, Arnaldo Balay y Vladislao Cap; Evaristo Sande, Rubén Sosa, Juan J Pizzuti, Urbano Reynoso y Raúl Belén.",1° Tiempo: Huracán 0x0 Racing,45,90,0,0,Foto,Formación,Camiseta
05/06/1958,Spinetto,visitante,empate,1,1,Vélez Sarsfield,7° fecha de la Copa Suecia 1958,Vélez Sarsfield,Robert Turner,"Edgardo Madinabeytia; Federico Pizarro y Juan M Filgueiras; Carlos Arredondo, Enrique Brunetti y Jorge Benegas; Osvaldo Crosta, Norberto Méndez, Oscar Rossi, Héctor Aramendi y Julio Marcarián.","Floreal Rodríguez; Ángel Allegri y Héctor Otero; Carmelo Simeone, Ricardo Cielinski y Rafael García Fierro; Ernesto Sansone, Aníbal Mosca, Juan C Sánchez, Norberto Conde y Luis Manzi.",82 GOL Norberto Conde (VEL) de media vuelta tras centro -asistencia de Manzi-</br>90 GOL Jorge Benegas (HUR) con disparo tras peloteo,45,90,0,0,Foto,Formación,Camiseta
08/06/1958,Spinetto,local,victoria,3,1,Central Córdoba (Rosario),8° fecha de la Copa Suecia 1958,El Palacio,José Praddaude,"Edgardo Madinabeytia; Federico Pizarro y Juan M Filgueiras; Carlos Arredondo, Enrique Brunetti y Jorge Benegas; Manuel Iñigo, Oscar Rossi, Juan A Chena, Héctor Aramendi y Alberto Violi.","Alfonso Palminteri; Guillermo Mandigorra y Rodolfo Rivoiro; Rodolfo Valenti, Raúl Fruttero y Osvaldo Leonetti; Ricardo Raccaro, Alberto Costantino, Alberto Federico, Luis Vizzo y Antonio Delogu.",23 GOL Héctor Aramendi (HUR)</br>29 GOL Héctor Aramendi (HUR) con tiro cruzado -asistencia de Iñigo (HUR)-</br>38 GOL Héctor Aramendi (HUR) de cabezazo en corner -asistencia de Violi (HUR)-</br>57 GOL Ricardo Raccaro (CCR)</br>71 Praddaude es impactado por piedrazo - Continúa dirigiendo un juez de línea,45,90,0,0,Foto,Formación,Camiseta
14/06/1958,Spinetto,visitante,derrota,2,4,Estudiantes (La Plata),9° fecha de la Copa Suecia 1958,Uno (La Plata),Miguel Padrón,"Edgardo Madinabeytia; Federico Pizarro y Miguel Vidal; Carlos Arredondo, Enrique Brunetti y Jorge Benegas; Manuel Iñigo, Oscar Rossi, Juan A Chena, Héctor Ricardo Aramendi y Alberto Violi.","José Castro; José Silvero y Ricardo Fernández; Miguel Mieres, Héctor Zapa y Roberto Moreno; Perfecto Rodríguez, Rubén Koroch, Felipe Bracamonte, Héctor Antonio y Félix Loustau.",4 GOL Rubén Koroch (ELP)</br>41 GOL Alberto Violi (HUR) tras un centro -asistencia de Iñigo (HUR)-</br>45 LES Héctor Aramendi (HUR)</br>53 GOL Rubén Koroch (ELP)62 GOL Héctor Antonio (ELP)</br>75 GOL Rubén Koroch (ELP) de cabezazo</br>84 GOL Oscar Rossi (HUR) -asistencia de Violi (HUR)-,45,90,0,0,Foto,Formación,Camiseta
19/06/1958,Spinetto,visitante,derrota,2,3,Liverpool (Uruguay),1° fecha del Pentagonal Artigas 1958 (amistoso),Belvedere (Montevideo),Vaga,"Edgardo Madinabeytia; Federico Pizarro (57 Orlando Peloso) y Miguel Vidal; Carlos Arredondo, Enrique Brunetti (53 José Sanez) y Luis Bellatti; Manuel Iñigo, Norberto Méndez (53 Juan A Chena), Oscar Rossi, Julio Marcarián y Alberto Violi.","García; Parada y Rodríguez (46 Etchegoyen); Pedro Cubilla, José Traverso y Zas; Luis Campero, Omar Abreo, Tydeo López Piñeiro, Rubén Goncalvez y Labrucherie (46 De Britos).",33 GOL Alberto Violi (HUR)</br>37 GOL Goncalves (LIV)</br>44 EXP Luis Bellatti (HUR)</br>52 GOL Goncalves (LIV)</br>55 GOL Alberto Violi (HUR)</br>86 GOL Abreu (LIV),45,90,0,0,Foto,Formación,Camiseta
21/06/1958,Spinetto,visitante,derrota,2,3,Nacional (Uruguay),2° fecha del Pentagonal Artigas 1958 (amistoso),XXX,Marino,"Edgardo Madinabeytia; Federico Pizarro y Miguel Vidal; Carlos Arredondo, Enrique Brunetti (José Sanez) y Jorge Benegas (Carlos Grudiña); Manuel Iñigo, Norberto Méndez, Oscar Rossi (Alberto Flamini), Julio Marcarián (Juan A Chena) y Alberto Violi.","Calcagno; Pini y Caleffi; Salaberriborda, Moreno y Bagdasarian; Vázquez, Collazo, Vidal, Dorado y Corrales.",14 GOL Collazo (NAC)</br>30 GOL Vidal (NAC)</br>38 EXP Norberto Méndez (HUR)</br>82 GOL Vidal (NAC)</br>89 GOL Juan A Chena (HUR)</br>90+3 GOL Alberto Violi (HUR),45,90,0,0,Foto,Formación,Camiseta
22/06/1958,Spinetto,neutral,victoria,3,1,Sud América (Uruguay),3° fecha del Pentagonal Artigas 1958 (amistoso),Belvedere (Montevideo),Yáñez,"Edgardo Madinabeytia; Orlando Peloso y Miguel Vidal; Carlos Arredondo, Enrique Brunetti y Jorge Benegas; Manuel Iñigo, Norberto Méndez, Alberto Flamini, Julio Marcarián y Alberto Violi.","Joaquín De Gouveia; Bais y Alcides Silveira; Domingo Balbuena, Néstor Carballo y Aguerrebere; Villalba, Montoli, Solari, Mario Méndez y Américo Crescio.",7 GOL Julio Marcarián (HUR)</br>28 GOL Julio Marcarián (HUR)</br>32 GOL Julio Marcarián (HUR)</br>38 GOL M Méndez (SAM),45,90,0,0,Foto,Formación,Camiseta
29/06/1958,Spinetto,visitante,derrota,1,3,Newell's Old Boys (Rosario),11° fecha de la Copa Suecia 1958,Parque Independencia (Rosario),Ángel Coerezza,"Edgardo Madinabeytia; Federico Pizarro y Miguel Vidal; Carlos Arredondo, José Sanez y Jorge Benegas; Manuel Iñigo, Norberto Méndez, Oscar Rossi, Alberto Flamini y Alberto Violi.","Vladimiro Tarnawsky; David Bianchini y José Echeverría; Rubén Galván, Jorge Griffa y Ángel Echeverría; Luis Pereyra, Rubén Merighi, José Tagle, Nicolás Di Lonardo y Jacinto Merayo.",25 GOL Jacinto Merayo (NOB)</br>68 GOL Luis Pereyra (NOB) de tiro libre</br>70 GOL Manuel Iñigo (HUR) -asistencia de Oscar Rossi (HUR)-</br>78 GOL Luis Pereyra (NOB) con fuerte disparo que pegó en Sanez,45,90,0,0,Foto,Formación,Camiseta
02/07/1958,Spinetto,local,empate,1,1,Tigre,10° fecha de la Copa Suecia 1958,El Palacio,Harry Davis,"Luis Mazza; Federico Pizarro y Miguel Vidal; Carlos Arredondo, José Sanez y Jorge Benegas; Manuel Iñigo, Norberto Méndez, Oscar Rossi, Julio Marcarián y Alberto Violi.","Tito Álvarez Vega; Marcelino Danelutti y Carlos Guastavino; Guillermo Leguía, Jorge Ruiz y Norberto Ravecca; Daniel Álvarez, Horacio Di Loreto, Héctor Molina, Omar García y Humberto Franchi.",25 GOL Oscar Rossi (HUR) -remate bajo y cruzado tras rebote-</br>87 GOL Jorge Ruiz (TIG) -patea tras fallido del arquero en tiro libre-,45,90,0,0,Foto,Formación,Camiseta
05/07/1958,Spinetto,neutral,victoria,3,2,Rampla Juniors (Uruguay),4° fecha del Pentagonal Artigas 1958 (amistoso),Centenario (Montevideo),Vaga,"Edgardo Madinabeytia; Luis Julio y Oscar Villano (46 José Sanez); Carlos Arredondo, Enrique Brunetti y González; Manuel Iñigo, Norberto Méndez (46 Juan A Chena), Oscar Rossi, Julio Marcarián y Alberto Violi.","Rodríguez; Blanco y Brazzionis; Velázquez, Castillo y Peña; Pérez, Berrade, Pedersen, Kullys (46 Rey) y Roque.",30 GOL Pedersen -penal- (RJU)</br>37 GOL Oscar Rossi (HUR)</br>48 GOL Oscar Rossi (HUR)</br>60 GOL Juan A Chena (HUR)</br>72 GOL Roque -penal- (RJU),45,90,0,0,Foto,Formación,Camiseta
06/07/1958,Spinetto,local,derrota,0,2,Argentinos Juniors,4° fecha del Campeonato 1958,El Palacio,Nai Foino,"Edgardo Madinabeytia; Federico Pizarro y Miguel Vidal; Carlos Arredondo, Enrique Brunetti y Jorge Benegas; Manuel Iñigo, Oscar Rossi, Juan A Chena, Julio Marcarián y Alberto Violi.","Spilinga; Mascarello y Román; Martín, Pederzoli y Orlando Nappe; Carbone, Pando, Trigili, Callá y Sciarra.",39 GOL Sciarra (AJU)</br>89 GOL Sciarra (AJU),45,90,0,0,Foto,Formación,Camiseta
13/07/1958,Spinetto,local,empate,1,1,River Plate,5° fecha del Campeonato 1958,El Palacio,Ventre,"Edgardo Madinabeytia; Federico Pizarro y Miguel Vidal; Carlos Arredondo, Enrique Brunetti y Jorge Benegas; Osvaldo Crosta, Norberto Méndez, Oscar Rossi, Pedro Medina y Julio Marcarián.","Ovejero; Malazzo, Vairo y Nuín; Magri y Urriolabeitia; Rodolfo Micheli, Zarich, Norberto Menéndez, Rodríguez y Villagarcía.",4 GOL Villagarcía (RPL)</br>61 GOL Jorge Benegas (HUR),45,90,0,0,Foto,Formación,Camiseta
17/07/1958,Spinetto,visitante,victoria,1,0,Rosario Central,6° fecha del Campeonato 1958,Arroyito (Rosario),Spinetto,"Edgardo Madinabeytia; Federico Pizarro y Miguel Vidal; Carlos Arredondo, Enrique Brunetti y Jorge Benegas; Osvaldo Crosta, Norberto Méndez, Oscar Rossi, Julio Marcarián y Jorge Diz.","Bertoldi; Lombardi y Cardoso; Álvarez, Minni y La Rosa; Sánchez, Rivero, Juárez, Castro y Giménez.",36 GOL Julio Marcarián (HUR),45,90,0,0,Foto,Formación,Camiseta
27/07/1958,Spinetto,local,victoria,5,0,Central Córdoba (Rosario),7° fecha del Campeonato 1958,El Palacio,Padrón,"Edgardo Madinabeytia; Federico Pizarro y Miguel Vidal; Carlos Arredondo, Enrique Brunetti y Oscar Villano; Manuel Iñigo, Osvaldo Crosta, Oscar Rossi, Julio Marcarián y Jorge Diz.","Palminteri; Álvarez y Rivoiro; Valenti, Villagra y Fruttero; Echenique, López, Cecchini, Vizzo y Delogú.",5 GOL Osvaldo Crosta (HUR)</br>7 GOL Julio Marcarián (HUR)</br>11 GOL Jorge Diz (HUR)</br>49 GOL Julio Marcarián (HUR)</br>74 GOL Julio Marcarián (HUR),45,90,0,0,Foto,Formación,Camiseta
02/08/1958,Spinetto,local,victoria,5,1,Liverpool (Uruguay),Amistoso 1958 (Beneficio de inundados),Gasómetro,Coerezza,"Edgardo Madinabeytia (Rodolfo Oviedo); Orlando Peloso y Miguel Vidal; Carlos Arredondo, Enrique Brunetti y Oscar Villano; Manuel Iñigo, Norberto Méndez (Osvaldo Crosta), Oscar Rossi (Horacio Onzari), Julio Marcarián y Jorge Diz.","Levi (Pintado); Parada y Rodríguez (Vilches); Pedro Cubilla, González y Etchegoyen (Zas); Campero, De Britos, Gonçalves, Abreo y Negro.",20 GOL Oscar Rossi (HUR)</br>22 GOL Jorge Diz (HUR)</br>40 GOL Parada (LIV) -penal-</br>44 GOL Oscar Rossi (HUR)</br>61 GOL Enrique Brunetti (HUR)</br>62 GOL Julio Marcarián (HUR),45,90,0,0,Foto,Formación,Camiseta
10/08/1958,Spinetto,visitante,derrota,1,4,Racing Club,8° fecha del Campeonato 1958,El Cilindro,Coerezza,"Edgardo Madinabeytia; Federico Pizarro y Miguel Vidal; Carlos Arredondo, José Sanez y Oscar Villano; Manuel Iñigo, Osvaldo Crosta, Oscar Rossi, Julio Marcarián y Jorge Diz.","Negri; Pedro Dellacha y Murúa; De Vicente, Vladislao Cap y Gianella; Corbatta, Juan J Pizzuti, Manfredini, Sosa y Belén.",30 GOL Sosa (RAC)</br>52 GOL Manfredini (RAC)</br>65 GOL Juan J Pizzuti (RAC)</br>84 GOL Osvaldo Crosta (HUR)</br>89 GOL Corbatta (RAC),45,90,0,0,Foto,Formación,Camiseta
12/08/1958,Spinetto,local,derrota,3,6,Boca Juniors,12° fecha de la Copa Suecia 1958,El Palacio,Francisco Lamolina,"Rodolfo Oviedo; Orlando Peloso y Juan M Filgueiras; Carlos Arredondo, Enrique Brunetti y Jorge Benegas; Osvaldo Crosta, Norberto Méndez, Horacio Onzari, Julio Marcarián y Alberto Violi.","Osvaldo Ayala; Juan A Fiaño y Sergio De Gioia; Héctor García, Antonio Rattín y José Poi; Ricardo Scialino, Javier Ambrois, José Borello, Juan C Rodríguez y Raúl Pérez.",26 GOL Javier Ambrois (BJU) con tiro libre de 30 mts</br>27 GOL Horacio Onzari (HUR) tras peloteo en el área</br>40 GOL Javier Ambrois (BJU) -asistencia de Juan C Rodríguez (BJU)-</br>44 GOL Raúl Pérez (BJU) entró a la carrera -asistencia de José Borello (BJU)-</br>55 GOL Julio Marcarián (HUR) con toque suave junto a un palo</br>68 GOL José Borello (BJU) -asistencia de Juan C Rodríguez (BJU)-</br>72 GOL Javier Ambrois (BJU) -desvió en Filgueiras y se metió-</br>75 GOL Orlando Peloso (HUR) de penal</br>81 GOL Javier Ambrois (BJU) de tiro libre,45,90,0,0,Foto,Formación,Camiseta
17/08/1959,Spinetto,local,victoria,2,1,Gimnasia y Esgrima (La Plata),9° fecha del Campeonato 1958,El Palacio,Spinetto,"Edgardo Madinabeytia; Federico Pizarro y Miguel Vidal; Carlos Arredondo, Enrique Brunetti y Jorge Benegas; Manuel Iñigo, Norberto Méndez, Oscar Rossi, Horacio Onzari y Julio Marcarián.","Gerónimo; Ambrosi y Galeano; Marinovich, Pegnotti y Smargiassi; Berni, Baiocco, Eduardo V Domínguez, Bayo y Cabrera.",4 GOL Norberto Méndez (HUR)</br>31 GOL Manuel Iñigo (HUR)</br>34 GOL Baiocco (GLP),45,90,0,0,Foto,Formación,Camiseta
27/08/1958,Spinetto,visitante,derrota,0,5,Racing Club,13° fecha de la Copa Suecia 1958,El Cilindro,Erwin Hiegger,"Edgardo Madinabeytia; Federico Pizarro y Miguel Vidal; Carlos Arredondo, Enrique Brunetti y Oscar Villano; Osvaldo Crosta, Norberto Méndez, Oscar Rossi, Julio Marcarián y Alberto Violi.","Osvaldo Negri; Pedro Dellacha y Juan C Murúa; Néstor De Vicente, Vladislao Cap y Julio Gianella; Oreste Corbatta, Juan J Pizzuti, Pedro Manfredini, Rubén Sosa y Raúl Belén.",10 GOL Juan J Pizzuti (RAC) -entró tras pegar en un poste-</br>14 GOL Rubén Sosa (RAC) -tomó rebote tras tiro libre-</br>28 GOL Raúl Belén (RAC) -tras dejar en camino a un defensor-</br>29 GOL Pedro Manfredini (RAC) -asistencia de Belén-</br>61 EXP Enrique Brunetti (HUR)</br>65 GOL Julio Gianella (RAC) -disparo de 25 mts.-</br>66 EXP Federico Pizarro (HUR),45,90,0,0,Foto,Formación,Camiseta
31/08/1958,Spinetto,visitante,empate,2,2,Lanús,10° fecha del Campeonato 1958,Lanús,Praddaude,"Edgardo Madinabeytia; Orlando Peloso y Miguel Vidal; Fernando Gianserra, José Sanez y Carlos Arredondo; Osvaldo Crosta, Norberto Méndez, Oscar Rossi, Horacio Onzari y Julio Marcarián.","Cantera; Correa y Toledo; Daponte, Guidi y Ramos Delgado; Carranza, Navales, Gómez, Rojas y Di Stéfano.",30 GOL Oscar Rossi (HUR)</br>82 GOL Julio Marcarián (HUR)</br>85 GOL Navales (LAN)</br>88 GOL Navales (LAN),45,90,0,0,Foto,Formación,Camiseta
07/09/1958,Spinetto,local,victoria,5,0,Vélez Sarsfield,11° fecha del Campeonato 1958,El Palacio,Padrón,"Edgardo Madinabeytia; Orlando Peloso y Juan M Filgueiras; Carlos Arredondo, José Sanez y Jorge Benegas; Manuel Iñigo, Norberto Méndez, Oscar Rossi, Horacio Onzari y Julio Marcarián.","Marapodi; Allegri y González; Ávalos, Cielinski y García Fierro; Tignanelli, Bonnano, Sánchez, López Espinosa y Manzi.",14 GOL Orlando Peloso (HUR)</br>32 GOL Oscar Rossi (HUR)</br>50 GOL Julio Marcarián (HUR)</br>73 GOL Orlando Peloso (HUR) -penal-</br>88 GOL Oscar Rossi (HUR),45,90,0,0,Foto,Formación,Camiseta
17/09/1958,Spinetto,visitante,derrota,1,3,San Lorenzo de Almagro,12° fecha del Campeonato 1958,Gasómetro,Davies,"Edgardo Madinabeytia; Orlando Peloso y Juan M Filgueiras; Carlos Arredondo, José Sanez y Jorge Benegas; Manuel Iñigo, Alberto Flamini, Oscar Rossi, Horacio Onzari y Julio Marcarián.","Carrillo; Páez y David Iñigo; Castillo, Ferro y Montero; Boggio, Herrera, Lallana, Sanfilippo y Cigna.",49 GOL Jose Sanfilippo (SLA) -penal-</br>60 GOL Cigna (SLA)</br>81 GOL Boggio (SLA)</br>87 GOL Orlando Peloso (HUR) -penal-,45,90,0,0,Foto,Formación,Camiseta
21/09/1958,Spinetto,local,victoria,4,0,Newell's Old Boys (Rosario),13° fecha del Campeonato 1958,El Palacio,Nai Foino,"Edgardo Madinabeytia; Federico Pizarro y Juan M Filgueiras; Fernando Gianserra, José Sanez y Jorge Benegas; Manuel Iñigo, Norberto Méndez, Oscar Rossi, Horacio Onzari y Julio Marcarián.","Tarnawsky; Griffa y Echeverría; D'Ambrosio, Pilán y Sacchi; Pereyra, Merighi, Barrionuevo, Di Lonardo y Urquiza.",14 GOL Horacio Onzari (HUR)</br>27 GOL Oscar Rossi (HUR)</br>44 GOL Jorge Benegas (HUR)</br>50 GOL Horacio Onzari (HUR),45,90,0,0,Foto,Formación,Camiseta
28/09/1958,Spinetto,visitante,derrota,1,3,Atlanta,14° fecha del Campeonato 1958,Villa Crespo,Turner,"Edgardo Madinabeytia; Federico Pizarro y Juan M Filgueiras; Fernando Gianserra, José Sanez y Jorge Benegas; Manuel Iñigo, Norberto Méndez, Oscar Rossi, Horacio Onzari y Julio Marcarián.","Rocha; Clariá y Etchegaray; Desanzo, Griguol y Betinotti; Alberto Dezorzi, Osvaldo Güenzatti, Calvanese, Zubeldía y Ruggiero.",31 GOL Ruggiero (ATL) -penal-</br>55 EXP Julio Marcarián (HUR)</br>62 GOL Ruggiero (ATL)</br>51 GOL Desanzo (ATL)</br>76 GOL Oscar Rossi (HUR) -penal-,45,90,0,0,Foto,Formación,Camiseta
05/10/1958,Spinetto,local,victoria,3,1,Independiente,15° fecha del Campeonato 1958,Gasómetro,Coerezza,"Edgardo Madinabeytia; Federico Pizarro y Juan M Filgueiras; Fernando Gianserra, José Sanez y Jorge Benegas; Manuel Iñigo, Norberto Méndez, Oscar Rossi, Horacio Onzari y Alberto Violi.","Julio Cozzi; Mousegne y Juan A Bendazzi; Britos, Rodríguez y Varacka; Raffo, Bonelli, Blanco, Nakwacki y Cruz.",23 GOL Horacio Onzari (HUR)</br>33 GOL Nakwacki (IND)</br>60 GOL Horacio Onzari (HUR)</br>67 GOL Horacio Onzari (HUR),45,90,0,0,Foto,Formación,Camiseta
12/10/1958,Spinetto,local,derrota,0,1,Estudiantes (La Plata),16° fecha del Campeonato 1958,Gasómetro,Padrón,"Edgardo Madinabeytia; Federico Pizarro y Juan M Filgueiras; Fernando Gianserra, José Sanez y Jorge Benegas; Manuel Iñigo, Norberto Méndez, Oscar Rossi, Horacio Onzari y Alberto Violi.","Castro; Silvero y Fernández; Polischuk, Zapa y Mieres; Rodríguez, Bracamonte, Ricardo Infante, Antonio y Ruggeri.",32 GOL Ricardo Infante (ELP),45,90,0,0,Foto,Formación,Camiseta
19/10/1958,Spinetto,visitante,empate,2,2,Boca Juniors,17° fecha del Campeonato 1958,La Bombonera,Spinetto,"Edgardo Madinabeytia; Federico Pizarro y Juan M Filgueiras; Fernando Gianserra, José Sanez y Jorge Benegas; Horacio Onzari, Norberto Méndez, Oscar Rossi, Alberto Flamini y Jorge Diz.","Giambartolomei; Cardoso y De Gioia; García, Rattín y Poi; Nardiello, Ambrois, Mansilla, Juan J Rodríguez y Juan C Rodríguez.",3 GOL Alberto Flamini (HUR)</br>13 GOL Ambrois (BJU)</br>24 GOL García (HUR) -en contra-</br>37 GOL Juan J Rodríguez (BJU),45,90,0,0,Foto,Formación,Camiseta
22/10/1958,Spinetto,local,victoria,1,0,Tigre,18° fecha del Campeonato 1958,El Palacio,Davies,"Edgardo Madinabeytia; Federico Pizarro y Juan M Filgueiras; Fernando Gianserra, José Sanez y Jorge Benegas; Horacio Onzari, Norberto Méndez, Oscar Rossi, Alberto Flamini y Jorge Diz.","Álvarez Vega; Rosso y Mareque; Palomo, Jorge Ruiz y Chan; Gómez, Di Loreto, García, Druziuk y Franchi.",59 GOL Norberto Méndez (HUR),45,90,0,0,Foto,Formación,Camiseta
26/10/1958,Spinetto,visitante,derrota,0,3,Argentinos Juniors,19° fecha del Campeonato 1958,Boyacá,Miranda,"Edgardo Madinabeytia; Federico Pizarro y Juan M Filgueiras; Fernando Gianserra, José Sanez y Jorge Benegas; Manuel Iñigo, Juan A Chena, Oscar Rossi, Horacio Onzari y Jorge Diz.","Madeira; Mascarello y Torres; Di Stéfano, José Fantín y Orlando Nappe; Carbone, Pando, Peduto, Callá y Tedeschi.",23 GOL Pando (AJU)</br>66 GOL Pando (AJU)</br>69 GOL Peduto (AJU),45,90,0,0,Foto,Formación,Camiseta
02/11/1958,Spinetto,visitante,victoria,0,0,River Plate,20° fecha del Campeonato 1958,Caballito,-,-,-,River Plate no se presenta - Huracán gana los puntos.,0,0,0,0,Foto,Formación,Camiseta
07/11/1958,Spinetto,local,derrota,0,1,Rosario Central,21° fecha del Campeonato 1958,El Palacio,Lamolina,"Luis Mazza; Federico Pizarro y Miguel Vidal; Reinaldo Molina, José Sanez y Oscar Villano; Manuel Iñigo, Norberto Méndez, Miguel Pezzi, Horacio Onzari y Julio Marcarián.","Bertoldi; Lombardi y Cardoso; Álvarez, Minni y La Rosa; Camilo, Sánchez, Juárez, Rivero y Giménez.",10 GOL Juárez (RCE),45,90,0,0,Foto,Formación,Camiseta
11/11/1958,Spinetto,visitante,derrota,0,1,Central Córdoba (Rosario),22° fecha del Campeonato 1958,Parque Independencia (Rosario),Pincirolli,"Luis Mazza; Federico Pizarro y Juan M Filgueiras; Reinaldo Molina, José Sanez y Oscar Villano; Manuel Iñigo, Norberto Méndez, Miguel Pezzi, Julio Marcarián y Feliciano Grande.","Palminteri; Álvarez y Rivoiro; Valenti, Villagra y Fruttero; Cecchini, López, Federico, Bertral y Delogú.",36 GOL Federico (CCR),45,90,0,0,Foto,Formación,Camiseta
16/11/1958,Spinetto,local,derrota,2,4,Racing Club,23° fecha del Campeonato 1958,El Palacio,Turner,"Luis Mazza; Federico Pizarro y Juan M Filgueiras; Reinaldo Molina, José Sanez y Oscar Villano; Jorge Defilpo, Osvaldo Crosta, Héctor Aramendi, Julio Marcarián y Feliciano Grande.","Negri; Pedro Dellacha y Murúa; Bono, Vladislao Cap y Gianella; Sande, Pizzuti, Manfredini, Sosa y Belén.",26 GOL Osvaldo Crosta (HUR)</br>36 GOL Pizzuti (RAC) -penal-</br>43 GOL Sosa (RAC)</br>70 GOL Pizzuti (RAC)</br>72 GOL Pizzuti (RAC)</br>82 GOL Jorge Defilpo (HUR),45,90,0,0,Foto,Formación,Camiseta
19/11/1958,Spinetto,visitante,derrota,1,2,Gimnasia y Esgrima (La Plata),24° fecha del Campeonato 1958,El Bosque (La Plata),Coerezza,"Rodolfo Oviedo; Federico Pizarro y Juan M Filgueiras; Reinaldo Molina, José Sanez y Oscar Villano; Jorge Defilpo, Osvaldo Crosta, Héctor Aramendi, Julio Marcarián y Feliciano Grande.","Gerónimo; Lejona y Molina; Smargiassi, Marinovich y Pegnotti; Murúa, Carro, Maravilla, Bayo y Villegas.",68 GOL Carrió (GLP)</br>75 GOL Bayo (GLP) -penal-</br>89 GOL Jorge Defilpo (HUR),45,90,0,0,Foto,Formación,Camiseta
23/11/1958,Spinetto,local,victoria,3,0,Lanús,25° fecha del Campeonato 1958,El Palacio,Davies,"Edgardo Madinabeytia; Luis Julio y Miguel Vidal; Reinaldo Molina, José Sanez y Jorge Benegas; Osvaldo Crosta, Norberto Méndez, Héctor Aramendi, Julio Marcarián y Feliciano Grande.","Celadilla; Pane y Bertulessi; Tezzotto, Saravia y Díaz; Polero, Navales, Cejas, Rojas y Rambert.",13 GOL Osvaldo Crosta (HUR)</br>25 GOL Norberto Méndez (HUR)</br>84 GOL Héctor Aramendi (HUR),45,90,0,0,Foto,Formación,Camiseta
03/12/1958,Spinetto,visitante,derrota,0,1,Vélez Sarsfield,26° fecha del Campeonato 1958,Vélez Sarsfield,Lamolina,"Edgardo Madinabeytia; Federico Pizarro y Miguel Vidal; Reinaldo Molina, José Sanez y Jorge Benegas; Osvaldo Crosta, Norberto Méndez, Oscar Rossi, Julio Marcarián y Feliciano Grande.","Rodríguez; Allegri y García Fierro; Simeone, Cielinski y Bosich; Mosca, Avio, López Espinosa, Norberto Conde y Lezcano.",33 GOL Lezcano (VSA)</br>88 GOL Federico Pizarro (HUR)</br>89 GOL Mosca (VSA),45,90,0,0,Foto,Formación,Camiseta
07/12/1958,Spinetto,local,derrota,2,4,San Lorenzo de Almagro,27° fecha del Campeonato 1958,El Palacio,Praddaude,"Edgardo Madinabeytia; Luis Julio y Miguel Vidal; Fernando Gianserra, Jorge Benegas y Oscar Villano; Osvaldo Crosta, Norberto Méndez, Oscar Rossi, Julio Marcarián y Feliciano Grande.","Carrillo; Castillo, Reynoso y David Iñigo; Boveri, Herrera y Ferro; Boggio, Ruiz, Sanfilippo y Cigna.",2 GOL José Sanfilippo (SLA)</br>17 GOL José Sanfilippo (SLA)</br>34 GOL Herrera (SLA)</br>44 GOL Oscar Rossi (HUR)</br>47 GOL Norberto Méndez (HUR)</br>80 GOL Ruiz (SLA),45,90,0,0,Foto,Formación,Camiseta
13/12/1958,Spinetto,visitante,victoria,2,1,Newell's Old Boys (Rosario),28° fecha del Campeonato 1958,Parque Independencia (Rosario),Pincirolli,"Edgardo Madinabeytia; Luis Julio y Miguel Vidal; Reinaldo Molina, José Sanez y Jorge Benegas; Osvaldo Crosta, Oscar Rossi, Horacio Onzari, Julio Marcarián y Feliciano Grande.","Tarnawsky; Griffa y D'Ambrosio; Di Santo, Sacchi y Sanguinetti; Pallotti, Tagle, Barrionuevo, Córdoba y Merayo.",8 GOL Merayo (NOB)</br>33 GOL Feliciano Grande (HUR)</br>43 GOL Julio Marcarián (HUR),45,90,0,0,Foto,Formación,Camiseta
21/12/1958,Spinetto,local,victoria,2,1,Atlanta,29° fecha del Campeonato 1958,El Palacio,Davies,"Edgardo Madinabeytia; Luis Julio y Miguel Vidal; Reinaldo Molina, José Sanez y Jorge Benegas; Osvaldo Crosta, Oscar Rossi, Horacio Onzari, Julio Marcarián y Feliciano Grande.","Rocha; Clariá y Etchegaray; Desanzo, Griguol y Bettinotti; Alberto Dezorzi, Osvaldo Güenzatti, Calvanese, Osvaldo Zubeldía y Ruggiero.",17 GOL Osvaldo Zubeldía (ATL)</br>38 GOL Julio Marcarián (HUR)</br>42 GOL Osvaldo Crosta (HUR)</br>80 EXP Calvanese (ATL),45,90,0,0,Foto,Formación,Camiseta
27/12/1958,Spinetto,visitante,derrota,1,5,Independiente,30° fecha del Campeonato 1958,Doble Visera,Pincirolli,"Edgardo Madinabeytia; Luis Julio y Miguel Vidal; Reinaldo Molina, José Sanez y Jorge Benegas; Osvaldo Crosta, Oscar Rossi, Horacio Onzari, Julio Marcarián y Feliciano Grande.","Abraham; Wrobel y Navarro; Ferreiro, Rodríguez y Varacka; Raffo, Abeledo, Jiménez, Villegas y Sesti.",20 GOL Jiménez (IND)</br>24 GOL Abeledo (IND)</br>47 GOL Raffo (IND)</br>50 GOL Miguel Vidal (HUR) -penal-</br>56 GOL Villegas (IND)</br>82 GOL Abeledo (IND),45,90,0,0,Foto,Formación,Camiseta
30/12/1958,Spinetto,local,victoria,4,1,Vélez Sarsfield,14° fecha de la Copa Suecia 1958,El Palacio,desconocido,"Edgardo Madinabeytia; Federico Pizarro y Miguel Vidal; Reinaldo Molina, José Sanez y Jorge Benegas; Alberto Rendo, Osvaldo Crosta, Oscar Rossi, Héctor Aramendi y Feliciano Grande.","Floreal Rodríguez; Eduardo Batagelj y Rafael García Fierro; Eduardo González, José García y José Paladino; Felipe Zelada, Atilio Sánchez, Juan C Sánchez, Marcelo López Espinosa y Roberto Lezcano.",20 GOL Alberto Rendo (HUR)</br>31 GOL Oscar Rossi (HUR)</br>81 GOL Alberto Rendo (HUR)</br>85 GOL Juan C Sánchez (VEL)</br>88 GOL Feliciano Grande (HUR),45,90,0,0,Foto,Formación,Camiseta
01/02/1959,Spinetto,visitante,victoria,7,0,Temperley,Amistoso 1959,-,desconocido,-,-,sin datos,45,90,0,0,Foto,Formación,Camiseta
03/05/1959,N Rossi,local,empate,1,1,Estudiantes (La Plata),1° fecha del Campeonato 1959,El Palacio,Praddaude,"Walter Taibo; Carlos Arredondo, Hebert Pérez, José Sanez y Miguel Vidal; Oscar Rossi, Néstor Rossi y Juan L Cañete; Ernesto Sansone, Alberto Evaristo y Elio Montaño.","Toledo; Galocha, Silvero, Magri y Alarcón; Antonio y Zapa; Ruggeri, Ricardo Infante, Bracamonte y Fillol.",63 GOL Oscar Rossi (HUR)</br>77 GOL Bracamonte (ELP),45,90,0,0,Foto,Formación,Camiseta
13/05/1959,N Rossi,visitante,empate,1,1,Argentinos Juniors,2° fecha del Campeonato 1959,Boyacá,Comesaña,"Walter Taibo; Carlos Arredondo, Hebert Pérez, José Sanez y Miguel Vidal; Oscar Rossi, Néstor Rossi y Juan L Cañete; Ernesto Sansone, Juan C Soria y Elio Montaño.","Moreno; Oscar Di Stéfano, Mascarello, Gutiérrez y Luchessi; Pando y Orlando Nappe; Scialino, Peduto, Callá y Mario Sciarra.",60 GOL Elio Montaño (HUR)</br>68 LES Juan L Cañete (HUR)</br>78 GOL Mario Sciarra (AJU),45,90,0,0,Foto,Formación,Camiseta
20/05/1959,N Rossi,local,victoria,2,1,Ferro C. Oeste,3° fecha del Campeonato 1959,El Palacio,Goicoechea,"Walter Taibo; Carlos Arredondo, Hebert Pérez, Enrique Brunetti y Miguel Vidal; Oscar Rossi, Néstor Rossi y Feliciano Grande; Ernesto Sansone, Juan C Soria y Elio Montaño.","Roma; Mastrogiuseppe, Alonso, Devita y Leonardi; Campana y Balay; Juárez, Lugo, Berón y Kolandjian.",27 GOL Kolanjian (FCO)</br>72 EXP Alonso (FCO)</br>72 EXP Néstor Rossi (HUR)</br>82 GOL Miguel Vidal (HUR) -penal-</br>85 GOL Miguel Vidal (HUR) -penal-,45,90,0,0,Foto,Formación,Camiseta
24/05/1959,N Rossi,visitante,empate,3,3,Racing Club,4° fecha del Campeonato 1959,El Cilindro,Padrón,"Walter Taibo; Carlos Arredondo, Hebert Pérez, Oscar Villano y Miguel Vidal; Osvaldo Crosta, José Sanez y Feliciano Grande; Ernesto Sansone, Oscar Rossi y Elio Montaño.","Negri; De Vicente, Anido, Gianella y Murúa; Juan J Pizzuti y Vladislao Cap; Corbatta, Mottura, Sosa y Belén.",23 GOL Oscar Rossi (HUR)</br>29 GOL Elio Montaño (HUR)</br>54 GOL Elio Montaño (HUR)</br>36 GOL Juan J Pizzuti (RAC)</br>73 GOL Sosa (RAC)</br>76 GOL Mottura (RAC),45,90,0,0,Foto,Formación,Camiseta
28/05/1959,N Rossi,visitante,derrota,1,2,Lanús,5° fecha del Campeonato 1959,Lanús,Nai Fino,"Walter Taibo; Carlos Arredondo, Hebert Pérez, Oscar Villano y Miguel Vidal; Osvaldo Crosta, José Sanez y Feliciano Grande; Ernesto Sansone, Oscar Rossi y Elio Montaño.","Sánchez; Daponte, Prato, José Nazionale y Bertulessi; Blanco y Guidi; Carranza, Borello, Santos y Gómez.",39 GOL Osvaldo Crosta (HUR)</br>64 GOL Santos (LAN)</br>88 GOL Daponte (LAN),45,90,0,0,Foto,Formación,Camiseta
31/05/1959,N Rossi,local,empate,0,0,Rosario Central,6° fecha del Campeonato 1959,El Palacio,Ventre,"Walter Taibo; Carlos Arredondo, Hebert Pérez, Oscar Villano y Miguel Vidal; Osvaldo Crosta y Juan J Bagnera; Ernesto Sansone, Oscar Rossi, Elio Montaño y Feliciano Grande.","Bertoldi; Álvarez, Lombardi, La Rosa y Cardoso; Rivero y Minni; Sánchez, Juárez, Colla y Giménez.",1° Tiempo: Huracán 0x0 Central,45,90,0,0,Foto,Formación,Camiseta
03/06/1959,N Rossi,visitante,derrota,0,2,Nacional (Uruguay),Amistoso 1959,Centenario (Montevideo),Domínguez,"Walter Taibo (Miguel Rojas); Carlos Arredondo (Reinaldo Molina), Sosa, Miguel Vidal (Miguel Romero) y Oscar Villano (Luis Bellatti); Osvaldo Crosta y Juan J Bagnera; Rodolfo Micheli (Héctor Aramendi), Oscar Rossi, Elio Montaño (Suárez) y Feliciano Grande (Jorge Diz).","Cardinal; Mesías, Di Fabio, Rodríguez Andrade y Ávalos; Núñez y J Romero; Brítos, Gómez, Landaco (Collazo) y Escalada.",GOL Núñez (NAC)</br>GOL Núñez (NAC),45,90,0,0,Foto,Formación,Camiseta
07/06/1959,N Rossi,visitante,victoria,2,1,Boca Juniors,7° fecha del Campeonato 1959,La Bombonera,Miguel Comesaña,"Walter Taibo; Hebert Pérez y Miguel Vidal; Carlos Arredondo, Juan Bagnera y José Sanez; Rodolfo Micheli, Osvaldo Crosta, Oscar Rossi, Elio Montaño y Jorge Diz.","Julio Musimessi; Luis Cardoso y Federico Edwards; Francisco Lombardo, Antonio Rattín y Eliseo Mouriño; Angel Nardiello, Javier Ambrois, Pedro Mansilla, Juan J Rodríguez y José Yudica.",6 GOL Elio Montaño (HUR) -asistencia de Rodolfo Micheli (HUR)-</br>15 GOL Oscar Rossi (HUR) -tiro libre-</br>75 GOL Pedro Mansilla (BJU) -fuerte tras rechazo de arquero-,45,90,0,0,Foto,Formación,Camiseta
14/06/1959,N Rossi,local,victoria,3,1,Gimnasia y Esgrima (La Plata),8° fecha del Campeonato 1959,El Palacio,Bossolino,"Walter Taibo; Carlos Arredondo, Hebert Pérez, José Sanez y Miguel Vidal; Osvaldo Crosta y Juan J Bagnera; Rodolfo Micheli, Oscar Rossi, Elio Montaño y Jorge Diz.","Gerónimo; García, Galeano, Vivas y Molina; Prado y Novarini; Cabrera, Eduardo V Domínguez, Roberto Bellomo y Arrambide.",18 GOL Roberto Bellomo (GLP)</br>33 GOL Oscar Rossi (HUR)</br>44 GOL Elio Montaño (HUR)</br>45 EXP Galeano (GLP)</br>52 GOL Osvaldo Crosta (HUR)</br>55 EXP Novarini (GLP),45,90,0,0,Foto,Formación,Camiseta
21/06/1959,N Rossi,visitante,derrota,0,4,Independiente,9° fecha del Campeonato 1959,Doble Visera,Ventre,"Walter Taibo; Carlos Arredondo, Hebert Pérez, José Sanez y Miguel Vidal; Osvaldo Crosta y Juan J Bagnera; Rodolfo Micheli, Oscar Rossi, Elio Montaño y Jorge Diz.","Abraham; Ferreiro, Navarro, Varacka y Britos; Abeledo y Rodríguez; Carbone, Jiménez, Nakwacki y Cruz.",7 GOL Abeledo (IND)</br>19 GOL Jiménez (IND)</br>20 GOL Jiménez (IND)</br>69 GOL Cruz (IND),45,90,0,0,Foto,Formación,Camiseta
28/06/1959,N Rossi,local,empate,2,2,Atlanta,10° fecha del Campeonato 1959,El Palacio,Spinetto,"Walter Taibo; Carlos Arredondo, Hebert Pérez, Oscar Villano y Miguel Vidal; Osvaldo Crosta, José Sanez y Jorge Diz; Rodolfo Micheli, Oscar Rossi y Elio Montaño.","Rocha (86 Errea); Desanzo, Clariá, Bettinotti y Zivec; Mario Griguol y Carlos Griguol; Alberto Dezorzi, Calvanese, Osvaldo Zubeldía y Roque.",8 GOL Alberto Dezorzi (ATL)</br>19 GOL Oscar Rossi (HUR) -penal-</br>36 GOL Mario Griguol (ATL)</br>40 GOL Oscar Rossi (HUR),45,90,0,0,Foto,Formación,Camiseta
05/07/1959,N Rossi,visitante,victoria,2,1,Vélez Sarsfield,11° fecha del Campeonato 1959,Vélez Sarsfield,Nai Foino,"Walter Taibo; Carlos Arredondo, Hebert Pérez, Oscar Villano y Miguel Vidal; Osvaldo Crosta, José Sanez y Jorge Diz; Rodolfo Micheli, Oscar Rossi y Elio Montaño.","Rodríguez; Simeone, Batagelj, Bosich y Mareque; Avio y Cielinski; Bonanno, Trigili, López Espinosa y Mosca.",9 GOL Walter Taibo (VSA) -en contra-</br>12 GOL Rodolfo Micheli (HUR)</br>43 GOL Oscar Rossi (HUR),45,90,0,0,Foto,Formación,Camiseta
09/07/1959,N Rossi,visitante,empate,2,2,Liga de Rafaela,Amistoso 1959 (fecha patria),(Rafaela),desconocido,-,-,sin datos,45,90,0,0,Foto,Formación,Camiseta
12/07/1959,N Rossi,visitante,empate,0,0,Liga de Paraná,Amistoso 1959 (fecha patria),(Paraná),desconocido,-,-,sin datos,45,90,0,0,Foto,Formación,Camiseta
24/07/1959,N Rossi,visitante,empate,2,2,Barcelona (Ecuador),1° fecha del Cuadrangular de Guayaquil 1959 (amistoso),Modelo (Guayaquil),desconocido,"Walter Taibo; Reinaldo Molina, Victorio Civrán, Néstor Rossi y Miguel Romero; Juan C Soria y Luis Bellatti; Ernesto Sansone, Suárez, Borrá y Juan L Cañete.","Mejía; Lecaro, Estévez, Macías y Reeves Patterson; Cañarte (Galo Pinto) y Zambrano; Salcedo, Spencer, Moyano y Ortega.",22 GOL Spencer (BAR)</br>GOL Moyano (BAR)</br>GOL Juan C Soria (HUR)</br>GOL Juan C Soria (HUR),45,90,0,0,Foto,Formación,Camiseta
26/07/1959,N Rossi,local,derrota,1,4,San Lorenzo de Almagro,12° fecha del Campeonato 1959,El Palacio,Brozzi,"Miguel Rojas; Carlos Arredondo, Hebert Pérez, Oscar Villano y Miguel Vidal; Osvaldo Crosta, José Sanez y Jorge Diz; Jorge Defilpo, Oscar Rossi y Alberto Flamini.","Carrillo; Martina, Cancino, Schiro y David Iñigo; Ruiz y Reynoso; Facundo, García, Sanfilippo y Boggio.",11 GOL Jorge Diz (HUR)</br>32 GOL Boggio (SLA)</br>41 GOL José Sanfilippo (SLA)</br>73 GOL José Sanfilippo (SLA)</br>50 GOL Ruiz (SLA),45,90,0,0,Foto,Formación,Camiseta
26/07/1959,N Rossi,visitante,victoria,3,0,Emelec (Ecuador),2° fecha del Cuadrangular de Guayaquil 1959 (amistoso),Modelo (Guayaquil),Guerrero,"Julián Sánchez; Reinaldo Molina, Victorio Civrán, Néstor Rossi y Miguel Romero; Juan C Soria y Luis Bellatti; Ernesto Sansone, Suárez, Borrá y Juan L Cañete.","Yu Lee; Sierra (Galarza), Ubilla, Cruz Ávila y Argüello; Castromán (Altamirano) y Gómez; Balseca, Raffo, Soto (Mera) y Aquiño.",GOL Néstor Rossi (HUR) -penal-</br>GOL Juan C Soria (HUR)</br>GOL Suárez (HUR),45,90,0,0,Foto,Formación,Camiseta
29/07/1959,N Rossi,neutral,derrota,0,2,Peñarol (Uruguay),3° fecha del Cuadrangular de Guayaquil 1959 (amistoso),Modelo (Guayaquil),Bergara,"Julián Sánchez; Luis Bellatti (González), Reinaldo Molina, Néstor Rossi (Enrique Brunetti) y Miguel Romero; Feliciano Grande y Villarroel; Suárez, Gutiérrez, Borrá y Juan L Cañete.","Bernardico; Martínez, Salvador, Gonçálves y Sicco; Griecco y Aguerre; Araújo, Hohberg, Coccinell y Borges.",GOL Hohberg (PEÑ)</br>GOL Griecco (PEÑ),45,90,0,0,Foto,Formación,Camiseta
02/08/1959,N Rossi,visitante,empate,2,2,Central Córdoba (Rosario),13° fecha del Campeonato 1959,La Tablada (Rosario),Padrón,"Walter Taibo; Carlos Arredondo, Victorio Civrán, Oscar Villano y Miguel Vidal; Osvaldo Crosta, José Sanez y Jorge Diz; Rodolfo Micheli, Oscar Rossi y Juan C Soria.","Palminteri; Valenti, Álvarez, Chan y Rivoiro; López y Novillo; Móbili, Federico, Bertral y Vizzo.",8 GOL Federico (CCR)</br>55 GOL Federico (CCR) -penal-</br>53 GOL Oscar Rossi (HUR)</br>56 GOL Rodolfo Micheli (HUR)</br>56 EXP José Sanez (HUR),45,90,0,0,Foto,Formación,Camiseta
02/08/1959,N Rossi,neutral,derrota,0,1,Peñarol (Uruguay),Desempate del Cuadrangular de Guayaquil 1959 (amistoso),Modelo (Guayaquil),desconocido,"Julián Sánchez; González, Reinaldo Molina, Néstor Rossi y Miguel Romero; Victorio Civrán y Villarroel; Suárez, Gutiérrez, Borrá y Juan L Cañete.","Bernardico; Sicco, Martínez, Salvador y Gonçálves; Griecco y Aguerre; Araújo, Hein, Crescio y Borges.",5 GOL Borges (PEÑ),45,90,0,0,Foto,Formación,Camiseta
09/08/1959,N Rossi,local,victoria,2,0,Newell's Old Boys (Rosario),14° fecha del Campeonato 1959,El Palacio,Lamolina,"Walter Taibo; Carlos Arredondo, Victorio Civrán, José Sanez y Miguel Vidal; Osvaldo Crosta, Néstor Rossi y Juan L Cañete; Rodolfo Micheli, Oscar Rossi y Juan C Soria.","Tarnawsky; Bialle, Ambrosich, Sacchi y Ponce; Merighi y Peano; González, Barrionuevo, Zurita y Ance.",27 GOL Juan C Soria (HUR)</br>40 EXP Ambrosich (NOB)</br>78 GOL Osvaldo Crosta (HUR)</br>87 EXP Carlos Arredondo (HUR),45,90,0,0,Foto,Formación,Camiseta
16/08/1959,N Rossi,visitante,empate,3,3,River Plate,15° fecha del Campeonato 1959,Monumental,Spinetto,"Walter Taibo; Carlos Arredondo, Victorio Civrán, José Sanez y Miguel Vidal; Osvaldo Crosta, Néstor Rossi y Juan L Cañete; Rodolfo Micheli, Oscar Rossi y Juan C Soria.","Amadeo Carrizo; Mantegari, Pérez, Ramacciotti y Vairo; Sarnari y Ramos Delgado; Gómez Sánchez, Luraschi, Norberto Menéndez y Zárate.",32 GOL Zárate (RPL)</br>33 GOL Oscar Rossi (HUR)</br>36 GOL Oscar Rossi (HUR) -penal-</br>42 GOL Juan L Cañete (HUR)</br>63 GOL Norberto Menéndez (RPL)</br>81 GOL Norberto Menéndez (RPL) -penal-,45,90,0,0,Foto,Formación,Camiseta
23/08/1959,N Rossi,visitante,derrota,3,5,Estudiantes (La Plata),16° fecha del Campeonato 1959,Uno (La Plata),Nai Foino,"Walter Taibo; Carlos Arredondo, Oscar Villano, José Sanez y Miguel Vidal; Osvaldo Crosta, Néstor Rossi y Juan L Cañete; Rodolfo Micheli, Oscar Rossi y Juan C Soria.","Toledo; Reymundo, Carriquiri, Magri y Alarcón; Vicente Gambardella y Zapa; Ruggeri, Ricardo Infante, Falcón y Stork.",6 GOL Ruggeri (ELP)</br>19 GOL Oscar Rossi (HUR)</br>23 GOL Juan C Soria (HUR)</br>33 GOL Stork (ELP)</br>41 GOL Juan C Soria (HUR)</br>50 GOL Alarcón (ELP) -penal-</br>68 GOL Ricardo Infante (ELP)</br>76 GOL Ruggeri (ELP),45,90,0,0,Foto,Formación,Camiseta
30/08/1959,N Rossi,local,derrota,0,2,Argentinos Juniors,17° fecha del Campeonato 1959,El Palacio,Miranda,"Walter Taibo; Carlos Arredondo, Hebert Pérez, José Sanez y Miguel Vidal; Osvaldo Crosta, Néstor Rossi y Jorge Diz; Ernesto Sansone, Oscar Rossi y Elio Montaño.","Moreno (83 Trebini); Di Stéfano, Mascarello, Orlando Nappe y Ditro; Pando y Pederzoli; Otero, Peduto, Bazo y Sciarra.",39 GOL Sciarra (AJU)</br>75 GOL Otero (AJU),45,90,0,0,Foto,Formación,Camiseta
06/09/1959,N Rossi,visitante,derrota,0,3,Ferro C. Oeste,18° fecha del Campeonato 1959,Caballito,Ventre,"Walter Taibo; Reinaldo Molina, Hebert Pérez, Oscar Villano y Miguel Vidal; Juan C Soria, José Sanez y Juan L Cañete; Osvaldo Crosta, Oscar Rossi y Elio Montaño.","Roma; Ríos, Mogaburu, Devita y Marzolini; Berón y Balay; Juárez, Acosta, Lugo y Garabal.",35 GOL Juárez (FCO)</br>61 GOL Acosta (FCO)</br>87 GOL Lugo (FCO),45,90,0,0,Foto,Formación,Camiseta
13/09/1959,N Rossi,local,derrota,1,4,Racing Club,19° fecha del Campeonato 1959,El Palacio,Bossolino,"Walter Taibo; Carlos Arredondo, Hebert Pérez, Luis Bellatti y Miguel Vidal; Osvaldo Crosta, José Sanez y Juan L Cañete; Alberto Rendo, Oscar Rossi y Juan C Soria.","Sánchez; De Vicente, Anido, Gianella y Murúa; Pizzuti y Sierra; Corbatta, Sosa, Reynoso y Belén.",9 GOL Reynoso (RAC)</br>24 GOL Sosa (RAC)</br>48 GOL Sosa (RAC)</br>54 GOL Juan C Soria (HUR)</br>72 GOL Corbatta (RAC),45,90,0,0,Foto,Formación,Camiseta
20/09/1959,N Rossi,local,victoria,2,1,Lanús,20° fecha del Campeonato 1959,El Palacio,Nai Foino,"Walter Taibo; Carlos Arredondo, Hebert Pérez, José Sanez y Miguel Vidal; Osvaldo Crosta, Néstor Rossi y Jorge Diz; Rodolfo Micheli, Oscar Rossi y Elio Montaño.","Sánchez; Leguía, Prato, Díaz y Beltrán; José Nazionale y Guidi; Carranza, Curia, Santos y Rambert.",49 GOL Rodolfo Micheli (HUR)</br>69 GOL Elio Montaño (HUR)</br>89 GOL José Nazionale (LAN),45,90,0,0,Foto,Formación,Camiseta
27/09/1959,N Rossi,visitante,empate,2,2,Rosario Central,21° fecha del Campeonato 1959,Arroyito (Rosario),Spinetto,"Walter Taibo; Carlos Arredondo, Hebert Pérez, José Sanez y Miguel Vidal; Osvaldo Crosta, Néstor Rossi y Jorge Diz; Alberto Flamini, Oscar Rossi y Elio Montaño.","Bertoldi; Álvarez, Lombardi, La Rosa y Cardoso; Rivero y Minni; Juárez, Colla, Castro y Giménez.",4 GOL Juárez (RCE)</br>25 GOL Elio Montaño (HUR)</br>68 GOL Juárez (RCE)</br>75 GOL Elio Montaño (HUR)</br>89 EXP Néstor Rossi (HUR),45,90,0,0,Foto,Formación,Camiseta
04/10/1959,N Rossi,local,victoria,1,0,Boca Juniors,22° fecha del Campeonato 1959,El Palacio,Goicoechea,"Walter Taibo; Carlos Arredondo, Hebert Pérez, José Sanez y Miguel Vidal; Osvaldo Crosta, Néstor Rossi y Jorge Diz; Alberto Flamini, Oscar Rossi y Elio Montaño.","Ayala; Lombardo, Rico, Mouriño y Heredia; Basílico y Rattín; Nardiello, Mansilla, Juan J Rodríguez y Juan C Rodríguez.",31 GOL Oscar Rossi (HUR),45,90,0,0,Foto,Formación,Camiseta
12/10/1959,N Rossi,visitante,derrota,3,4,Gimnasia y Esgrima (La Plata),23° fecha del Campeonato 1959,El Bosque (La Plata),Miranda,"Walter Taibo; Carlos Arredondo, Hebert Pérez, José Sanez y Miguel Vidal; Osvaldo Crosta, Néstor Rossi y Juan L Cañete; Alberto Flamini, Oscar Rossi y Jorge Diz.","Gerónimo; García, Pécora, Marinovich y Perillo; Prado y Arena; Aimar, Eduardo V Domínguez, Roberto Bellomo y Arrambide.",7 GOL Eduardo V Domínguez (GLP)</br>31 GOL Oscar Rossi (HUR)</br>39 GOL Roberto Bellomo (GLP)</br>50 GOL Juan L Cañete (HUR)</br>57 GOL Eduardo V Domínguez (GLP)</br>71 GOL Oscar Rossi (HUR)</br>88 GOL Prado (GLP),45,90,0,0,Foto,Formación,Camiseta
18/10/1959,N Rossi,local,empate,1,1,Independiente,24° fecha del Campeonato 1959,El Palacio,Brozzi,"Walter Taibo; Carlos Arredondo, Hebert Pérez, José Sanez y Miguel Vidal; Osvaldo Crosta, Néstor Rossi y Jorge Diz; Ernesto Sansone, Oscar Rossi y Alberto Flamini.","Abraham; Acevedo, Navarro, Maldonado y Britos; Abeledo y Rodríguez; Carbone, Jiménez, López y Sesti.",44 GOL López (IND)</br>88 GOL Osvaldo Crosta (HUR)</br>77 EXP Maldonado (IND)</br>77 EXP Oscar Rossi (HUR),45,90,0,0,Foto,Formación,Camiseta
28/10/1959,N Rossi,visitante,victoria,2,0,Atlanta,25° fecha del Campeonato 1959,Caballito,Praddaude,"Walter Taibo; Carlos Arredondo, Hebert Pérez, José Sanez y Miguel Vidal; Osvaldo Crosta, Néstor Rossi y Jorge Diz; Ernesto Sansone, Oscar Rossi y Juan C Soria.","Errea; Desanzo, Clariá, Asprela y Bettinotti; Osvaldo Güenzatti y Carlos Griguol; Mario Griguol, Artime, Osvaldo Zubeldía y Roque.",48 GOL Oscar Rossi (HUR)</br>53 GOL Oscar Rossi (HUR),45,90,0,0,Foto,Formación,Camiseta
01/11/1959,N Rossi,local,empate,0,0,Vélez Sarsfield,26° fecha del Campeonato 1959,El Palacio,Coerezza,"Walter Taibo; Carlos Arredondo, Hebert Pérez, José Sanez y Miguel Vidal; Osvaldo Crosta, Néstor Rossi y Jorge Diz; Ernesto Sansone, Oscar Rossi y Juan C Soria.","Rodríguez; Simeone, Batagelj, Bosich y García Fierro; Bonanno y Cielinski; Mosca, López Espinosa, Norberto Conde y Paladino.",1° Tiempo: Huracán 0x0 Vélez,45,90,0,0,Foto,Formación,Camiseta
08/11/1959,N Rossi,visitante,derrota,3,6,San Lorenzo de Almagro,27° fecha del Campeonato 1959,Gasómetro,Goicoechea,"Walter Taibo; Carlos Arredondo, Hebert Pérez, José Sanez y Miguel Vidal; Osvaldo Crosta, Néstor Rossi y Jorge Diz; Rodolfo Micheli, Oscar Rossi y Juan C Soria.","Carrillo; Martina, Cancino, Schiro y David Iñigo; Ruiz y Reynoso; Facundo, García, Sanfilippo y Boggio.",13 GOL Jorge Diz (HUR)</br>26 GOL Boggio (SLA)</br>44 GOL José Sanfilippo (SLA)</br>1° Tiempo: San Lorenzo 2x1 Huracán</br>51 GOL Boggio (SLA)</br>56 GOL Juan C Soria (HUR)</br>60 GOL Jorge Diz (HUR)</br>64 GOL José Sanfilippo (SLA)</br>73 GOL José Sanfilippo (SLA)</br>78 GOL Boggio (SLA),45,90,0,0,Foto,Formación,Camiseta
11/11/1959,N Rossi,local,empate,1,1,Central Córdoba (Rosario),28° fecha del Campeonato 1959,El Palacio,Spinetto,"Walter Taibo; Carlos Arredondo, Victorio Civrán, José Sanez y Miguel Vidal; Osvaldo Crosta, Néstor Rossi y Jorge Diz; Rodolfo Micheli, Oscar Rossi y Juan C Soria.","Palminteri; Valenti, Álvarez, Chan y Rivoiro; Vizzo y Villagra; Ráccaro, Federico, Bertral y Delogú.",17 GOL Juan C Soria (HUR)</br>72 GOL Delogú (CCR),45,90,0,0,Foto,Formación,Camiseta
14/11/1959,N Rossi,visitante,victoria,1,1,Newell's Old Boys (Rosario),29° fecha del Campeonato 1959,Parque Independencia (Rosario),Bossolino,"Walter Taibo; Carlos Arredondo, Victorio Civrán, José Sanez y Miguel Vidal; Osvaldo Crosta, Néstor Rossi y Jorge Diz; Rodolfo Micheli, Oscar Rossi y Juan C Soria.","Tarnawsky; Di Santo, Ambrosich, Sacchi y Echeverría; Merighi y Peano; González, Sosa, Zurita y Ance.",8 GOL Sacchi (NOB)</br>35 GOL Oscar Rossi (HUR)</br>71 Partido suspendido,45,71,0,0,Foto,Formación,Camiseta
20/11/1959,N Rossi,local,empate,1,1,River Plate,30° fecha del Campeonato 1959,El Palacio,Praddaude,"Walter Taibo; Carlos Arredondo, Victorio Civrán, José Sanez y Miguel Vidal; Osvaldo Crosta y Néstor Rossi y Jorge Diz; Rodolfo Micheli, Oscar Rossi y Juan C Soria.","Ovejero; Mantegari, Valentino, Urriolabeitia y Vairo; Sarnari y Ramacciotti; Gómez Sánchez, Norberto Menéndez, Onega y Zárate.",60 GOL Jorge Diz (HUR)</br>82 EXP Néstor Rossi (HUR)</br>83 GOL Norberto Menéndez (RPL) -penal-,45,90,0,0,Foto,Formación,Camiseta
07/01/1960,N Rossi,visitante,victoria,4,0,Dep. Cali (Colombia),1° fecha del Cuadrangular de Cali 1960 (amistoso),Pascual Guerrero (Cali),Ovidio Orrego,"Walter Taibo; Carlos Arredondo, Victorio Civrán (Ángel Julio), Villano y Miguel Vidal (Sánchez); Osvaldo Crosta y Néstor Rossi; Alberto Rendo, Oscar Rossi, Juan C Soria (Suárez) y Figueroa (Juan L Cañete).","Fernando Sierra; Víctor Suárez (Hernán Martínez), Luis Castro, Rubén Muzo y Luis Tejada; Camilo Cervino y Alberto Castronovo (Giomar Rojas); Miguel Panesso, Vergara, Juan M López y Guillermo Arredondo.",23 GOL Alberto Rendo (HUR)</br>70 GOL Suárez (HUR)</br>74 GOL Oscar Rossi (HUR)</br>83 GOL Oscar Rossi (HUR),45,90,0,0,Foto,Formación,Camiseta
10/01/1960,N Rossi,neutral,derrota,0,1,Sao Paulo (Brasil),2° fecha del Cuadrangular de Cali 1960 (amistoso),Pascual Guerrero (Cali),-,"Sánchez; Carlos Arredondo, Civrián, Villano y Miguel Vidal; Osvaldo Crosta y Néstor Rossi; Alberto Rendo, Oscar Rossi, Juan C Soria y Figueroa.","Poy; Ademar, De Sordi, Víctor y Satiro; Neco y Dino Sani; Sílvio, Gino, Sosa y Roberto.",25 GOL Gino (SPA),45,90,0,0,Foto,Formación,Camiseta
13/01/1960,N Rossi,visitante,empate,1,1,América (Colombia),3° fecha Cuadrangular de Cali 1960 (amistoso),Pascual Guerrero (Cali),Ovidio Orrego,"Walter Taibo; Carlos Arredondo, Ángel Julio, Villano y Miguel Vidal; Osvaldo Crosta y Néstor Rossi (46 Brunetti); Alberto Rendo (50 Reynaldo Molina), Oscar Rossi (46 Suárez), Juan C Soria (50 Juan L Cañete) y Figueroa.","Carlos Montaño; Israel Sánchez, Jorge Mousegne, Faustino Abadía y Perdomo; Juan A Vairo y Ruiz; Lenis, Cejas, Florido y Carlos Fresquet.",53 GOL Lenis (AME)</br>73 GOL Reynaldo Molina (HUR),45,90,0,0,Foto,Formación,Camiseta
17/01/1960,N Rossi,visitante,victoria,2,1,Independiente Medellín (Colombia),1° fecha del Cuadrangular de Medellín 1960 (amistoso),Atanasio Girardot (Colombia),Sundheim,"Walter Taibo; Carlos Arredondo, Victorio Civrán, Villano y Miguel Vidal; Osvaldo Crosta y Néstor Rossi; Alberto Rendo, Oscar Rossi, Juan C Soria y Juan L Cañete.","Tissera; Echeverri, Hernando Caicedo, Alberto Castronovo y Terra; González (Vulcano) y Héctor Fernández; Arango, Miguel Zazzini, Campillo y José Lanza.",25 GOL Osvaldo Crosta (HUR)</br>75 GOL Juan C Soria (HUR)</br>89 GOL Vulcano (DIM),45,90,0,0,Foto,Formación,Camiseta
21/01/1960,N Rossi,neutral,victoria,2,0,Sao Paulo (Brasil),2° fecha del Cuadrangular de Medellín 1960 (amistoso),Atanasio Girardot (Medellín),Rubén,"Taibo; Carlos Arredondo, Ángel Julio, Villano y Miguel Vidal; Osvaldo Crosta y Néstor Rossi; Alberto Rendo, Oscar Rossi, Suárez y Juan L Cañete.","Poy; Ademar, De Sardi, Víctor y Riberto; Neco y Víctor; Sílvio, Gino, Carlos Cézar y Roberto.",33 GOL Oscar Rossi (HUR)</br></br><b>1° Tiempo: Huracán 1x0 Sao Paulo</b>57 GOL Suárez (HUR)</br>68 EXP Dino (SPA),45,90,0,0,Foto,Formación,Camiseta
24/01/1960,N Rossi,visitante,victoria,2,0,Nacional (Colombia),3° fecha del Cuadrangular de Medellín 1960 (amistoso),Atanasio Girardot (Medellín),Guillermo Velásquez (colombiano),"Walter Taibo (Sánchez); Carlos Arredondo y Ángel Julio; Miguel Vidal, Néstor Rossi y Villano; Alberto Rendo, Osvaldo Crosta, Oscar Rossi, Suárez (Cañete?) y Figueroa (Juan L Cañete).","Lopera; Calle y Escobar; Yotagri (Arrubia), Osorio y Vidal (Agudelo); Cadavid, Tapias, Hernando Álvarez (Vanegas), Maya y Arias.",31 GOL Arrubia (HUR) -en contra</br>80 Oscar Rossi (HUR),45,90,0,0,Foto,Formación,Camiseta
03/04/1960,N Rossi,visitante,derrota,0,1,Newell's Old Boys (Rosario),1° fecha del Campeonato 1960,Parque Independencia (Rosario),Ángel Coerezza,"Rubén Germinaro; Dante Álvarez y Miguel Vidal; Carlos Arredondo, Néstor Rossi y Oscar Villano; Herminio González, Oscar Rossi, Juan C Soria, Norberto Conde y Juan L Cañete.","Vladimiro Tarnawsky; Agustín Ambrosich y Pablo Ponce; Juan Amaya, Anacleto Peano y Federico Sacchi; Raúl González, Osvaldo Aliendro, Esteban Sosa, José Zurita y Alberto Ance.",50 GOL José Zurita (NOB),45,90,0,0,Foto,Formación,Camiseta
10/04/1960,N Rossi,local,derrota,1,2,Racing Club,2° fecha del Campeonato 1960,El Palacio,Manuel Velarde,"Rubén Germinaro; Dante Álvarez y Reinaldo Molina; Carlos Arredondo, Néstor Rossi y Oscar Villano; Herminio González, Osvaldo Crosta, Oscar Rossi, Norberto Conde y Juan L Cañete.","Osvaldo Negri; Norberto Anido y Juan C. Murúa; Néstor De Vicente, Víctor Rodríguez y Ricardo Pegnotti; Manuel Murúa, José Ferrero, Juan Pizzuti, Rubén Sosa y Raúl Belén.",29 GOL José Ferrero (RAC)</br>32 GOL Oscar Rossi (HUR)</br>83 GOL Rubén Sosa (RAC),45,90,0,0,Foto,Formación,Camiseta
17/04/1960,N Rossi,visitante,derrota,1,5,Argentinos Juniors,3° fecha del Campeonato 1960,Boyacá,Luis Ventre,"Rubén Germinaro; Dante Álvarez y Oscar Villano; Carlos Arredondo, Néstor Rossi y José Sanez; Herminio González, Osvaldo Crosta, José Herrera, Norberto Conde y Juan L Cañete.","Juan Moreno; Juan Valentino y Mario Ditro; Alberto Sainz, Ricardo Ramacciotti y Juan Malazzo; Martín Canseco, Martín Pando, Osvaldo Carceo, Hugo González y Mario Sciarra.",1 GOL Mario Sciarra (AJU)</br>3 GOL Osvaldo Carceo (AJU)</br>4 GOL Hugo González (AJU)</br>42 GOL Osvaldo Carceo (AJU)</br>70 GOL Osvaldo Carceo (AJU)</br>75 GOL Juan L Cañete (HUR),45,90,0,0,Foto,Formación,Camiseta
24/04/1960,N Rossi,local,victoria,1,0,Ferro C. Oeste,4° fecha del Campeonato 1960,El Palacio,Luis Spinetto,"Jorge Peralta; Dante Álvarez y Miguel Vidal; Carlos Arredondo, José Sanez y Oscar Villano; Herminio González, José Herrera, Rudymar Gómes Machado, Norberto Conde y Juan L Cañete.","Héctor Giambartolomei; Alberto Mogaburu y Sergio De Gioia; Juan Barberis, Arnaldo Balay y Francisco Devita; Ernesto Juárez, Osvaldo Biaggio, Felipe Ribaudo, Héctor Berón y Juan C. Rodríguez.",22 GOL Herminio González (HUR),45,90,0,0,Foto,Formación,Camiseta
08/05/1960,N Rossi,local,derrota,1,2,Independiente,5° fecha del Campeonato 1960,El Palacio,Ángel Coerezza,"Walter Taibo; Dante Álvarez y Miguel Vidal; Carlos Arredondo, José Sanez y Oscar Villano; Herminio González, José Herrera, Rudymar Gómes Machado, Norberto Conde y Juan L Cañete.","Luis Tremonti; Rubén Navarro y Tomás Rolan; Roberto Ferreiro, David Acevedo y Jorge Maldonado; Omar Méndez, Ramón Abeledo, Walter Jiménez, Edgardo D'Ascenzo y Ricardo Giménez.",39 GOL Norberto Conde (HUR) -penal-</br>82 GOL Osvaldo D'Ascenzo (IND)</br>89 GOL Walter Jiménez (IND),45,90,0,0,Foto,Formación,Camiseta
15/05/1960,N Rossi,visitante,victoria,3,1,Gimnasia y Esgrima (La Plata),6° fecha del Campeonato 1960,El Bosque (La Plata),Faustino Miranda,"Walter Taibo; Dante Álvarez y Miguel Vidal; Carlos Arredondo, Néstor Rossi y José Sanez; Herminio González, Osvaldo Crosta, Rudymar Gómes Machado, Norberto Conde y Emilio Melón.","Francisco Gerónimo; Domingo Lejona y José Marinovich; José Perillo, Julio Novarini y Héctor Vivas; Luis Ciacia, Eliseo Prado, Eduardo V Domínguez, Urbano Reynoso y Joel Cabrera.",11 GOL Urbano Reynoso (GLP)</br>64 GOL Osvaldo Crosta (HUR)</br>68 GOL Norberto Conde (HUR)</br>89 GOL Rudymar Gómes Machado (HUR),45,90,0,0,Foto,Formación,Camiseta
22/05/1960,N Rossi,local,victoria,2,1,Chacarita Juniors,7° fecha del Campeonato 1960,El Palacio,Aurelio Bossolino,"Walter Taibo (49 Jorge Peralta); Dante Álvarez y Miguel Vidal; Carlos Grudiña, Néstor Rossi y José Sanez; Herminio González, Osvaldo Crosta, Rudymar Gómes Machado, Norberto Conde y Emilio Melón.","Héctor Cordero; José Vázquez y Alberto Mariotti; Oscar Martín, Domingo Scattolini y Roberto Moreno; Hernán Nonis, Horacio Panelo, Eduardo Restivo, Alberto Diego y Roberto Brookes.",25 GOL Rudymar Gómes Machado (HUR)</br>48 GOL Alberto Diego (CHJ)</br>54 EXP Rudymar Gómes Machado (HUR)</br>54 EXP Horacio Panelo (CHJ),45,90,0,0,Foto,Formación,Camiseta
05/06/1960,N Rossi,visitante,empate,2,2,Boca Juniors,8° fecha del Campeonato 1960,La Bombonera,José Luis Praddaude,"Walter Taibo; Dante Álvarez y Miguel Vidal; Carlos Arredondo, Néstor Rossi y José Sanez; Herminio González, Osvaldo Crosta, Rudymar Gómes Machado, Norberto Conde y Emilio Melón.","Antonio Roma; Víctor Benítez y Silvio Marzolini; Francisco Lombardo, Antonio Rattín y Néstor Isella; Angel Nardiello, José Sasía, Paulo Valentim, Ernesto Grillo y Raúl Pérez.",5 GOL José Sasía (BJU)</br>41 GOL Paulo Valentim (BJU)</br>51 GOL Norberto Conde (HUR) -penal-</br>65 GOL Oscar Rossi (HUR),45,90,0,0,Foto,Formación,Camiseta
12/06/1960,N Rossi,local,victoria,6,1,Rosario Central,9° fecha del Campeonato 1960,El Palacio,Juan Regis Brozzi,"Walter Taibo; Dante Álvarez y Miguel Vidal; Carlos Arredondo, Néstor Rossi y José Sanez; Herminio González, Osvaldo Crosta, Rudymar Gómes Machado, Norberto Conde y Emilio Melón.","Edgardo Andrada; José Casares y Néstor Cardoso; Carlos Álvarez, Próspero Joel y Gualberto Mugione; Antonio Rodrígues, Indalecio López, Miguel Juárez, Juan Castro y Rodolfo Porporatto.",34 GOL Norberto Conde (HUR)</br>38 GOL Miguel Juárez (RCE)</br>41 GOL Osvaldo Crosta (HUR)</br>47 GOL Osvaldo Crosta (HUR)</br>49 GOL Osvaldo Crosta (HUR)</br>53 GOL Rudymar Gómes Machado (HUR)</br>73 GOL Norberto Conde (HUR),45,90,0,0,Foto,Formación,Camiseta
19/06/1960,N Rossi,visitante,derrota,2,3,Atlanta,10° fecha del Campeonato 1960,Villa Crespo,Faustino Miranda,"Walter Taibo (53 Rubén Germinaro); Dante Álvarez y Miguel Vidal; Carlos Arredondo, Néstor Rossi y José Sanez; Herminio González, Osvaldo Crosta, Rudymar Gómes Machado, Norberto Conde y Emilio Melón.","Néstor Errea; Oscar Clariá y Rodolfo Bettinotti; Norberto Desanzo, Carlos Griguol y Juan Asprela; Osvaldo Biaggio, Osvaldo Guenzatti, Domingo Rodríguez, Luis Artime y Walter Roque.",2 GOL Luis Artime (ATL)</br>38 GOL Osvaldo Crosta (HUR)</br>46 GOL Norberto Desanzo (ATL) -penal-</br>59 GOL Luis Artime (ATL)</br>84 EXP Néstor Rossi (HUR)</br>89 GOL Norberto Conde (HUR),45,90,0,0,Foto,Formación,Camiseta
26/06/1960,Rossi,local,victoria,2,1,Vélez Sarsfield,11° fecha del Campeonato 1960,El Palacio,Luis Spinetto,"Walter Taibo; Dante Álvarez y Miguel Vidal; Carlos Arredondo, Néstor Rossi y José Sanez; Alberto Rendo, Osvaldo Crosta, Rudymar Gómes Machado, Carlos Debatte y Emilio Melón.","Rodolfo Piazza; Angel Allegri y Rafael García Fierro; Carmelo Simeone, Ricardo Cielinski y Ricardo Bosich; Aníbal Mosca, Marcelo López Espinosa, Miguel Basílico, Eugenio Callá y José Fernández Den.",6 GOL Rudymar Gómes Machado (HUR)</br>20 GOL Osvaldo Crosta (HUR)</br>43 GOL Eugenio Callá (VSA)</br>66 EXP Rudymar Gómes Machado (HUR)</br>88 EXP Osvaldo Crosta (HUR)</br>88 EXP Ricardo Cielinski (VSA),45,90,0,0,Foto,Formación,Camiseta
31/07/1960,Rossi,visitante,derrota,0,2,San Lorenzo de Almagro,12° fecha del Campeonato 1960,Gasómetro,Luis Ventre,"Walter Taibo; Dante Álvarez y Miguel Vidal; Carlos Arredondo, Néstor Rossi y José Sanez; Herminio González, Osvaldo Crosta, Rudymar Gómes Machado, Norberto Conde y Emilio Melón.","Vladimiro Tarnawsky; Humberto Cancino y Raúl Páez; Manuel Castillo, Guillermo Reynoso y Norberto Schiro; Héctor Facundo, Oscar Rossi, Luis Leeb, José Sanfilippo y Norberto Boggio.",50 GOL José Sanfilippo (SLA)</br>79 GOL Luis Leeb (SLA),45,90,0,0,Foto,Formación,Camiseta
07/08/1960,Rossi,local,victoria,2,1,Estudiantes (La Plata),13° fecha del Campeonato 1960,El Palacio,Juan Regis Brozzi,"Walter Taibo; Dante Álvarez y Miguel Vidal; Carlos Arredondo, Néstor Rossi y José Sanez; Perfecto Rodríguez, Osvaldo Crosta, Rudymar Gómes Machado, Norberto Conde y Emilio Melón.","José Toledo; José Silvero y Víctor Alarcón; Juan Rulli, Héctor Zapa y Henry Magri; Héctor Scandoli, Héctor Antonio, Ricardo Infante, Mario Desiderio y Juan Stork.",1 GOL Norberto Conde (HUR)</br>19 GOL Perfecto Rodríguez (HUR)</br>66 GOL Héctor Scandoli (ELP),45,90,0,0,Foto,Formación,Camiseta
14/08/1960,Rossi,visitante,empate,1,1,Lanús,14° fecha del Campeonato 1960,Lanús,Luis Spinetto,"Walter Taibo; Dante Álvarez y Miguel Vidal; Carlos Arredondo, Néstor Rossi y José Sanez; Perfecto Rodríguez, Osvaldo Crosta, Rudymar Gómes Machado, Norberto Conde y Emilio Melón.","Miguel Sánchez; Emilio Prato y Angel Beltrán; Raúl Martina, José Díaz y José Nazionale; Bernabé Carranza, Raúl Graziolo, Héctor Ortega, Eduardo Curia y José Ayunta.",44 GOL Norberto Conde (HUR) -penal-</br>48 GOL José Nazionale (LAN) -penal-,45,90,0,0,Foto,Formación,Camiseta
21/08/1960,Rossi,local,empate,0,0,River Plate,15° fecha del Campeonato 1960,El Palacio,Duval Goicoechea,"Walter Taibo; Dante Álvarez y Miguel Vidal; Carlos Arredondo, Néstor Rossi y José Sanez; Perfecto Rodríguez, Osvaldo Crosta, Rudymar Gómes Machado, Norberto Conde y Emilio Melón.","Amadeo Carrizo; José Ramos Delgado y Marcelo Etchegaray; Víctor Doval, José Varacka y Juan Schneider; Oscar Gómez Sánchez, Juan Sarnari, Ermindo Onega, Norberto Menéndez y Roberto Zárate.",19 EXP Norberto Menéndez (RPL)</br>44 EXP José Sanez (HUR),45,90,0,0,Foto,Formación,Camiseta
28/08/1960,Rossi,local,empate,1,1,Newell's Old Boys (Rosario),16° fecha del Campeonato 1960,El Palacio,Carlos Nai Foino,"Walter Taibo (13m. Juan Novasco); Dante Álvarez y Miguel Vidal; Carlos Arredondo, Néstor Rossi y José Sanez; Herminio González, José Herrera, Rudymar Gómes Machado, Norberto Conde y Emilio Melón.","Lirio Aimar; Agustín Ambrosich y Pablo Ponce; Juan Amaya, Anacleto Peano y Federico Sacchi; Osvaldo Aliendro, José Zurita, Juan Carotti, Juan Lallana y Alberto Ance.",20 GOL Juan Carotti (NOB)</br>22 GOL Rudymar Gómes Machado (HUR),45,90,0,0,Foto,Formación,Camiseta
04/09/1960,Rossi,visitante,empate,2,2,Racing Club,17° fecha del Campeonato 1960,El Cilindro,Ángel Coerezza,"Rubén Germinaro; Dante Álvarez y Miguel Vidal; Carlos Arredondo, Néstor Rossi y José Sanez; José Herrera, Juan Larrea, Rudymar Gómes Machado, Norberto Conde y Emilio Melón.","Osvaldo Negri; Norberto Anido y Juan C. Murúa; Néstor De Vicente, Víctor Rodríguez y Bernardo Vargas; Manuel Murúa, Juan Pizzuti, Pedro Mansilla, Rubén Sosa y Raúl Belén.",19 GOL Rubén Sosa (RAC)</br>52 GOL Norberto Conde (HUR) -penal-</br>68 GOL Rubén Sosa (RAC)</br>76 GOL José Herrera (HUR),45,90,0,0,Foto,Formación,Camiseta
11/09/1960,Rossi,local,empate,0,0,Argentinos Juniors,18° fecha del Campeonato 1960,El Palacio,Luis Spinetto,"Rubén Germinaro; Dante Álvarez y Miguel Vidal; Carlos Arredondo, Néstor Rossi y José Sanez; José Herrera, Juan Larrea, Rudymar Gómes Machado, Norberto Conde y Emilio Melón.","Juan Moreno; Juan Valentino y Mario Ditro; Alberto Sainz, Ricardo Ramacciotti y Juan Malazzo; Martín Canseco, Martín Pando, Osvaldo Carceo, Hugo González y Mario Sciarra.",,45,90,0,0,Foto,Formación,Camiseta
18/09/1960,Rossi,visitante,victoria,4,2,Ferro C. Oeste,19° fecha del Campeonato 1960,Caballito,Luis Ventre,"Rubén Germinaro; Juan Biagioli y Miguel Vidal; Carlos Arredondo, Néstor Rossi y José Sanez; Alberto Rendo, Osvaldo Crosta, José Herrera, Norberto Conde y Emilio Melón.","Héctor Giambartolomei; Sergio De Gioia y José Leonardi; Juan Barberis, Arnaldo Balay y Osvaldo Ferrari; Ernesto Juárez, Vicente Gambardella, Felipe Ribaudo, Héctor Berón y Raúl Vasallo.",22 GOL Emilio Melón (HUR)</br>33 GOL José Herrera (HUR)</br>37 GOL Osvaldo Crosta (HUR)</br>53 GOL Ernesto Juárez (FCO)</br>56 GOL Vicente Gambardella (FCO)</br>81 GOL Carlos Arredondo (HUR),45,90,0,0,Foto,Formación,Camiseta
25/09/1960,Rossi,visitante,derrota,0,1,Independiente,20° fecha del Campeonato 1960,El Cilindro,Manuel Velarde,"Rubén Germinaro; Dante Álvarez y Miguel Vidal; Carlos Arredondo, José Sanez y Oscar Villano; Alberto Rendo, Osvaldo Crosta, José Herrera, Norberto Conde y Emilio Melón.","Osvaldo Toriani; Rubén Navarro y Raúl Decaría; David Acevedo, Jorge Maldonado y Alcides Silveira; Jorge Vázquez, Norberto Raffo, Walter Jiménez, Edgardo D'Ascenzo y Ricardo Giménez.",48 GOL Walter Jiménez (IND),45,90,0,0,Foto,Formación,Camiseta
02/10/1960,Rossi,local,victoria,7,0,Gimnasia y Esgrima (La Plata),21° fecha del Campeonato 1960,El Palacio,Roberto Goicoechea,"Rubén Germinaro; Dante Álvarez y Miguel Vidal; Carlos Arredondo, Néstor Rossi y José Sanez; Perfecto Rodríguez, Osvaldo Crosta, José Herrera, Rudymar Gómes Machado y Emilio Melón.","Francisco Gerónimo; Pedro Galeano y José Marinovich; José Perillo, Julio Novarini y Natalio Sivo; Luis Ciacia, Ricardo Sartori, Eduardo V Domínguez, Guillermo Roletto y Emir Arrambide.",27 GOL Osvaldo Crosta (HUR)</br>44 GOL Rudymar Gómes Machado (HUR)</br>45 LES Natalio Sivo (GLP)</br>51 GOL José Herrera (HUR)</br>56 GOL Carlos Arredondo (HUR) -penal-</br>62 GOL José Herrera (HUR)</br>72 GOL José Herrera (HUR)</br>80 LES José Sanez (HUR)</br>82 GOL José Herrera (HUR),45,90,0,0,Foto,Formación,Camiseta
16/10/1960,Rossi,visitante,derrota,1,2,Chacarita Juniors,22° fecha del Campeonato 1960,San Martín,Miguel Comesaña,"Rubén Germinaro; Dante Álvarez y Miguel Vidal; Carlos Arredondo, Néstor Rossi y José Sanez; Perfecto Rodríguez, José Herrera, Rudymar Gómes Machado, Norberto Conde y Emilio Melón.","Héctor Cordero; José Vázquez y Alberto Mariotti; Oscar Martín, Osvaldo Caro y Roberto Moreno; Osvaldo Tornesi, Alberto Diego, Eduardo Restivo, Roberto Brookes y Raúl Savoy.",22 GOL Eduardo Restivo (CHJ)</br>40 GOL Perfecto Rodríguez (HUR)</br>46 GOL Eduardo Restivo (CHJ)</br>89 EXP Néstor Rossi (HUR),45,90,0,0,Foto,Formación,Camiseta
25/10/1960,Rossi,local,empate,1,1,Boca Juniors,23° fecha del Campeonato 1960,El Palacio,Domingo Muñoz,"Rubén Germinaro; Dante Álvarez y Miguel Vidal; Carlos Arredondo, Oscar Villano y José Sanez; Perfecto Rodríguez, José Herrera, Rudymar Gómes Machado, Herminio González y Emilio Melón.","Antonio Roma; Carlos Rico y Silvio Marzolini; Walter Davoine, Antonio Rattín y Víctor Benítez; Angel Nardiello, Guillermo Lorenzo, José Sasía, Ernesto Grillo y José Yudica.",25 GOL Ernesto Grillo (BJU)</br>72 GOL Antonio Rattín (BJU) -en contra-,45,90,0,0,Foto,Formación,Camiseta
29/10/1960,Rossi,visitante,derrota,1,5,Rosario Central,24° fecha del Campeonato 1960,Arroyito (Rosario),Juan Regis Brozzi,"Rubén Germinaro; Dante Álvarez y Miguel Vidal; Carlos Arredondo, Oscar Villano y José Sanez; Perfecto Rodríguez, José Herrera, Rudymar Gómes Machado, Norberto Conde y Emilio Melón.","Edgardo Andrada; Norberto Bautista y Miguel Urrestarazu; Carlos Álvarez, Alberto Ducca y Oscar Ramos; Antonio Rodrígues, César Menotti, Miguel Juárez, Juan A Castro y Francisco Rodrígues.",39 GOL Francisco Rodrígues (RCE)</br>63 GOL Juan A Castro (RCE)</br>72 GOL Ernesto Juárez (RCE)</br>79 GOL Ernesto Juárez (RCE)</br>83 GOL Juan A Castro (RCE)</br>89 GOL Norberto Conde (HUR),45,90,0,0,Foto,Formación,Camiseta
01/11/1960,Rossi,local,empate,1,1,Atlanta,25° fecha del Campeonato 1960,El Palacio,Ángel Coerezza,"Rubén Germinaro; Dante Álvarez y Miguel Vidal; Carlos Arredondo, Oscar Villano y José Sanez; Alberto Rendo, Carlos Debatte, Rudymar Gómes Machado, Jesús Roldán y Emilio Melón.","Néstor Errea; Oscar Clariá y Julio Nuin; Miguel Vignale, Carlos Griguol y Rodolfo Bettinotti; Mario Griguol, Osvaldo Biaggio, Luis Artime, Alberto González y Walter Roque.",1 GOL Mario Griguol (ATL)</br>23 GOL Rudymar Gómes Machado (HUR)</br>57 EXP Miguel Vidal (HUR)</br>59 EXP Osvaldo Biaggio (ATL),45,90,0,0,Foto,Formación,Camiseta
06/11/1960,Rossi,visitante,derrota,0,1,Vélez Sarsfield,26° fecha del Campeonato 1960,Vélez Sarsfield,Aurelio Bossolino,"Rubén Germinaro; Dante Álvarez y Miguel Vidal; Carlos Arredondo, José Sanez y Oscar Villano; Carlos Debatte, José Herrera, Rudymar Gómes Machado, Norberto Conde y Emilio Melón.","Rodolfo Piazza; Angel Allegri y Armando Mareque; Carmelo Simeone, Ricardo Cielinski y José Paladino; Aníbal Mosca, Marcelo López Espinosa, Miguel Basílico, Eugenio Callá y José Fernández Den.",39 GOL Eugenio Callá (VSA),45,90,0,0,Foto,Formación,Camiseta
12/11/1960,Barrionuevo,local,derrota,2,4,San Lorenzo de Almagro,27° fecha del Campeonato 1960,El Palacio,René Bulnes Morales,"Rubén Germinaro; Dante Álvarez y Miguel Vidal; Carlos Arredondo, Oscar Villano y José Sanez; Perfecto Rodríguez, Carlos Debatte, Rudymar Gómes Machado, José Herrera y Emilio Melón.","Vladimiro Tarnawsky; Humberto Cancino y Raúl Páez; Juan Ríos, Guillermo Reynoso y Norberto Ravecca; Héctor Facundo, Oscar Rossi, Miguel Ruiz, José Sanfilippo y Norberto Boggio.",25 EXP Raúl Páez (SLA)</br>28 GOL José Sanfilippo (SLA)</br>49 GOL José Sanfilippo (SLA)</br>51 EXP Miguel Ruiz (SLA)</br>51 EXP Miguel Vidal (HUR)</br>68 GOL Carlos Arredondo (HUR) -penal-</br>72 GOL Oscar Villano (HUR)</br>75 EXP Emilio Melón (HUR)</br>81 GOL Oscar Rossi (SLA)</br>89 GOL José Sanfilippo (SLA),45,90,0,0,Foto,Formación,Camiseta
16/11/1960,Rossi,visitante,victoria,2,1,Estudiantes (La Plata),28° fecha del Campeonato 1960,Uno (La Plata),Manuel Velarde,"Rubén Germinaro; Dante Álvarez y Miguel Vidal; Carlos Arredondo, Néstor Rossi y José Sanez; José Herrera, Carlos Debatte, Rudymar Gómes Machado, Juan C Soria y Emilio Melón.","José Toledo; Héctor Silva y Víctor Alarcón; Roque Fernández, Héctor Zapa y José Albrecht; Julio Godio, Juan Rulli, Héctor Scandoli, Héctor Antonio y Juan Stork.",44 GOL Héctor Scandoli (ELP)</br>60 GOL Emilio Melón (HUR)</br>64 GOL Rudymar Gómez Machado (HUR),45,90,0,0,Foto,Formación,Camiseta
20/11/1960,Rossi,local,victoria,2,0,Lanús,29° fecha del Campeonato 1960,El Palacio,Rodolfo Llanes,"Rubén Germinaro; Dante Álvarez y Miguel Vidal; Carlos Arredondo, Néstor Rossi y José Sanez; José Herrera, Carlos Debatte, Rudymar Gómes Machado, Juan C Soria y Emilio Melón.","Félix Batalla; Emilio Prato y Rubén Bertulessi; Salvador Cannella, Héctor Guidi y José Nazionale; Luis Godoy, Raúl Graziolo, Manuel Blanco, Rafael Santos y Juan Quatrocchi.",11 GOL Rudymar Gómes Machado (HUR)</br>84 GOL Emilio Melón (HUR),45,90,0,0,Foto,Formación,Camiseta
27/11/1960,Rossi,visitante,derrota,0,1,River Plate,30° fecha del Campeonato 1960,Monumental,Luis Spinetto,"Rubén Germinaro; Dante Álvarez y Miguel Vidal; Carlos Arredondo, Néstor Rossi y José Sanez; José Herrera, Carlos Debatte, Rudymar Gómes Machado, Juan C Soria y Emilio Melón.","Amadeo Carrizo; José Ramos Delgado y Marcelo Etchegaray; Oscar Mantegari, José Varacka y Juan Schneider; Paulinho, Norberto Menéndez, Juan Joya, Ermindo Onega y Roberto Zárate.",7 GOL Paulinho (RPL),45,90,0,0,Foto,Formación,Camiseta
27/12/1960,N Rossi,visitante,victoria,2,0,América (Colombia),1° fecha de Feria Mundial del Azúcar 1960 (Amistoso),Pascual Guerrero (Cali),desconocido,-,-,sin datos,45,90,0,0,Foto,Formación,Camiseta
29/12/1960,N Rossi,visitante,victoria,4,0,Dep. Cali (Colombia),2° fecha de Feria Mundial del Azúcar 1960 (Amistoso),Pascual Guerrero (Colombia),árbitro,,,sin datos,45,90,0,0,Foto,Formación,Camiseta
08/01/1961,N Rossi,visitante,victoria,4,1,Millonarios (Colombia),Gira por América 1961 (amistoso),El Campín (Bogotá),-,-,-,7 GOL Juan C Soria (HUR)</br>9 GOL Juan C Soria (HUR)</br>17 GOL Herrera (HUR)</br>21 GOL Osvaldo Crosta (HUR)</br>60 GOL Arango (MIL),45,90,0,0,Foto,Formación,Camiseta
22/01/1961,N Rossi,visitante,empate,1,1,Once Caldas (Colombia),1° fecha del Feria de Manizales 1961 (amistoso),Londoño (Manizales),Abonaga,"Juan C Bertoldi; Carlos Arredondo, Álvarez, Oscar Villano y Miguel Vidal; Osvaldo Crota y Néstor Rossi; Herrera, Juan C Soria (Sergio Cantú), Jorge Diz y Atilio Melón.","Olmos; Conrado Arango, Flematy, Oscar López y Humberto Villa (Hugo Arredondo); Sapia (Bernardo Castro) y Carlos Antonietta; Alonso Botero, Luis Digón, Roberto Mirabelli y Núñez.",18 GOL Osvaldo Crosta (HUR)</br>76 GOL Botero (ONC),45,90,0,0,Foto,Formación,Camiseta
26/01/1961,N Rossi,neutral,derrota,2,4,América RJ (Brasil),2° fecha del Feria de Manizales 1961 (amistoso),Londoño (Manizales),-,"Diez, Miguel Vidal, Juan C Soria y Jorge Diz.","Ari; Jorge, Djalma, Wilson Santos e Ivan; Amaro y Quarentinha; Calazans, Antoninho, João Carlos y Nilo.",2 GOL Nilo (ARJ)</br>5 GOL Quarentinha (ARJ)</br>10 GOL Quarentinha (ARJ)</br>18 GOL Calazans (ARJ)</br>39 GOL Jorge Diz (HUR)</br><b>1° Tiempo: Huracán 1x3 América</b></br>50 GOL Miguel Vidal (HUR),45,90,0,0,Foto,Formación,Camiseta
30/01/1961,N Rossi,visitante,victoria,2,1,Nacional (Colombia),Gira por América 1961 (amistoso),Atanasio Girardot (Medellín),Sánchez,"Rubén Germinaro; Carlos Arredondo, Biagioli, Sanez y Miguel Vidal; Osvaldo Crosta y Néstor Rossi; Alberto Rendo, Juan C Soria, Roldán (Herrera) y Atilio Melón (Jorge Diz).","Lopera; Yatagri, Ayala, Vidal (Méndez) y Sorio; Campillo y Terra; Arredondo, Valencia (Eladio), Cervino y Cadavid.",58 GOL Cervino (NAC)</br>73 GOL Herrera (HUR)</br>82 GOL Jorge Diz (HUR),45,90,0,0,Foto,Formación,Camiseta
05/02/1961,N Rossi,visitante,victoria,4,1,Independiente Medellín (Colombia),Gira por América 1961 (amistoso),Atanasio Girardot (Medellín),-,"Juan C Bertoldi; Carlos Arredondo, Álvarez, Villano y Molina; Osvaldo Crosta y Néstor Rossi (Sanez); Alberto Rendo, Soria (Rodarte), Diz y Emilio Melón (Herrera).","Hernández; Caicedo, Pécora, Terra y Montoya; Vairo y Musso; Fresket, Roa, Álvarez (Marino) y José Lanza.",2 GOL Rodarte (HUR)</br>13 GOL Jesús Roldán (HUR)</br>20 GOL Rodarte (HUR)</br>24 GOL Marino (DIM)</br>57 GOL Rodarte (HUR),45,90,0,0,Foto,Formación,Camiseta
09/03/1961,N Rossi,neutral,derrota,2,3,Cruzeiro RS (Brasil),2° fecha del Triangular de Mar del Plata 1961 (amistoso),Gral. San Martín (Mar del Plata),-,-,-,GOL Torres (CRU)</br>GOL Cará (CRU)</br>GOL Raul (CRU),45,90,0,0,Foto,Formación,Camiseta
23/03/1961,N Rossi,local,victoria,2,1,Cruzeiro RS (Brasil),Amistoso,El Palacio,Spinetto,"Juan C Bertoldi; Carlos Arredondo (Hernández), Álvarez, Sanez y Miguel Vidal; Castro y Néstor Rossi (Villano); Ernesto Juárez, Norberto Menéndez (Resnik), Eduardo V Domínguez y Diz (Emilio Melón).","Picasso; Cacique, Carazinho, Tonico y Paulo; Raul (Armando) y Salvador; Torres, Paulinho, Cará y Mauro.",24 GOL Castro (HUR)</br>35 GOL Raul (CRU)</br>60 GOL Eduardo V Domínguez (HUR),45,90,0,0,Foto,Formación,Camiseta
16/04/1961,Peña,visitante,derrota,2,5,San Lorenzo de Almagro,3° fecha del Campeonato 1961,Gasómetro,Manuel Velarde,"Juan Santos; Víctor Alarcón y Miguel Vidal; Carlos Arredondo, Julio Novarini y Vladislao Cap; Ernesto Juárez, Miguel Reznik, Eduardo V Domínguez, Norberto Menéndez y Jorge Diz.","José Carrillo; Humberto Cancino y Silvio Ruiz; Carlos Álvarez, Guillermo Reynoso y Norberto Ravecca; Héctor Facundo, Oscar Rossi, Miguel Ruiz, José Sanfilippo y Norberto Boggio.",10 GOL José Sanfilippo (SLA) -penal-</br>29 GOL Héctor Facundo (SLA)</br>39 GOL José Sanfilippo (SLA)</br>55 GOL Héctor Facundo (SLA)</br>59 GOL Miguel Ruiz (SLA)</br>62 GOL Jorge Diz (HUR)</br>69 GOL Norberto Menéndez (HUR) -penal-,45,90,0,0,Foto,Formación,Camiseta
23/04/1961,Peña,local,empate,2,2,Vélez Sarsfield,2° fecha del Campeonato 1961,El Palacio,José Luis Praddaude,"Juan Santos; Luis Solé y Miguel Vidal; Carlos Arredondo, Néstor Rossi y Vladislao Cap; Ernesto Juárez, Osvaldo Crosta, Eduardo V Domínguez, Norberto Menéndez y Jorge Diz.","Abel Sarmiento; Julio Dalmao y Armando Mareque; Carmelo Simeone, Reinaldo Volken y Horacio Avalos; Aníbal Mosca, Marcelo López Espinosa, Miguel Basílico, Juan Icardi y Eugenio Callá.",9 GOL Eduardo V Domínguez (HUR)</br>33 LES Juan Icardi (VSA)</br>36 GOL Miguel Basílico (VSA)</br>51 GOL Norberto Menéndez (HUR)</br>53 GOL Reinaldo Volken (VSA),45,90,0,0,Foto,Formación,Camiseta
30/04/1961,Peña,visitante,derrota,2,4,Atlanta,1° fecha del Campeonato 1961,Villa Crespo,Carlos Nai Foino,"Juan Santos; Dante Álvarez y Miguel Vidal; Carlos Arredondo, Néstor Rossi y Vladislao Cap; Ernesto Juárez, Osvaldo Crosta, Eduardo V Domínguez, Norberto Menéndez y Jorge Diz.","Néstor Errea; Oscar Clariá y Julio Nuin; Miguel Vignale, Carlos Griguol y Rodolfo Bettinotti; Mario Griguol, Norberto Conde, Luis Artime, Alberto González y Walter Roque.",21 GOL Norberto Menéndez (HUR)</br>27 GOL Walter Roque (ATL)</br>52 GOL Eduardo V Domínguez (HUR)</br>70 GOL Carlos Griguol (ATL)</br>76 GOL Luis Artime (ATL)</br>80 GOL Norberto Conde (ATL)</br>89 EXP Miguel Vidal (HUR),45,90,0,0,Foto,Formación,Camiseta
07/05/1961,Menéndez-Vidal,local,derrota,0,3,Gimnasia y Esgrima (La Plata),4° fecha del Campeonato 1961,El Palacio,Duval Goicoechea,"Juan Santos; Dante Álvarez y Miguel Vidal; Víctor Alarcón, Vladislao Cap y José Sanez; José Carbone, Miguel Reznik, Norberto Menéndez, Juan Castro y Emilio Melón.","Francisco Gerónimo; Pedro Galeano y Antonio Arena; Walter Davoine, Carlos Bayo y Néstor Isella; Luis Ciacia, Eliseo Prado, Juan Risso, Francisco Bayo y Oscar Gómez Sánchez.",5 GOL Juan Risso (GLP)</br>32 GOL Eliseo Prado (GLP)</br>80 GOL Oscar Gómez Sánchez (GLP),45,90,0,0,Foto,Formación,Camiseta
14/05/1961,Lúpiz,visitante,derrota,0,2,Racing Club,5° fecha del Campeonato 1961,El Cilindro,Ángel Coerezza,"Juan Jover; Dante Álvarez y Miguel Vidal; Víctor Alarcón, Vladislao Cap y Julio Novarini; Ernesto Juárez, Norberto Menéndez, Eduardo V Domínguez, Juan Castro y Emilio Melón.","Osvaldo Negri; Norberto Anido y Juan Mesías; Roberto Blanco, Anacleto Peano y Federico Sacchi; Oreste Corbatta, Juan Pizzuti, Pedro Mansilla, Rubén Sosa y Carlos Borges.",47 GOL Carlos Borges (RAC)</br>60 EXP Julio Novarini (HUR)</br>83 GOL Oreste Corbatta (RAC),45,90,0,0,Foto,Formación,Camiseta
21/05/1961,Lúpiz,local,empate,2,2,Rosario Central,6° fecha del Campeonato 1961,El Palacio,Luis Spinetto,"Juan Jover; Dante Álvarez y Miguel Vidal; Víctor Alarcón, Vladislao Cap y Julio Novarini; Alberto Rendo, Sergio Cantú, Norberto Menéndez, Juan Castro y Emilio Melón.","Edgardo Andrada; José Casares y Néstor Cardoso; Jesús Castro, Sebastián García y Gualberto Mugione; René Contessi, César Menotti, Marcelo Pagani, Jorge Westcha y Ricardo Giménez.",23 GOL Marcelo Pagani (RCE)</br>34 GOL César Menotti (RCE)</br>38 GOL Emilio Melón (HUR)</br>58 GOL Norberto Menéndez (HUR) -penal-,45,90,0,0,Foto,Formación,Camiseta
28/05/1961,Lúpiz,visitante,derrota,0,1,Los Andes,7° fecha del Campeonato 1961,Banfield,Robert Turner,"Juan Jover; Dante Álvarez y Miguel Vidal; Víctor Alarcón, Néstor Rossi y José Sanez; José Carbone, Alberto Rendo, Eduardo V Domínguez, Juan Castro y Emilio Melón.","León Goldbaum; Ramón Salas y Carlos Luchessi; Héctor Abril, Rodolfo Romero y Norberto Schiro; Miguel Baiocco, Dardo Migoni, Urben Farías, José Villegas y Elio Montaño.",72 GOL Miguel Baiocco (AND) -penal-</br>76 EXP Miguel Vidal (HUR),45,90,0,0,Foto,Formación,Camiseta
08/07/1961,Lúpiz,local,victoria,2,0,Boca Juniors,8° fecha del Campeonato 1961,El Palacio,José Luis Praddaude,"Juan Bertoldi; Dante Álvarez y Raúl Hernández; Carlos Arredondo, Néstor Rossi y Vladislao Cap; Ernesto Juárez, Juan Castro, Norberto Menéndez, Jorge Diz y Emilio Melón.","Antonio Roma; Carlos Rico y Silvio Marzolini; Víctor Benítez, Antonio Rattín y Orlando; Angel Nardiello, Miguel Loayza, Paulo Valentim, Ernesto Grillo y José Yudica.",47 GOL Juan A Castro (HUR)</br>88 GOL Norberto Menéndez (HUR) -penal-,45,90,0,0,Foto,Formación,Camiseta
16/07/1961,Lúpiz,visitante,derrota,1,2,Argentinos Juniors,9° fecha del Campeonato 1961,Boyacá,Duval Goicoechea,"Juan Bertoldi; Dante Álvarez y Raúl Hernández; Carlos Arredondo, Néstor Rossi y Vladislao Cap; Ernesto Juárez, Miguel Reznik, Jesús Roldán, Juan Castro y Emilio Melón.","Osmar Miguelucci; Juan Valentino y Mario Ditro; Alberto Sainz, Ricardo Ramacciotti y Juan Malazzo; Martín Canseco, Martín Pando, Osvaldo Carceo, Hugo González y Mario Sciarra.",3 GOL Osvaldo Carceo (AJU)</br>7 GOL Hugo González (AJU)</br>14 GOL Carlos Arredondo (HUR),45,90,0,0,Foto,Formación,Camiseta
23/07/1961,Lúpiz,local,victoria,4,1,Ferro C. Oeste,10° fecha del Campeonato 1961,El Palacio,Luis Ventre,"Juan Bertoldi; Dante Álvarez y Raúl Hernández; Carlos Arredondo, Néstor Rossi y Vladislao Cap; Alberto Rendo, Osvaldo Crosta, Norberto Menéndez, Jorge Diz y Emilio Melón.","Roque Marapodi; Alberto Mogaburu y Hugo D'Ambrosio; Juan Barberis, Héctor Carrasco y Francisco Devita; Osvaldo Biaggio, Alfredo González, Felipe Ribaudo, Dante Lugo y Antonio Garabal.",2 EXP Francisco Devita (FCO)</br>5 GOL Alberto Rendo (HUR)</br>13 GOL Dante Lugo (FCO) -penal-</br>19 GOL Norberto Menéndez (HUR)</br>54 GOL Norberto Menéndez (HUR) -penal-</br>74 GOL Osvaldo Crosta (HUR)</br>85 LES Néstor Rossi (HUR),45,90,0,0,Foto,Formación,Camiseta
30/07/1961,Lúpiz,local,derrota,0,2,Independiente,11° fecha del Campeonato 1961,El Palacio,Carlos Nai Foino,"Juan Bertoldi; Dante Álvarez y Miguel Vidal; Carlos Arredondo, Néstor Rossi y Vladislao Cap; Ernesto Juárez, Osvaldo Crosta, Norberto Menéndez, Juan Castro y Emilio Melón.","Rodger Bernardico; Rubén Navarro y Tomás Rolan; Roberto Ferreiro, Jorge Entrerríos y Jorge Maldonado; Raúl Bernao, Ramón Abeledo, Luis Suárez, Roberto Saporiti y Edgardo D'Ascenzo.",9 GOL Luis Suárez (IND)</br>40 EXP Norberto Menéndez (HUR)</br>83 EXP Néstor Rossi (HUR)</br>85 GOL Ramón Abeledo (IND),45,90,0,0,Foto,Formación,Camiseta
06/08/1961,Zoppi,visitante,victoria,4,0,Estudiantes (La Plata),12° fecha del Campeonato 1961,Uno (La Plata),Robert Turner,"Juan Bertoldi; Raúl Hernández y Miguel Vidal; Carlos Arredondo, Néstor Rossi y Vladislao Cap; Ernesto Juárez, Osvaldo Crosta, Eduardo V Domínguez, Jesús Roldán y Emilio Melón.","Ricardo Valenzuela; José Silvero y Juan Amaral Silvera; Manuel Castillo, José Albrecht y Juan Rulli; Roque Fernández,Paulinho, Juan Falcón, Héctor Antonio y Feliciano Grande.",10 GOL Eduardo V Domínguez (HUR)</br>44 EXP Emilio Melón (HUR)</br>44 EXP Manuel Castillo (ELP)</br>52 GOL Ernesto Juárez (HUR)</br>76 GOL Jesús Roldán (HUR)</br>86 GOL Jesús Roldán (HUR),45,90,0,0,Foto,Formación,Camiseta
13/08/1961,Zoppi,local,empate,2,2,Chacarita Juniors,13° fecha del Campeonato 1961,El Palacio,Juan Regis Brozzi,"Juan Bertoldi; Raúl Hernández y Miguel Vidal; Carlos Arredondo, Néstor Rossi y Vladislao Cap; Ernesto Juárez, Alberto Rendo, Eduardo V Domínguez, Jesús Roldán y Jorge Diz.","Héctor Cordero; José Vázquez y David Iñigo; Oscar Martín, Roberto Moreno y Alberto Mariotti; Osvaldo Tornesi, Alberto Diego, Eduardo Restivo, Mario Rodríguez y Roberto Brookes.",7 GOL Jesús Roldán (HUR)</br>30 GOL Osvaldo Tornesi (CHJ)</br>62 GOL Jesús Roldán (HUR)</br>68 GOL Alberto Diego (CHJ),45,90,0,0,Foto,Formación,Camiseta
20/08/1961,Zoppi,visitante,derrota,1,2,Lanús,14° fecha del Campeonato 1961,Lanús,Manuel Velarde,"Juan Bertoldi; Raúl Hernández y Miguel Vidal; Carlos Arredondo, Néstor Rossi y Vladislao Cap; Ernesto Juárez, Osvaldo Crosta, Eduardo V Domínguez, Alberto Rendo y Emilio Melón.","Enrique Righini; Emilio Prato y Rubén Bertulessi; Raúl Martina, Juan Guidi y José Díaz; Luis Godoy, Rubén Nario, Raúl Graziolo, Eduardo Curia y Juan Lallana.",11 GOL Juan Lallana (LAN)</br>70 GOL Eduardo Curia (LAN) -penal-</br>84 GOL Osvaldo Crosta (HUR),45,90,0,0,Foto,Formación,Camiseta
27/08/1961,Zoppi,local,empate,0,0,River Plate,15° fecha del Campeonato 1961,El Palacio,Miguel Comesaña,"Juan Bertoldi; Raúl Hernández y Miguel Vidal; Carlos Arredondo, Néstor Rossi y Vladislao Cap; Ernesto Juárez, Osvaldo Crosta, Sergio Cantú, Néstor Canevari y Emilio Melón.","Amadeo Carrizo; José Ramos Delgado y Marcelo Etchegaray; Osmar Rodríguez, José Varacka y Salvador; Delem, Moacir, Pepillo, Ermindo Onega y Roberto.",50 LES Osmar Rodríguez (RPL),45,90,0,0,Foto,Formación,Camiseta
03/09/1961,Zoppi,local,empate,1,1,Atlanta,16° fecha del Campeonato 1961,El Palacio,Luis Ventre,"Juan Bertoldi; Raúl Hernández y Miguel Vidal; Carlos Arredondo, Néstor Rossi y Vladislao Cap; José Carbone, Osvaldo Crosta, Eduardo V Domínguez, Jesús Roldán y Emilio Melón.","Néstor Errea; Oscar Clariá y Julio Nuin; Miguel Vignale, Carlos Griguol y Rodolfo Bettinotti; Mario Griguol, Norberto Conde, Luis Artime, Alberto González y Walter Roque.",17 GOL Luis Artime (ATL)</br>37 GOL Eduardo V Domínguez (HUR),45,90,0,0,Foto,Formación,Camiseta
10/09/1961,Zoppi,visitante,victoria,1,0,Vélez Sarsfield,17° fecha del Campeonato 1961,Vélez Sarsfield,Luis Spinetto,"Juan Bertoldi; Dante Álvarez y Miguel Vidal; Carlos Arredondo, Néstor Rossi y José Sanez; José Carbone, Osvaldo Crosta, Eduardo V Domínguez, Jesús Roldán y Emilio Melón.","Rodolfo Piazza; Eduardo Batagelj y Armando Mareque; Carmelo Simeone, Reinaldo Volken y Ricardo Cielinski; Aníbal Mosca, Osvaldo Guenzatti, Juan Icardi, Roberto Bonanno y Eugenio Callá.",49 GOL Osvaldo Crosta (HUR),45,90,0,0,Foto,Formación,Camiseta
17/09/1961,Zoppi,local,empate,0,0,San Lorenzo de Almagro,18° fecha del Campeonato 1961,El Palacio,Aurelio Bossolino,"Juan Bertoldi; Dante Álvarez y Miguel Vidal; Carlos Arredondo, Néstor Rossi y José Sanez; José Carbone, Osvaldo Crosta, Eduardo V Domínguez, Norberto Menéndez y Emilio Melón.","Vladimiro Tarnawsky (46 José Carrillo); Humberto Cancino y Silvio Ruiz; Juan Ríos, Guillermo Reynoso y Raúl Páez; Héctor Facundo, Miguel Ruiz, Luis Leeb, José Sanfilippo y Norberto Boggio.",<b>-Primer Tiempo-</b></br><b>-Segundo Tiempo-</b>,45,90,0,0,Foto,Formación,Camiseta
24/09/1961,Zoppi,visitante,empate,3,3,Gimnasia y Esgrima (La Plata),19° fecha del Campeonato 1961,El Bosque (La Plata),Luis Ventre,"Juan Bertoldi (46 Juan Jover); Dante Álvarez y Miguel Vidal; Carlos Arredondo, José Sanez y Vladislao Cap; José Carbone, Miguel Reznik, Jesús Roldán, Juan Castro y Emilio Melón.","Francisco Gerónimo; Pedro Galeano y Antonio Arena; Walter Davoine, Carlos Bayo y Néstor Isella; Luis Ciacia, Eliseo Prado, Ricardo Infante, Francisco Bayo y Oscar Gómez Sánchez.",11 GOL Juan A Castro (HUR)</br>23 GOL Francisco Bayo (GLP)</br>37 GOL José Carbone (HUR)</br>39 EXP Antonio Arena (GLP)</br>44 GOL Ricardo Infante (GLP)</br>63 GOL Jesús Roldán (HUR)</br>89 GOL Ricardo Infante (GLP),45,90,0,0,Foto,Formación,Camiseta
01/10/1961,Zoppi,local,empate,1,1,Racing Club,20° fecha del Campeonato 1961,El Palacio,José Luis Praddaude,"Juan Bertoldi; Dante Álvarez y Miguel Vidal; Carlos Arredondo, Vladislao Cap y José Sanez; José Carbone, Osvaldo Crosta, Eduardo V Domínguez, Juan Castro y Emilio Melón.","Osvaldo Negri; Norberto Anido y Juan Mesías; Roberto Blanco, Anacleto Peano y Federico Sacchi; Oreste Corbatta, Juan Pizzuti, Pedro Mansilla, Rubén Sosa y Raúl Belén.",25 GOL José Sanez (RAC) -en contra-</br>44 LES José Carbone (HUR)</br>69 GOL Carlos Arredondo (HUR) -penal-,45,90,0,0,Foto,Formación,Camiseta
08/10/1961,Zoppi,visitante,victoria,3,0,Rosario Central,21° fecha del Campeonato 1961,Arroyito (Rosario),Juan Regis Brozzi,"Juan Bertoldi; Dante Álvarez y Miguel Vidal; Carlos Arredondo, Vladislao Cap y José Sanez; Ernesto Juárez, Miguel Reznik, Eduardo V Domínguez, Juan Castro y Jesús Roldán.","Edgardo Andrada; Norberto Bautista y Néstor Cardoso; Néstor Manfredi, Domingo Aranda y Gualberto Mugione; Miguel Juárez, César Menotti, Marcelo Pagani, Alejandro Báez y Francisco Rodrígues.",78 GOL Eduardo V Domínguez (HUR)</br>80 GOL Juan A Castro (HUR)</br>89 GOL Eduardo V Domínguez (HUR),45,90,0,0,Foto,Formación,Camiseta
15/10/1961,Zoppi,local,derrota,1,3,Los Andes,22° fecha del Campeonato 1961,El Palacio,Carlos Nai Foino,"Juan Bertoldi; Dante Álvarez y Miguel Vidal; Carlos Arredondo, Vladislao Cap y José Sanez; Ernesto Juárez, Miguel Reznik, Eduardo V Domínguez, Juan Castro y Jesús Roldán.","Goldbaum; Ramón Salas y Luis Rodríguez; José Giaimo, Rodolfo Romero y Norberto Schiro; Miguel Baiocco, Dardo Migoni, Urben Farías, José Villegas y Américo Sesti.",20 GOL Urben Farías (AND)</br>54 GOL Miguel Reznik (HUR)</br>65 GOL Américo Sesti (AND)</br>76 GOL 76 Villegas (AND),45,90,0,0,Foto,Formación,Camiseta
22/10/1961,Zoppi,visitante,empate,1,1,Boca Juniors,23° fecha del Campeonato 1961,La Bombonera,Duval Goicoechea,"Juan Bertoldi; Dante Álvarez y Miguel Vidal; Carlos Arredondo, Julio Novarini y Vladislao Cap; Ernesto Juárez, Miguel Reznik, Eduardo V Domínguez, Norberto Menéndez y Jorge Diz.","Antonio Roma; Edson Dos Santos y Silvio Marzolini; Víctor Benítez, Dino Sani y Antonio Rattín; Angel Nardiello, Miguel Pezzi, Paulo Valentim, José Yudica y Raúl Pérez.",4 GOL Jorge Diz (HUR)</br>32 GOL Paulo Valentim (BJU),45,90,0,0,Foto,Formación,Camiseta
29/10/1961,Zoppi,local,victoria,3,2,Argentinos Juniors,24° fecha del Campeonato 1961,El Palacio,Luis Ventre,"Juan Jover; Dante Álvarez y Miguel Vidal; Carlos Arredondo, Vladislao Cap y José Sanez; Ernesto Juárez, Miguel Reznik, Norberto Menéndez, Juan Castro y Jorge Diz.","Juan Bertoni; Juan Valentino y Hugo Bianchi; Alberto Sainz, Ricardo Ramacciotti y Juan Malazzo; Martín Canseco, Martín Pando, Osvaldo Carceo, Airton Diogo y Osvaldo Canadell.",14 GOL Juan A Castro (HUR)</br>37 GOL Martín Canseco (AJU)</br>69 GOL Juan A Castro (HUR)</br>72 GOL Norberto Menéndez (HUR)</br>82 GOL Airton Diogo (AJU),45,90,0,0,Foto,Formación,Camiseta
01/11/1961,Zoppi,visitante,empate,1,1,Ferro C. Oeste,25° fecha del Campeonato 1961,Caballito,Robert Turner,"Juan Jover; Dante Álvarez y Miguel Vidal; Carlos Arredondo, Vladislao Cap y José Sanez; Ernesto Juárez, Miguel Reznik, Norberto Menéndez, Juan Castro y Jorge Diz.","Roque Marapodi; Alberto Mogaburu y Hugo D'Ambrosio; Sergio De Gioia, Raúl Rodríguez y Francisco Devita; Alfredo González, Felipe Ribaudo, Manuel López, Dante Lugo y Antonio Garabal.",65 GOL Alfredo González (FCO)</br>85 GOL Juan A Castro (HUR),45,90,0,0,Foto,Formación,Camiseta
05/11/1961,Zoppi,visitante,derrota,4,3,Independiente,26° fecha del Campeonato 1961,Doble Visera,Manuel Velarde,"Juan Jover; Dante Álvarez y Miguel Vidal; Carlos Arredondo, Vladislao Cap y José Sanez; Ernesto Juárez, Eduardo V Domínguez, Norberto Menéndez, Juan Castro y Emilio Melón.","Bernardico; Rubén Navarro y Decaría; Roberto Ferreiro, Alcides Silveira y Jorge Maldonado; Joao Lanzone, Ramón Abeledo, Luis Suárez, Pedro Cabral y Tomás Rolan.",10 GOL Emilio Melón (HUR)</br>16 GOL Juan A Castro (HUR)</br>29 GOL Eduardo V Domínguez (HUR)</br>42 GOL Tomás Rolan (IND)</br>68 GOL Tomás Rolan (IND)</br>78 GOL Luis Suárez (IND)</br>87 GOL Ramón Abeledo (IND),45,90,0,0,Foto,Formación,Camiseta
12/11/1961,Zoppi,local,victoria,2,0,Estudiantes (La Plata),27° fecha del Campeonato 1961,El Palacio,Roberto Goicoechea,"Juan Bertoldi; Dante Álvarez y Víctor Alarcón; Carlos Arredondo, Vladislao Cap y Miguel Vidal; Ernesto Juárez, Miguel Reznik, Eduardo V Domínguez, Norberto Menéndez y Juan Castro.","José Toledo; José Silvero y Juan Amaral Silvera; Manuel Castillo, Héctor Zapa y José Albrecht; Héctor Antonio, Pedro Prospitti, Luis Pereyra, Juan Rulli y Roberto Tarabini.",25 GOL Miguel Reznik (HUR)</br>72 GOL Eduardo V Domínguez (HUR)</br>88 EXP Juan Rulli (ELP),45,90,0,0,Foto,Formación,Camiseta
22/11/1961,Zoppi,visitante,derrota,5,0,Chacarita Juniors,28° fecha del Campeonato 1961,San Martín,Miguel Comesaña,"Juan Bertoldi; Dante Álvarez y Víctor Alarcón; Carlos Arredondo, Vladislao Cap y Miguel Vidal; Ernesto Juárez, Miguel Reznik, Eduardo V Domínguez, Norberto Menéndez y Juan Castro.","Héctor Cordero; José Vázquez y David Iñigo; Oscar Martín, Roberto Moreno y Alberto Mariotti; Osvaldo Tornesi, Hernán Nonis, Eduardo Restivo, Mario Rodríguez y Raúl Savoy.",24 GOL Roberto Moreno (CHJ)</br>41 GOL Mario Rodríguez (CHJ)</br>45 LES Carlos Arredondo (HUR)</br>56 GOL Osvaldo Tornesi (CHJ) -penal-</br>74 GOL Eduardo Restivo (CHJ)</br>80 GOL Hernán Nonis (CHJ),45,90,0,0,Foto,Formación,Camiseta
26/11/1961,Zoppi,local,empate,1,1,Lanús,29° fecha del Campeonato 1961,El Palacio,Luis Ventre,"Juan Carlos Bertoldi; Dante Álvarez y Miguel Vidal; Víctor Alarcón, Vladislao Cap y José Sanez; Alberto Rendo, Miguel Reznik, Eduardo V Domínguez, Juan Castro y Ernesto Juárez.","Jorge Yacopetti; Francisco Bravo y Rubén Bertulessi; Raúl Martina, Juan Guidi y José Díaz; Rubén Nario, Eduardo Curia, Raúl Graziolo, Urbano Reynoso y Juan Lallana.",33 GOL Eduardo V Domínguez (HUR)</br>61 EXP Víctor Alarcón (HUR)</br>62 GOL Juan Lallana (LAN)</br>70 EXP José Díaz (LAN),45,90,0,0,Foto,Formación,Camiseta
01/12/1961,Zoppi,visitante,derrota,0,1,River Plate,30° fecha del Campeonato 1961,Monumental,Manuel Velarde,"Juan Bertoldi; Raúl Hernández y Víctor Alarcón; Carlos Noli, José Sanez y Vladislao Cap; Alberto Rendo, Miguel Reznik, Eduardo V Domínguez, Juan Castro y Ernesto Juárez.","Amadeo Carrizo; José Ramos Delgado y Marcelo Etchegaray; Víctor Doval, Salvador y José Varacka; Moacir, Juan Sarnari, Delem, Ermindo Onega y Roberto.",10 GOL Delem (RPL),45,90,0,0,Foto,Formación,Camiseta
22/02/1962,Ferreyra,local,victoria,1,0,Aimoré (Brasil),Amistoso 1962,-,-,Huracán,-,54 GOL Medina (HUR)</br>EXP Arquero (HUR)</br>EXP delantero (AIM),45,90,0,0,Foto,Formación,Camiseta

25/03/1962,Ferreyra,local,victoria,4,0,Vélez Sarsfield,1° fecha del Campeonato 1962,El Palacio,José Luis Praddaude,"Juan Bertoldi; Carlos Arredondo, Dante Álvarez, Juan Schneider y Miguel Vidal; Héctor Pederzoli y Alberto Rendo; Ernesto Juárez, Pedro Medina, Jesús Roldán y Juan C Rodríguez.","Rodolfo Piazza; Horacio Avalos, Eduardo Batagelj, Ricardo Cielinski y Armando Mareque; Reinaldo Volken y Rubén Fernández; Orlando Benedetto, Juan Pastorini, Daniel Willington y José Yudica.",19 GOL Juárez (HUR)</br>56 EXP Willington (VSA)</br>57 GOL Juárez (HUR)</br>67 GOL Medina (HUR)</br>71 GOL Roldán (HUR),45,90,0,0,Foto,Formación,Camiseta
01/04/1962,Ferreyra,visitante,victoria,1,0,Atlanta,2° fecha del Campeonato 1962,Monumental,Juan Regis Brozzi,"Juan Bertoldi; Carlos Arredondo, Dante Álvarez, Juan Schneider y Miguel Vidal; Héctor Pederzoli y Alberto Rendo; Ernesto Juárez, Pedro Medina, Jesús Roldán y Juan C Rodríguez.","Miguel Sánchez; Miguel Vignale, Alejo Clariá, Mario Bonczuk y Julio Nuin; Carlos Griguol y Eduardo Balassanián; José Luna, Antonio Poggi, Norberto Conde y Walter Roque.",61 GOL Arredondo (HUR),45,90,0,0,Foto,Formación,Camiseta
08/04/1962,Ferreyra,local,victoria,1,0,San Lorenzo de Almagro,3° fecha del Campeonato 1962,El Palacio,Manuel Velarde,"Juan Bertoldi; Carlos Arredondo, Dante Álvarez, Juan Schneider y Miguel Vidal; Héctor Pederzoli y Alberto Rendo; Ernesto Juárez, Pedro Medina, Jesús Roldán y Juan C Rodríguez.","Marwel Periotti; Juan Ríos, Humberto Cancino, Raúl Páez y Juan Martínez; Guillermo Reynoso y Oscar Rossi; Héctor Facundo, Omar García, José Sanfilippo y Norberto Boggio.",68 GOL Juárez (HUR),45,90,0,0,Foto,Formación,Camiseta
15/04/1962,Ferreyra,visitante,empate,0,0,Rosario Central,4° fecha del Campeonato 1962,Arroyito (Rosario),José Luis Praddaude,"Juan Santos; Carlos Arredondo, Dante Álvarez, Víctor Alarcón y Miguel Vidal; Héctor Pederzoli y Alberto Rendo; Ernesto Juárez, Pedro Medina, Jesús Roldán y Juan C Rodríguez.","Edgardo Andrada; Juan Biagioli, José Casares, Norberto Bautista y Néstor Cardoso; Sebastián García y César Menotti; José Carbone, Jorge Westcha, Enrique Fernández y Sergio Closs.",,45,90,0,0,Foto,Formación,Camiseta
19/04/1962,Ferreyra,local,derrota,0,2,Gimnasia y Esgrima (La Plata),5° fecha del Campeonato 1962,El Palacio,Roberto Goicoechea,"Juan Santos; Carlos Arredondo, Dante Álvarez, Víctor Alarcón y Miguel Vidal; Héctor Pederzoli y Alberto Rendo; Ernesto Juárez, Urben Farías, Miguel Reznik y Juan C Rodríguez.","Francisco Gerónimo; Walter Davoine, Pedro Galeano, Domingo Lejona y José Marinovich; Carlos Bayo y Hugo Carro; Héctor Antonio, Alfredo Rojas, Antonio López y Oscar Gómez Sánchez.",34 EXP López (GLP)</br>58 GOL Antonio (GLP)</br>84 GOL Rojas (GLP),45,90,0,0,Foto,Formación,Camiseta
22/04/1962,Ferreyra,visitante,derrota,0,2,Selección de Chile,Amistoso,Nacional (Chile),árbitro,,,sin datos,45,90,0,0,Foto,Formación,Camiseta
24/06/1962,Ferreyra,local,victoria,2,1,Racing Club,7° fecha del Campeonato 1962,El Palacio,Miguel Comesaña,"Juan Bertoldi; Carlos Arredondo, Dante Álvarez, Juan Schneider y Miguel Vidal; Héctor Pederzoli y Alberto Rendo; Ernesto Juárez, Pedro Medina, Jesús Roldán y Juan C Rodríguez.","Osvaldo Negri; Roberto Blanco, Norberto Anido, Rubén Bertulessi y Juan Mesías; Anacleto Peano y Eduardo Curia; Oreste Corbatta, Pedro Mansilla, Rubén Sosa y Carlos Borges.",15 GOL Roldán (HUR)</br>52 GOL Mansilla (RAC)</br>68 GOL Rodríguez (HUR)</br>75 EXP Mesías (RAC),45,90,0,0,Foto,Formación,Camiseta
01/07/1962,Ferreyra,visitante,empate,0,0,Ferro C. Oeste,8° fecha del Campeonato 1962,Caballito,Aurelio Bossolino,"Juan Bertoldi; Carlos Arredondo, Dante Álvarez, Juan Schneider y Miguel Vidal; Héctor Pederzoli y Alberto Rendo; Venancio Lescano, Pedro Medina, Jesús Roldán y Juan C Rodríguez.","Roque Marapodi; Carlos Di Lorenzo, Alberto Mogaburu, Francisco Devita e Isaac Andrade; Sergio De Gioia y Alfredo González; Manuel López, Wilfredo Camacho, Miguel Tojo y Antonio Garabal.",,45,90,0,0,Foto,Formación,Camiseta
08/07/1962,Ferreyra,local,victoria,3,0,Argentinos Juniors,9° fecha del Campeonato 1962,El Palacio,Luis Ventre,"Juan Bertoldi; Carlos Arredondo, Dante Álvarez, Juan Schneider y Miguel Vidal; Raúl Madero y Alberto Rendo; Ernesto Juárez, Pedro Medina, Jesús Roldán y Juan C Rodríguez.","Juan Bertoni; Omar Coria y Hugo D'Ambrosio; Juan Romani, Ricardo Ramacciotti y José Mesiano; Martín Canseco, Roberto Puppo, Juan Oleniak, Horacio Barrionuevo y Juan Tamburrino.",37 GOL Juárez (HUR) -penal-</br>43 EXP D'Ambrosio (AJU)</br>62 GOL Rodríguez (HUR)</br>83 GOL Roldán (HUR),45,90,0,0,Foto,Formación,Camiseta
22/07/1962,Ferreyra,visitante,empate,1,1,River Plate,10° fecha del Campeonato 1962,Monumental,Duval Goicoechea,"Juan Bertoldi; Carlos Arredondo, Dante Álvarez, Juan Schneider y Miguel Vidal; Raúl Madero y Alberto Rendo; Ernesto Juárez, Pedro Medina, Jesús Roldán y Juan C Rodríguez.","Rogelio Domínguez; Alberto Sainz, José Ramos Delgado, José Varacka y Marcelo Etchegaray; Vladislao Cap y Martín Pando; Mario Griguol, Luis Artime, Delem y Jorge Diz.",28 GOL Artime (RPL)</br>47 GOL Medina (HUR),45,90,0,0,Foto,Formación,Camiseta
29/07/1962,Ferreyra,visitante,empate,2,2,Quilmes,11° fecha del Campeonato 1962,Quilmes,Angel Coerezza,"Juan Bertoldi; Carlos Arredondo, Víctor Alarcón, Juan Schneider y Miguel Vidal; Raúl Madero y Alberto Rendo; Ernesto Juárez, Sergio Cantú, Jesús Roldán y Juan C Rodríguez.","Aldo Beltrán; Roberto Minutti, Carlos Rico, Osvaldo Nemiña y Rafael García Fierro; Roberto Aguirre y Nilton Dos Santos; Luis Vizzo, Angel Del Moro, Fernando Monteiro y Jacinto Merayo.",11 GOL Del Moro (QUI)</br>38 GOL Roldán (HUR)</br>44 GOL Roldán (HUR)</br>88 GOL Del Moro (QUI) -penal-,45,90,0,0,Foto,Formación,Camiseta
05/08/1962,Ferreyra,local,empate,1,1,Boca Juniors,12° fecha del Campeonato 1962,El Palacio,Miguel Comesaña,"Juan Bertoldi; Carlos Arredondo, Dante Álvarez, Juan Schneider y Miguel Vidal; Raúl Madero y Alberto Rendo; Ernesto Juárez, Sergio Cantú, Jesús Roldán y Juan C Rodríguez.","Néstor Errea; Carmelo Simeone, José Silvero, Orlando y Silvio Marzolini; Antonio Rattín y Ernesto Grillo; Juan Pizzuti, Paulo Valentím, Norberto Menéndez y Alberto González.",50 GOL Valentim (BJU)</br>65 GOL Juárez (HUR) -penal-,45,90,0,0,Foto,Formación,Camiseta
19/08/1962,Ferreyra,visitante,empate,0,0,Estudiantes (La Plata),13° fecha del Campeonato 1962,Uno (La Plata),Aurelio Bossolino,"Juan Bertoldi; Carlos Arredondo, Dante Álvarez, Juan Schneider y Miguel Vidal; Raúl Madero y Alberto Rendo; Ernesto Juárez, Sergio Cantú, Jesús Roldán y Juan C Rodríguez.","Ricardo Valenzuela; Manuel Castillo, Héctor Silva, José Albrecht y Rubén Cheves; Héctor Zapa y Miguel Ruiz; Jorge Bentivegna, Juan C Soria, Héctor Berón y Néstor Lauge.",,45,90,0,0,Foto,Formación,Camiseta
26/08/1962,Ferreyra,local,derrota,0,1,Chacarita Juniors,14° fecha del Campeonato 1962,El Palacio,Luis Ventre,"Juan Bertoldi; Carlos Arredondo, Dante Álvarez, Juan Schneider y Miguel Vidal; Raúl Madero y Alberto Rendo; Ernesto Juárez, Pedro Medina, Jesús Roldán y Juan C Rodríguez.","Héctor Cordero; Oscar Martín, José Vázquez, Juan Guzmán y David Iñigo; Roberto Moreno y Alberto Diego; Osvaldo Tornesi, Mario Rodríguez, Raúl Savoy y Roberto Brookes.",32 GOL Mario Rodríguez (CHJ),45,90,0,0,Foto,Formación,Camiseta
02/09/1962,Ferreyra,visitante,derrota,0,1,Independiente,15° fecha del Campeonato 1962,Doble Visera,Roberto Goicoechea,"Juan Bertoldi; Carlos Arredondo, Dante Álvarez, Juan Schneider y Víctor Alarcón; Raúl Madero y Alberto Rendo; Ernesto Juárez, Jesús Roldán, Adalberto Marchesi y Juan C Rodríguez.","Osvaldo Toriani; Roberto Ferreiro, Rubén Navarro, Jorge Maldonado y Tomás Rolan; Juan Guidi y Jorge Vázquez; Raúl Bernao, Luis Suárez, Edgardo D'Ascenzo y Alberto Daquarti.",53 GOL Suárez (IND),45,90,0,0,Foto,Formación,Camiseta
09/09/1962,Ferreyra,visitante,victoria,2,1,Vélez Sarsfield,16° fecha del Campeonato 1962,Vélez Sarsfield,Aurelio Bossolino,"Juan Bertoldi; Carlos Arredondo, Dante Álvarez, Juan Schneider y Miguel Vidal; Raúl Madero y Alberto Rendo; Ernesto Juárez, Jesús Roldán, Adalberto Marchesi y Juan C Rodríguez.","Rodolfo Piazza; Francisco Bramuglia, Julio Dalmao, Ricardo Cielinski y Armando Mareque; Hugo Ramos y Miguel Basílico; Eduardo, Daniel Willington, Rubén Fernández y José Yudica.",27 GOL Marchesi (HUR)</br>60 GOL Basílico (VSA)</br>75 GOL Rodríguez (HUR),45,90,0,0,Foto,Formación,Camiseta
26/09/1962,Ferreyra,local,derrota,1,4,Atlanta,17° fecha del Campeonato 1962,El Palacio,Manuel Velarde,"Juan Bertoldi; Carlos Arredondo, Luis Solé, Juan Schneider y Miguel Vidal; Raúl Madero y Alberto Rendo; Ernesto Juárez, Jesús Roldán, Adalberto Marchesi y Juan C Rodríguez.","Miguel Sánchez; Miguel Vignale, Alejo Clariá, Mario Bonczuk y Julio Nuin; Carlos Griguol y Eduardo Balassanián; José Luna, Jorge Fernández, Norberto Conde y Walter Roque.",19 GOL Conde (ATL)</br>59 GOL Conde (ATL)</br>64 GOL Luna (ATL)</br>76 GOL Marchesi (HUR)</br>83 GOL Nuin (ATL) -penal-,45,90,0,0,Foto,Formación,Camiseta
30/09/1962,Ferreyra,visitante,empate,2,2,San Lorenzo de Almagro,18° fecha del Campeonato 1962,Gasómetro,Miguel Comesaña,"Juan Bertoldi; Carlos Arredondo, Víctor Alarcón, Juan Schneider y Miguel Vidal; Héctor Pederzoli y Alberto Rendo; Ernesto Juárez, Jesús Roldán, Adalberto Marchesi y Emilio Melón.","Marwel Periotti; Carlos Álvarez, Humberto Cancino, Ignacio Santamaría y Raúl Páez; Guillermo Reynoso y Oscar Rossi; Raúl Pérez, Luis Leeb, José Sanfilippo y Carlos Cabrera.",22 GOL Rossi (SLA)</br>32 GOL Marchesi (HUR)</br>49 GOL Marchesi (HUR)</br>83 LES Roldán (HUR)</br>88 GOL Rossi (SLA)</br>89 EXP Vidal (HUR),45,90,0,0,Foto,Formación,Camiseta
07/10/1962,Ferreyra,local,victoria,2,1,Rosario Central,19° fecha del Campeonato 1962,El Palacio,Luis Pedro Spinetto,"Juan Bertoldi; Carlos Arredondo, Víctor Alarcón, Juan Schneider y Miguel Vidal; Héctor Pederzoli y Alberto Rendo; Ernesto Juárez, Adolfo Sangiovanni, Adalberto Marchesi y Emilio Melón.","Edgardo Andrada; José Casares y Néstor Cardoso; Juan Biagioli, Gualberto Mugione y Norberto Bautista; José Carbone, Fernando Boriotti, Miguel Juárez, Enrique Fernández y Ricardo Giménez.",13 GOL Marchesi (HUR)</br>15 GOL Boriotti (RCE)</br>59 GOL Melón (HUR),45,90,0,0,Foto,Formación,Camiseta
12/10/1962,Ferreyra,visitante,derrota,0,1,Gimnasia y Esgrima (La Plata),20° fecha del Campeonato 1962,El Bosque (La Plata),Roberto Goicoechea,"Juan Bertoldi; Carlos Arredondo, Víctor Alarcón, Juan Schneider y Miguel Vidal; Héctor Pederzoli y Alberto Rendo; Ernesto Juárez, Adolfo Sangiovanni, Adalberto Marchesi y Emilio Melón.","Carlos Minoián; Walter Davoine, Pedro Galeano, Domingo Lejona y José Marinovich; Carlos Bayo y Héctor Antonio; Luis Ciacia, Alfredo Rojas, Francisco Bayo y Oscar Gómez Sánchez.",23 GOL Gómez Sánchez (GLP),45,90,0,0,Foto,Formación,Camiseta
21/10/1962,Ferreyra,visitante,derrota,1,2,Racing Club,22° fecha del Campeonato 1962,El Cilindro,Juan Regis Brozzi,"Juan Bertoldi; Carlos Arredondo, Víctor Palma, Juan Schneider y Miguel Vidal; Héctor Pederzoli y Alberto Rendo; Ernesto Juárez, Adalberto Marchesi, Néstor Canevari y Emilio Melón.","Oscar Salinas; Rubén Bertulessi, Norberto Anido, Federico Sacchi y Juan Mesías; Néstor Sanguinetti y Jorge Marchetta; Eduardo Curia, Raúl Noguera, Rubén Sosa y Raúl Belén.",57 GOL Sosa (RAC)</br>73 GOL Sosa (RAC)</br>82 GOL Marchesi (HUR),45,90,0,0,Foto,Formación,Camiseta
28/10/1962,Ferreyra,local,empate,1,1,Ferro C. Oeste,23° fecha del Campeonato 1962,El Palacio,Miguel Comesaña,"Juan Bertoldi; Carlos Arredondo, Dante Álvarez, Juan Schneider y Miguel Vidal; Héctor Pederzoli y Alberto Rendo; Ernesto Juárez, Jesús Roldán, Adalberto Marchesi y Emilio Melón.","Roque Marapodi; Norberto Calviño, Alberto Mogaburu, Héctor Carrasco y Julio Etchevest; Sergio De Gioia y Wilfredo Camacho; Osvaldo Biaggio, Manuel López, Alberto Castro y Carlos García Carrasco.",56 GOL Melón (HUR)</br>70 GOL Biaggio (FCO),45,90,0,0,Foto,Formación,Camiseta
01/11/1962,Ferreyra,visitante,derrota,3,4,Argentinos Juniors,24° fecha del Campeonato 1962,Caballito,Robert Turner,"Juan Bertoldi; Carlos Arredondo, Dante Álvarez, Juan Schneider y Juan Devoto; Raúl Madero y Adalberto Marchesi; Ernesto Juárez, Adolfo Sangiovanni, Jesús Roldán y Emilio Melón.","Manuel Ovejero (88 Juan Bertoni); José Diez, Juan Valentino, José Mesiano y Hugo D'Ambrosio; Ricardo Ramacciotti y Roberto Puppo; Martín Canseco, Juan Oleniak, Roberto Parodi y Juan Lallana.",7 GOL Juárez (HUR)</br>8 GOL Canseco (AJU) -penal-</br>14 GOL Roldán (HUR)</br>31 GOL Sangiovanni (HUR)</br>33 GOL Oleniak (AJU)</br>54 GOL Parodi (AJU)</br>56 EXP Devoto (HUR)</br>63 GOL Oleniak (AJU),45,90,0,0,Foto,Formación,Camiseta
04/11/1962,Ferreyra,local,victoria,2,1,River Plate,25° fecha del Campeonato 1962,El Palacio,Luis Pedro Spinetto,"Juan Bertoldi; Carlos Arredondo, Dante Álvarez, Juan Schneider y Juan Devoto; Raúl Madero y Alberto Rendo; Ernesto Juárez, Jesús Roldán, Adalberto Marchesi y Emilio Melón.","Amadeo Carrizo; Juan Barberis, Mario Ditro, José Varacka y Marcelo Etchegaray; Vladislao Cap y Martín Pando; Juan Sarnari, Luis Artime, Ermindo Onega y Roberto.",17 GOL Marchesi (HUR)</br>50 GOL Juárez (HUR)</br>61 GOL Onega (RPL),45,90,0,0,Foto,Formación,Camiseta
11/11/1962,Ferreyra,local,victoria,4,1,Quilmes,26° fecha del Campeonato 1962,El Palacio,José Luis Praddaude,"Juan Bertoldi; Carlos Arredondo, Dante Álvarez, Juan Schneider y Juan Devoto; Raúl Madero y Alberto Rendo; Ernesto Juárez, Jesús Roldán, Adalberto Marchesi y Emilio Melón.","Héctor Larroque; Norberto Desanzo, Carlos Rico, Osvaldo Nemiña y Roberto Marini; Roberto Aguirre y Nilton Dos Santos; Ricardo Scialino, Angel Del Moro, Antonio Villamor y Rodolfo Porporatto.",41 GOL Marchesi (HUR)</br>54 GOL Marchesi (HUR)</br>55 GOL Roldán (HUR)</br>77 GOL Del Moro (QUI)</br>82 LES Melón (HUR)</br>84 GOL Marchesi (HUR),45,90,0,0,Foto,Formación,Camiseta
25/11/1962,Ferreyra,visitante,derrota,0,3,Boca Juniors,27° fecha del Campeonato 1962,La Bombonera,Luis Ventre,"Juan Bertoldi; Carlos Arredondo, Dante Álvarez, Juan Schneider y Juan Devoto; Raúl Madero y Alberto Rendo; Ernesto Juárez, Jesús Roldán, Adalberto Marchesi y Emilio Melón.","Antonio Roma; Carmelo Simeone, José Silvero, Orlando y Silvio Marzolini; Antonio Rattín y Norberto Menéndez; Héctor Pueblas, Paulo Valentím, Miguel Pezzi y Alberto González.",18 GOL Pezzi (BJU)</br>28 GOL Menéndez (BJU)</br>89 GOL Valentim (BJU),45,90,0,0,Foto,Formación,Camiseta
02/12/1962,Ferreyra,local,victoria,2,1,Estudiantes (La Plata),28° fecha del Campeonato 1962,El Palacio,Angel Coerezza,"Juan Bertoldi; Carlos Arredondo, Dante Álvarez, Juan Schneider y Juan Devoto; Raúl Madero y Alberto Rendo; Ernesto Juárez, Jesús Roldán, Adalberto Marchesi y Juan C Rodríguez.","Juan Oleynicky; Manuel Castillo, José Gutiérrez, José Albrecht y Rubén Cheves; Héctor Zapa y Juan Rulli; Héctor Yáñez, Federico Horster, Adolfo Bielli y Néstor Lauge.",,45,90,0,0,Foto,Formación,Camiseta
09/12/1962,Ferreyra,visitante,derrota,1,3,Chacarita Juniors,29° fecha del Campeonato 1962,San Martín,Roberto Goicoechea,"Juan Bertoldi (46 Juan C Santos); Carlos Arredondo, Dante Álvarez, Juan Schneider y Juan Carlos Devoto; Raúl Madero y Alberto Rendo; Ernesto Juárez, Jesús Roldán, Juan C Rodríguez y Luis Medina.","Julio Marchena (85 Héctor Cordero); Oscar Martín, José Vázquez, Juan Guzmán y David Iñigo; Carlos Ferro y Raúl Savoy; Osvaldo Tornesi, Eduardo Restivo, Mario Rodríguez y Roberto Brookes.",1 GOL Restivo (CHJ)</br>51 GOL Mario Rodríguez (CHJ)</br>68 GOL Mario Rodríguez (CHJ)</br>80 LES Martín (CHJ)</br>89 GOL Arredondo (HUR) -penal-,45,90,0,0,Foto,Formación,Camiseta
14/12/1962,Ferreyra,local,derrota,0,1,Boca Juniors,30° fecha del Campeonato 1962,El Palacio,Luis Ventre,"Juan Bertoldi; Carlos Arredondo, Dante Álvarez, Juan Schneider y Víctor Alarcón; Héctor Pederzoli y Alberto Rendo; Ernesto Juárez, Jesús Roldán, Alfredo Obberti y Luis Medina.","Miguel Santoro; Roberto Ferreiro, Rubén Navarro, Jorge Maldonado y Raúl Decaría; José Paflik y Jorge Vázquez; Raúl Bernao, Marcos Conigliaro, Néstor Rambert y Edgardo D'Ascenzo.",8 GOL Edgardo D'Ascenzo (IND),45,90,0,0,Foto,Formación,Camiseta
00/00/1963,Giúdice,visitante,derrota,1,2,Atlanta,1° fecha del Hexagonal Serio (amistoso),Atlanta,-,-,-,sin datos,45,90,0,0,Foto,Formación,Camiseta
00/00/1963,Giúdice,neutral,derrota,1,3,Banfield,2° fecha del Hexagonal Serio (amistoso),Atlanta,-,-,-,sin datos,45,90,0,0,Foto,Formación,Camiseta
00/00/1963,Giúdice,neutral,empate,2,2,Chacarita Juniors,3° fecha del Hexagonal Serio (amistoso),Atlanta,-,-,-,sin datos,45,90,0,0,Foto,Formación,Camiseta
00/00/1963,Giúdice,neutral,derrota,1,3,Argentinos Juniors,4° fecha del Hexagonal Serio (amistoso),Atlanta,-,-,-,sin datos,45,90,0,0,Foto,Formación,Camiseta
00/00/1963,Giúdice,neutral,derrota,2,3,Independiente,5° fecha del Hexagonal Serio (amistoso),Atlanta,-,-,-,sin datos,45,90,0,0,Foto,Formación,Camiseta
28/04/1963,Giúdice,local,derrota,1,4,Atlanta,1° fecha del Campeonato 1963,El Palacio,Luis Antonio Ventre,"Osvaldo Ayala; Víctor Alarcón, Horacio Troche, Juan Schneider y Miguel Vidal; Sebastián Viberti y Alberto Rendo; Ernesto Juárez, Jesús Roldán, Adalberto Marchesi y Juan C Rodríguez.","Hugo Gatti; Rodolfo Bettinotti, Oscar Clariá, Mario Bonczuk y Julio Nuin; Carlos Griguol y Norberto Conde; José Luna, Jorge Fernández, Juan Castro y Juan Carone.",9 GOL Viberti (HUR)</br>44 GOL Conde (ATL)</br>47 GOL Castro (ATL)</br>49 GOL Griguol (ATL)</br>78 GOL Carone (ATL),45,90,0,0,Foto,Formación,Camiseta
05/05/1963,Giúdice,visitante,empate,2,2,Boca Juniors,2° fecha del Campeonato 1963,La Bombonera,Duval Goicoechea,"Osvaldo Ayala; Juan Devoto, Horacio Troche, Juan Schneider y Miguel Vidal; Sebastián Viberti y Alberto Rendo; Agapito Brítez Sánchez, Adalberto Marchesi, Juan J Rodríguez y Roberto Brookes.","Antonio Roma; Carmelo Simeone, Edson Dos Santos, Orlando y Héctor Heredia; Antonio Rattín y Norberto Menéndez; Oreste Corbatta, Emanuel Del Vecchio, José Sanfilippo y Alberto González.",4 GOL Del Vecchio (BJU)</br>13 GOL Rodríguez (HUR)</br>45 GOL Menéndez (BJU)</br>79 LES Edson (BJU)</br>87 GOL Marchesi (HUR)</br>88 EXP Corbatta (BJU),45,90,0,0,Foto,Formación,Camiseta
12/05/1963,Giúdice,visitante,empate,0,0,Vélez Sarsfield,3° fecha del Campeonato 1963,Vélez Sarsfield,José Luis Praddaude,"Osvaldo Ayala; Víctor Alarcón, Horacio Troche, Juan Schneider y Miguel Vidal; Pedro Cubilla y Juan Sarnari; Agapito Brítez Sánchez, Adalberto Marchesi, Juan J Rodríguez y Roberto Brookes.","Rodolfo Piazza; Horacio Avalos, Julio Dalmao, Rodolfo Mascarello y Armando Mareque; Ricardo Cielinski y Jorge Solari; Alfredo González, Daniel Willington, Eduardo Curia y José Yudica.",,45,90,0,0,Foto,Formación,Camiseta
19/05/1963,Giúdice,local,empate,2,2,Banfield,4° fecha del Campeonato 1963,El Palacio,Luis Antonio Ventre,"Osvaldo Ayala; Pedro Cubilla, Horacio Troche, Juan Schneider y Miguel Vidal; Sebastián Viberti y Ernesto Sarmiento; Juan Sarnari, Agapito Brítez Sánchez, Juan J Rodríguez y Roberto Brookes.","Ediberto Righi; Adolfo Vázquez, Oscar Calics, Oscar Villano y Alfredo Torres; Enry Barale y Miguel Pezzi; Oscar López, Norberto Raffo, Osvaldo Ferreño y Roberto Zárate.",30 GOL Rodríguez (HUR)</br>42 GOL Raffo (BAN)</br>58 GOL Raffo (BAN)</br>87 GOL Brookes (HUR),45,90,0,0,Foto,Formación,Camiseta
26/05/1963,Giúdice,visitante,victoria,1,0,Gimnasia y Esgrima (La Plata),5° fecha del Campeonato 1963,El Bosque (La Plata),Luis Spinetto,"Osvaldo Ayala; Pedro Cubilla, Horacio Troche, Juan Schneider y Miguel Vidal; Héctor Pederzoli y Alberto Rendo; Juan Sarnari, Adalberto Marchesi, Juan J Rodríguez y Roberto Brookes.","Carlos Minoián; Walter Davoine, Pedro Galeano, Domingo Lejona y José Marinovich; José Sanez y Héctor Antonio; Luis Ciacia, Alfredo Rojas, Francisco Bayo y Oscar Gómez Sánchez.",75 GOL Rodríguez (HUR),45,90,0,0,Foto,Formación,Camiseta
02/06/1963,Giúdice,local,empate,1,1,Independiente,6° fecha del Campeonato 1963,El Palacio,Manuel Velarde,"Osvaldo Ayala; Pedro Cubilla, Horacio Troche, Juan Schneider y Miguel Vidal; Héctor Pederzoli y Alberto Rendo; Juan Sarnari, Adalberto Marchesi, Juan J Rodríguez y Roberto Brookes.","Hugo Trucchia; Roberto Ferreiro, Rubén Navarro, Jorge Maldonado y Raúl Decaría; Tomás Rolan y Marcos Conigliaro; Jorge Vázquez, Mario Rodríguez, Raúl Savoy y Beny Guagliardi.",39 GOL Guagliardi (IND)</br>71 EXP Rolan (IND)</br>80 GOL Sarnari (HUR),45,90,0,0,Foto,Formación,Camiseta
09/06/1963,Giúdice,visitante,empate,1,1,River Plate,7° fecha del Campeonato 1963,Monumental,José Luis Praddaude,"Osvaldo Ayala; Pedro Cubilla, Horacio Troche, Juan Schneider y Miguel Vidal; Sebastián Viberti y Alberto Rendo; Agapito Brítez Sánchez, Adalberto Marchesi, Juan J Rodríguez y Roberto Brookes.","Amadeo Carrizo; Alberto Sainz, José Ramos Delgado, José Varacka y Marcelo Etchegaray; Vladislao Cap y Martín Pando; Ermindo Onega, Luis Artime, Delem y Conceiçao.",75 GOL Onega (RPL) -penal-</br>78 GOL Rendo (HUR),45,90,0,0,Foto,Formación,Camiseta
23/06/1963,Giúdice,local,empate,1,1,Argentinos Juniors,8° fecha del Campeonato 1963,El Palacio,Angel Coerezza,"Osvaldo Ayala; Pedro Cubilla, Horacio Troche, Juan Schneider y Miguel Vidal; Sebastián Viberti y Alberto Rendo; Agapito Brítez Sánchez, Adalberto Marchesi, Juan J Rodríguez y Juan C Rodríguez.","Juan Bertoni; José Diez, Juan Valentino, José Mesiano y Hugo D'Ambrosio; Ricardo Ramacciotti y Héctor Tambasco; Martín Canseco, Horacio Barrionuevo, Osvaldo Dalla Benetta y Juan Lallana.",13 GOL Marchesi (HUR)</br>82 EXP Mesiano (AJU)</br>87 GOL Lallana (AJU),45,90,0,0,Foto,Formación,Camiseta
30/06/1963,Giúdice,visitante,derrota,1,3,San Lorenzo de Almagro,9° fecha del Campeonato 1963,Gasómetro,Juan Regis Brozzi,"Osvaldo Ayala (61 Raúl Navarro); Carlos Arredondo, Horacio Troche, Juan Schneider y Miguel Vidal; Pedro Cubilla y Juan Sarnari; Agapito Brítez Sánchez, Adalberto Marchesi, Juan J Rodríguez y Alfredo Obberti.","Agustín Irusta; Oscar Posenatto, Raúl Páez, José Albrecht y Héctor Nielsen; Roberto Telch y Oscar Rossi; Héctor Facundo, Eladio Zárate, Juan Carotti y Vicente Rodríguez.",22 GOL Brítez Sánchez (HUR)</br>27 GOL Rossi (SLA)</br>53 GOL Zárate (SLA)</br>60 GOL Rossi (SLA),45,90,0,0,Foto,Formación,Camiseta
14/07/1963,Giúdice,local,victoria,4,2,Chacarita Juniors,10° fecha del Campeonato 1963,El Palacio,Luis Antonio Ventre,"Raúl Navarro; Carlos Arredondo, Horacio Troche, Juan Schneider y Miguel Vidal; Héctor Pederzoli y Alberto Rendo; Juan Sarnari, Agapito Brítez Sánchez, Juan J Rodríguez y Roberto Brookes.","Héctor Cordero; Roberto Blanco, José Vázquez, Juan Guzmán y David Iñigo; Carlos Ferro y Jesús Roldán; Osvaldo Tornesi, Edgardo D'Ascenzo, Néstor Rambert y Hernán Nonis.",32 GOL D'Ascenzo (CHJ) -penal-</br>39 GOL Rodríguez (HUR)</br>58 GOL Brítez Sánchez (HUR)</br>73 GOL Rodríguez (HUR)</br>88 GOL D'Ascenzo (CHJ)</br>89 GOL Rodríguez (HUR),45,90,0,0,Foto,Formación,Camiseta
21/07/1963,Giúdice,visitante,empate,0,0,Rosario Central,11° fecha del Campeonato 1963,Arroyito (Rosario),Angel Coerezza,"Raúl Navarro; Pedro Cubilla, Horacio Troche, Juan Schneider y Miguel Vidal; Héctor Pederzoli y Alberto Rendo; Ernesto Sarmiento, Juan Sarnari, Juan J Rodríguez y Roberto Brookes.","Edgardo Andrada; Domingo Aranda, José Casares, Norberto Bautista y Néstor Cardoso; Sebastián García y César Menotti; Oscar Storti, Miguel Juárez, Enrique Fernández y Ricardo Giménez.",,45,90,0,0,Foto,Formación,Camiseta
28/07/1963,Moreno,local,derrota,0,1,Estudiantes (La Plata),12° fecha del Campeonato 1963,El Palacio,Duval Goicoechea,"Raúl Navarro; Carlos Arredondo, Horacio Troche, Juan Schneider y Juan Devoto; Roberto Hiriart y Alberto Rendo; Juan Sarnari, Juan J Rodríguez, Adalberto Marchesi y Juan C Rodríguez.","Vladimiro Tarnawsky; Alberto Britos, Juan Biagioli, Raúl Madero y Rubén Cheves; Héctor Zapa y Pedro Prospitti; Angel Nardiello, Eduardo V Domínguez, Mario Desiderio y Carlos Cabrera.",54 GOL Desiderio (ELP),45,90,0,0,Foto,Formación,Camiseta
04/08/1963,Moreno,visitante,empate,1,1,Racing Club,13° fecha del Campeonato 1963,El Cilindro,Luis Spinetto,"Raúl Navarro; Carlos Arredondo, Horacio Troche, Juan Schneider y Juan Devoto; Héctor Pederzoli y Alberto Rendo; Juan Sarnari, Adalberto Marchesi, Juan J Rodríguez y Roberto Brookes.","Luis Carrizo; Oscar Martín, Norberto Anido, Federico Sacchi y Juan Mesías; Guillermo Reynoso y Jorge Marchetta; José Mattera, Julio San Lorenzo, Juan Oleniak y Raúl Belén.",13 GOL San Lorenzo (RAC)</br>52 GOL Rodríguez (HUR),45,90,0,0,Foto,Formación,Camiseta
18/08/1963,Moreno,visitante,victoria,3,0,Atlanta,14° fecha del Campeonato 1963,Villa Crespo,Miguel Comesaña,"Raúl Navarro; Carlos Arredondo, Horacio Troche, Juan Schneider y Juan Devoto; Pedro Cubilla y Alberto Rendo; Juan Sarnari, Juan J Rodríguez, Adalberto Marchesi y Roberto Brookes.","Hugo Gatti; Miguel Vignale, Oscar Clariá, José Caletrio y Luis Cardoso; Carlos Griguol y Norberto Conde; José Luna, Juan Puntorero, Juan Castro y Juan Carone.",4 GOL Marchesi (HUR)</br>63 GOL Caletrio (ATL) -en contra-</br>89 GOL Sarnari (HUR),45,90,0,0,Foto,Formación,Camiseta
25/08/1963,Moreno,local,victoria,2,0,Boca Juniors,15° fecha del Campeonato 1963,El Palacio,Roberto Goicoechea,"Raúl Navarro; Carlos Arredondo, Horacio Troche, Juan Schneider y Juan Devoto; Pedro Cubilla y Alberto Rendo; Juan Sarnari, Juan J Rodríguez, Adalberto Marchesi y Roberto Brookes.","Néstor Errea; Carmelo Simeone, Rubén Magdalena, Orlando y Héctor Heredia; Julio Novarini y Angel Rojas; Ernesto Grillo, Paulo Valentim, José Sanfilippo y Alberto González.",15 GOL Rodríguez (HUR)</br>34 GOL Adalberto Marchesi (HUR),45,90,0,0,Foto,Formación,Camiseta
01/09/1963,Moreno,local,victoria,2,1,Vélez Sarsfield,16° fecha del Campeonato 1963,El Palacio,Aurelio Bossolino,"Raúl Navarro; Carlos Arredondo, Horacio Troche, Juan Schneider y Juan Devoto; Pedro Cubilla y Alberto Rendo; Osvaldo Crosta, Juan J Rodríguez, Adalberto Marchesi y Roberto Brookes.","Abel Sarmiento; Isaac Andrade, Julio Dalmao, Ricardo Cielinski y Armando Mareque; Horacio Avalos y Jorge Solari; Alfredo González, Daniel Willington, Felipe Ribaudo y José Yudica.",34 GOL Roberto Brookes (HUR)</br>47 GOL Solari (VSA)</br>49 GOL Crosta (HUR)</br>65 EXP Willington (VSA),45,90,0,0,Foto,Formación,Camiseta
15/09/1963,Moreno,visitante,derrota,1,2,Banfield,17° fecha del Campeonato 1963,Banfield,Juan Regis Brozzi,"Raúl Navarro; Carlos Arredondo, Horacio Troche, Juan Schneider y Juan Devoto; Pedro Cubilla y Alberto Rendo; Juan Sarnari, Juan J Rodríguez, Adalberto Marchesi y Roberto Brookes.","Ediberto Righi; Adolfo Vázquez, Oscar Calics, Oscar Villano y Antonio Manillo; Enry Barale y Mario Chaldú; Oscar López, Luis Maidana, Norberto Raffo y Roberto Zárate.",14 GOL Pedro Cubilla (HUR)</br>43 GOL Roberto Zárate (BAN)</br>76 GOL Norberto Raffo (BAN),45,90,0,0,Foto,Formación,Camiseta
22/09/1963,Moreno,local,derrota,0,1,Gimnasia y Esgrima (La Plata),18° fecha del Campeonato 1963,El Palacio,Miguel Comesaña,"Raúl Navarro; Carlos Arredondo, Horacio Troche, Juan Schneider y Juan Devoto; Héctor Pederzoli y Pedro Cubilla; Osvaldo Crosta, Juan Sarnari, Juan J Rodríguez y Roberto Brookes.","Carlos Minoián; Walter Davoine, Domingo Lejona, Roberto Rogel y José Marinovich; José Sanez y Héctor Antonio; Luis Ciacia, Alfredo Rojas, Francisco Bayo y Oscar Gómez Sánchez.",67 GOL Luis Ciacia (GLP),45,90,0,0,Foto,Formación,Camiseta
29/09/1963,Moreno,visitante,derrota,1,2,Independiente,19° fecha del Campeonato 1963,Doble Visera,Angel Coerezza,"Raúl Navarro; Juan Devoto, Horacio Troche, Juan Schneider y Miguel Vidal; Pedro Cubilla y Ernesto Sarmiento; Juan Sarnari, Juan J Rodríguez, Roberto Brookes y Luis Medina.","Miguel Santoro; Roberto Ferreiro, Rubén Navarro, Jorge Maldonado y Héctor Zerillo; Tomás Rolan y Osvaldo Mura; Jorge Vázquez, Marcos Conigliaro, Mario Rodríguez y Raúl Savoy.",50 GOL Mario Rodríguez (IND)</br>64 GOL Mario Rodríguez (IND)</br>75 GOL Sarnari (HUR),45,90,0,0,Foto,Formación,Camiseta
06/10/1963,Moreno,local,empate,1,1,River Plate,20° fecha del Campeonato 1963,El Palacio,Aurelio Bossolino,"Osvaldo Ayala; Juan Devoto, Horacio Troche, Juan Schneider y Miguel Vidal; Pedro Cubilla y Alberto Rendo; Ernesto Sarmiento, Juan J Rodríguez, Adalberto Marchesi y Luis Medina.","Amadeo Carrizo; Alberto Sainz, José Ramos Delgado, José Varacka y Marcelo Etchegaray; Vladislao Cap y Martín Pando; Ermindo Onega, Luis Artime, Delem y Roberto.",62 GOL Delem (RPL)</br>85 GOL Adalberto Marchesi (HUR),45,90,0,0,Foto,Formación,Camiseta
20/10/1963,Moreno,visitante,derrota,0,2,Argentinos Juniors,21° fecha del Campeonato 1963,Boyacá,Robert Turner,"Osvaldo Ayala; Carlos Arredondo, Horacio Troche, Juan Schneider y Miguel Vidal; Pedro Cubilla y Alberto Rendo; Juan Sarnari, Juan J Rodríguez, Roberto Brookes y Luis Medina.","Osmar Miguelucci; José Diez, Juan Valentino, José Mesiano y Abel Vieitez; Ricardo Ramacciotti y Bernardo Vargas; Martín Canseco, Horacio Barrionuevo, Osvaldo Canadell y Juan Lallana.",56 GOL Lallana (AJU)</br>74 GOL Osvaldo Canadell (AJU)</br>80 LES Juan Valentino (AJU),45,90,0,0,Foto,Formación,Camiseta
27/10/1963,Moreno,local,empate,0,0,San Lorenzo de Almagro,22° fecha del Campeonato 1963,El Palacio,Juan Regis Brozzi,"Osvaldo Ayala; Carlos Arredondo, Jorge Ginarte, Juan Schneider y Miguel Vidal; Pedro Cubilla y Alberto Rendo; Juan Sarnari, Juan J Rodríguez, Juan C Rodríguez y Roberto Brookes.","Agustín Irusta; Raúl Páez, Humberto Cancino, José Albrecht y Silvio Ruiz; Roberto Telch y Oscar Rossi; Héctor Facundo, Raúl Pérez, Juan Carotti y Victorio Casa.",,45,90,0,0,Foto,Formación,Camiseta
03/11/1963,Moreno,visitante,victoria,4,1,Chacarita Juniors,23° fecha del Campeonato 1963,San Martín,Miguel Comesaña,"Osvaldo Ayala; Carlos Arredondo, Jorge Ginarte, Juan Schneider y Miguel Vidal; Pedro Cubilla y Alberto Rendo; Ernesto Sarmiento, Juan J Rodríguez, Juan Sarnari y Roberto Brookes.","Elías Abraham; Roberto Blanco, Juan Guzmán, Néstor Sanguinetti y Antonio Laginestra; Carlos Ferro y Jesús Roldán; Osvaldo Tornesi, Eduardo Restivo, Néstor Rambert y Conrado Rabbito.",15 GOL Brookes (HUR)</br>50 GOL Brookes (HUR)</br>58 GOL Sanguinetti (CHJ)</br>65 GOL Rodríguez (HUR)</br>86 GOL Brookes (HUR),45,90,0,0,Foto,Formación,Camiseta
10/11/1963,Moreno,local,victoria,3,1,Rosario Central,24° fecha del Campeonato 1963,El Palacio,Roberto Goicoechea,"Osvaldo Ayala; Carlos Arredondo, Horacio Troche, Juan Schneider y Miguel Vidal; Pedro Cubilla y Alberto Rendo; Ernesto Sarmiento, Juan J Rodríguez, Juan Sarnari y Roberto Brookes.","Edgardo Andrada; Domingo Aranda, Otto Sesana, Norberto Bautista y Néstor Cardoso; Gualberto Mugione y César Menotti; Miguel Juárez, Enrique Fernández, Néstor Manfredi y Alejo Medina.",22 GOL Sarmiento (HUR)</br>23 EXP Mugione (RCE)</br>41 GOL Cubilla (HUR)</br>52 GOL Juárez (RCE)</br>60 GOL Brookes (HUR),45,90,0,0,Foto,Formación,Camiseta
17/11/1963,Moreno,visitante,empate,1,1,Estudiantes (La Plata),25° fecha del Campeonato 1963,Uno (La Plata),Luis Spinetto,"Osvaldo Ayala (73 Raúl Navarro); Carlos Arredondo, Horacio Troche, Juan Schneider y Miguel Vidal; Pedro Cubilla y Alberto Rendo; Ernesto Sarmiento, Juan J Rodríguez, Juan Sarnari y Roberto Brookes.","Juan Oleynicky; Manuel Castillo, Juan Biagioli, Carlos Pachamé y Rubén Cheves; Héctor Zapa y Pedro Prospitti; Luis Leeb, Eduardo V Domínguez, Adolfo Bielli y Andrés Avelino.",38 GOL Prospitti (ELP)</br>63 GOL Rodríguez (HUR),45,90,0,0,Foto,Formación,Camiseta
24/11/1963,Moreno,local,victoria,3,1,Racing Club,26° fecha del Campeonato 1963,El Palacio,Roberto Barreiro,"Raúl Navarro; Carlos Arredondo, Horacio Troche, Juan Schneider y Miguel Vidal; Pedro Cubilla y Alberto Rendo; Ernesto Sarmiento, Juan J Rodríguez, Juan Sarnari y Roberto Brookes.","Luis Carrizo; Oscar Martín, Norberto Anido, Rubén Bertulessi y Juan Mesías; Guillermo Reynoso y Jorge Marchetta; José Mattera, Julio San Lorenzo, Juan Larrea y Raúl Belén.",15 GOL Brookes (HUR)</br>46 GOL Rendo (HUR)</br>57 GOL Bertulessi (RAC) -penal-</br>79 EXP Mesías (RAC)</br>80 EXP Brookes (HUR)</br>80 EXP Reynoso (RAC)</br>84 GOL Rendo (HUR),45,90,0,0,Foto,Formación,Camiseta
24/11/1963,Zoppi,visitante,empate,4,4,Independiente Santa Fe (Colombia),Gira por América 1963 (amistoso),El Campín (Bogotá),-,"Osvaldo Ayala; Carlos Arredondo, Horacio Troche, Juan C Schneider y Miguel Vidal; Alberto Rendo (Jorge Diz) y Pedro Cubilla, Ernesto Sarmiento (Néstor Canevari), Juan J Rodríguez, Juan C Sarnari y Roberto Brookes.","Justiniano Montaña; Zuluaga, Carlos Rodríguez, Montero y Ricardo Pegnotti; Wilson Pimentel (Jaime Silva) y Zuluaga; Marín, Paulo Pesinaschi, Alberto Perazzo y González (Jorge Gómez).",10 GOL Paulo Pesinaschi (ISF)</br>37 GOL Juan J Rodríguez (HUR)</br>52 GOL Marín (ISF)</br>55 Marín (ISF)</br>61 GOL Juan C Sarnari (HUR)</br>82 Paulo Pesinaschi (ISF)</br>89 GOL Juan J Rodríguez (HUR)</br>90 GOL Juan C Sarnari (HUR) -penal-,45,90,0,0,Foto,Formación,Camiseta
27/11/1963,Zoppi,visitante,empate,1,1,América (Colombia),Gira por América 1963 (amistoso),Pascual Guerrero (Cali),R. Fisher (Colombia),"Osvaldo Ayala; Horacio Troche, Carlos Arredondo, Pedro Cubilla y Miguel Vidal; Juan C Sarnari y Juan C Schneider; Alberto Rendo, Juan J Rodríguez, Ernesto Sarmiento y Roberto Brookes (Jorge Diz).","Riquelme; Araujo, González, Romero y Castillo; Coll y Bolaño; Paz, Cervino, Parodi y Laigacha.",22 GOL Juan C Sarnari (HUR)</br>82 GOL Cervino (AME),45,90,0,0,Foto,Formación,Camiseta
29/11/1963,Zoppi,visitante,victoria,3,2,Dep. Cali (Colombia),Gira por América 1963 (amistoso),Pascual Guerrero (Cali),-,-,-,sin datos,45,90,0,0,Foto,Formación,Camiseta
01/12/1963,Zoppi,visitante,victoria,3,0,Millonarios (Colombia),Gira por América 1963 (amistoso),El Campín (Bogotá),Victoriano Puppio (Colombia),"Osvaldo Ayala; Carlos Arredondo, Horacio Troche, Juan C Schneider (Roberto Hiriart) y Miguel Vidal; Alberto Rendo (43 Jorge Diz) y Pedro Cubilla; Néstor Canevari, Juan J Rodríguez, Juan C Sarnari (Sarmiento) y Roberto Brookes.","Senen Mosquera; Zas, Finot Castaño, Oscar Jamardo Rubio y Arturo Solórzano; José Romeiro y Ricardo Díaz; Pedro Gando (Gallegos), Marino Klinger, Rubén Pizarro y Genaro Benítez.",42 GOL Roberto Brookes (HUR)</br>53 GOL Juan J Rodríguez (HUR)</br>73 GOL Juan J Rodríguez (HUR),45,90,0,0,Foto,Formación,Camiseta
04/12/1963,Zoppi,visitante,victoria,4,1,Independiente Medellín (Colombia),Gira por América 1963 (amistoso),Atanasio Girardot (Medellín),-,-,-,14 GOL Juan C Sarnari (HUR)</br>15 GOL Juan C Sarnari (HUR)</br>67 GOL Juan J Rodríguez (HUR)</br>79 GOL Roberto Brookes (HUR)</br>89 GOL González (ATN),45,90,0,0,Foto,Formación,Camiseta
08/12/1963,Zoppi,visitante,empate,1,1,Dep. Cali (Colombia),Gira por América 1963 (amistoso),Pascual Guerrero (Cali),Elio Reynal,"Osvaldo Ayala; Carlos Arredondo, Jorge Ginarte, Juan C Schneider y Miguel Vidal; Sarmiento y Pedro Cubilla; Néstor Canevari, Juan J Rodríguez, Juan C Sarnari y Roberto Brookes.","Burno; Vargas, Apote, Nivaldo y Possoco; Valencia y Sánchez; Aceros, Bermúdez, Ary y Marcarián.  Huarandaga.",24 GOL Sarmiento (HUR)</br>73 GOL Huarandaga (CAL),45,90,0,0,Foto,Formación,Camiseta
15/12/1963,Zoppi,visitante,empate,3,3,Independiente Santa Fe (Colombia),Gira por América (amistoso),El Campín (Bogotá),Victoriano Puppio (Colombia),"Osvaldo Ayala; Carlos Arredondo, Jorge Ginarte, Alarcón y Miguel Vidal; Juan C Schneider y Pedro Cubilla (Roberto Hiriart); Néstor Canevari, Juan J Rodríguez, Adalberto Marchesse (Osvaldo Crosta) y Roberto Brookes (Jorge Diz).","Justiniano Montaña; Rodríguez, Zuluaga (Hernando Tovar), Montero y Carlos Aponte, Ricardo Pegnotti y Hernando Tovar (Jaime Silva); Marín, Paulo Pesinaschi, Alberto Perazzo y González (Ortega).",24 GOL Juan J Rodríguez (HUR)</br>42 GOL Adalberto Marchesse (HUR)</br>44 Perazzo (DIM)</br>62 GOL Marin (DIM)</br>73 GOL Juan J Rodríguez (HUR)</br>74 GOL Perazzo (DIM),45,90,0,0,Foto,Formación,Camiseta
20/12/1963,Zoppi,visitante,victoria,5,1,Selección de Colombia Juvenil,Gira por América 1963 (amistoso),Municipal (Girardot),Lires López,"Osvaldo Ayala; Pedro Cubilla, Carlos Arredondo, Castillo y Miguel Vidal; Fernández y Juan C Sarnari; Néstor Canevari, Juan J Rodríguez, Sarmiento y Jorge Diz.","Luna; Ortega, Castillo, Galiria y Herrera; Collantes y González; Toscano, Arcia, Pineros y Buitrago.",8 GOL Juan C Sarnari (HUR)</br>25 GOL Fernández (HUR)</br>38 GOL Diz (HUR)</br>75 GOL Toscano (HUR)</br>77 GOL Canaveri (HUR)</br>85 GOL Canevari (HUR),45,90,0,0,Foto,Formación,Camiseta
22/12/1963,Zoppi,visitante,derrota,0,1,Millonarios (Colombia),Gira por América 1963 (amistoso),El Campín (Bogotá),Elio Reynal (Colombia),-,-,36 GOL Gamboa (MIL)</br>36 EXP Néstor Canevari (HUR)</br>36 EXP Juan C Devoto (HUR)</br>36 EXP Rodríguez (HUR)</br>36 EXP Sarmiento (HUR) -se le permitió reingresar-,45,90,0,0,Foto,Formación,Camiseta
25/03/1964,Spinetto,local,empate,1,1,River Plate,1° fecha de la Copa Jorge Newbery 1964 (amistoso),El Palacio,Goicoechea,"Osvaldo Ayala; Roberto Hornes, Jorge Ginarte, Juan C Schneider y Víctor Alarcón; Alberto Rendo (Villarreal) y Pedro Cubilla; Néstor Canevari, Oscar López, Adalberto Marchese y Roberto Brookes.","Hugo Gatti; Sainz, Horacio Troche, Ramos Delgado y Bonczuk; Ermindo Onega y Matosas; Luis Cubilla, Artime, Pando y Lallana.",44 GOL Luis Cubilla (RPL)</br>45 GOL Oscar T López (HUR),45,90,0,0,Foto,Formación,Camiseta
00/04/1964,Spinetto,visitante,derrota,1,3,Racing Club,2° fecha de la Copa Jorge Newbery 1964 (amistoso),El Cilindro,Brozzi,"Osvaldo Ayala; Víctor Alarcón, Jorge Ginarte, Juan C Schneider y Miguel Vidal; Villarreal y Pedro Cubilla; Néstor Canevari, Oscar López, Adalberto Marchese y Luis Medina.","Carrizo; Martín, Anido, Roberto Perfumo y Fernández; Maidana y Bayo; Pentrelli, Cárdenas, Sosa y Belén.",25 GOL Cárdenas (RAC)</br>57 GOL Martín (HUR) -en contra-</br>70 GOL Sosa (RAC)</br>86 GOL Maidana (RAC),45,90,0,0,Foto,Formación,Camiseta
00/04/1964,Spinetto,local,derrota,1,2,Vélez Sarsfield,3° fecha de Copa Jorge Newbery 1964 (amistoso),El Palacio,Roberto Barreiro,"Osvaldo Ayala; Víctor Alarcón, Jorge Ginarte, Juan C Schneider y Miguel Vidal; Pedro Cubilla y Villarroel; Néstor Canevari, Oscar López, Adalberto Marchese y Roberto Brookes.","Domínguez; Morales, Dalmao, Canosa y Atola; Cielinsky y González; Martínez, Karanikola, Fernández (46 Subiat) y Carone.",5 GOL Carone (VEL)</br>14 GOL Karanikola (VEL)</br>21 GOL Oscar López (HUR)</br>49 GOL Subiat (VEL),45,90,0,0,Foto,Formación,Camiseta
11/04/1964,Spinetto,local,derrota,0,1,Boca Juniors,4° fecha de la Copa Jorge Newbery 1964 (amistoso),El Palacio,Bossolino,"Osvaldo Ayala (63 Raúl Navarro); Juan C Devoto (63 Roberto Hiriart), Jorge Ginarte, Juan C Schneider (63 Alberto Dopacio) y Miguel Vidal; Villarreal (63 Alberto Rendo) Pedro Cubilla; Carlos Santana, Oscar López, Adalberto Marchese (63 Néstor Canevari) y Roberto Brookes (63 Héctor Facundo).","Antonio Roma (63 Errea); Carmelo Simeone, Magdalena, Orlando y Silvio Marzolini; Rojas y Rattin (63 Rulli); Ferreyra, Paulo Valentim (63 Menéndez), Alcides Silveira y González.",60 GOL Alcides Silveira (BJU)</br>62 Suspendido - continuó el 29/07/1964,45,90,0,0,Foto,Formación,Camiseta
16/04/1964,Spinetto,local,victoria,6,0,Flamengo RS (Brasil),Amistoso,El Palacio,José Praddaude,"Osvaldo Ayala; Juan C Devoto, Jorge Ginarte, Juan C Schneider y Miguel Vidal; Alberto Rendo y Sebastián Viberti (Roberto Hiriart); Héctor Facundo (Carlos Santana), Oscar López, Arsenio Valdez y Roberto Brookes.","Sachet (Caliduro); Souza, Bastos, Olivera y Pescuma; Tonieto y Almeida; Moraes, Tomiello, (Guimaraes), Alves y Bacarel (Trindade).",13 GOL Alberto Rendo (HUR)</br>26 GOL Arsenio Valdez (HUR)</br>31 GOL Héctor Facundo (HUR)</br>39 GOL Héctor Facundo (HUR)</br>44 GOL Héctor Facundo (HUR)</br>81 GOL Roberto Hiriart (HUR),45,90,0,0,Foto,Formación,Camiseta
18/04/1964,Spinetto,visitante,derrota,0,2,San Lorenzo de Almagro,5° fecha de la Copa Jorge Newbery 1964 (amistoso),Gasómetro,Comesaña,"Osvaldo Ayala; Juan C Devoto, Jorge Ginarte, Juan C Schneider y Miguel Vidal; Alberto Rendo y Roberto Hiriart; Héctor Facundo, Oscar López, Villarreal (Néstor Canevari) y Roberto Brookes.","Agustín Irusta; Raúl Páez, Humberto Cancino, Rafael Albrecht y Silvio Ruiz; Oscar Rossi y Roberto Telch; Vicente Rodríguez, Ivo Diogo, Juan C Carotti (Héctor Veira) y Victorio Casa.",53 GOL Oscar Rossi (SLO) -penal-</br>88 GOL Héctor Veira (SLO),45,90,0,0,Foto,Formación,Camiseta
26/04/1964,Spinetto,local,empate,1,1,Estudiantes (La Plata),1° fecha del Campeonato 1964,El Palacio,árbitro,,,sin datos,45,90,0,0,Foto,Formación,Camiseta
03/05/1964,Spinetto,visitante,derrota,1,2,Banfield,2° fecha del Campeonato 1964,Florencio Sola,árbitro,,,sin datos,45,90,0,0,Foto,Formación,Camiseta
10/05/1964,Spinetto,local,empate,2,2,Argentinos Juniors,3° fecha del Campeonato 1964,El Palacio,árbitro,,,sin datos,45,90,0,0,Foto,Formación,Camiseta
17/05/1964,Spinetto,visitante,derrota,1,2,River Plate,4° fecha del Campeonato 1964,Monumental,árbitro,,,sin datos,45,90,0,0,Foto,Formación,Camiseta
24/05/1964,Spinetto,visitante,victoria,2,0,Ferro C. Oeste,5° fecha del Campeonato 1964,Caballito,árbitro,,,sin datos,45,90,0,0,Foto,Formación,Camiseta
14/06/1964,Spinetto,local,derrota,0,2,Newell's Old Boys (Rosario),6° fecha del Campeonato 1964,El Palacio,árbitro,,,sin datos,45,90,0,0,Foto,Formación,Camiseta
21/06/1964,Spinetto,visitante,empate,0,0,Independiente,7° fecha del Campeonato 1964,Doble Visera,árbitro,,,sin datos,45,90,0,0,Foto,Formación,Camiseta
28/06/1964,Spinetto,local,victoria,2,0,Gimnasia y Esgrima (La Plata),8° fecha del Campeonato 1964,El Palacio,árbitro,,,sin datos,45,90,0,0,Foto,Formación,Camiseta
05/07/1964,Spinetto,visitante,derrota,0,1,Boca Juniors,9° fecha del Campeonato 1964,Bombonera,árbitro,,,sin datos,45,90,0,0,Foto,Formación,Camiseta
19/07/1964,Spinetto,local,victoria,5,1,Chacarita Juniors,10° fecha del Campeonato 1964,El Palacio,árbitro,,,sin datos,45,90,0,0,Foto,Formación,Camiseta
26/07/1964,Spinetto,visitante,victoria,3,0,Atlanta,11° fecha del Campeonato 1964,Atlanta,árbitro,,,sin datos,45,90,0,0,Foto,Formación,Camiseta
29/07/1964,Spinetto,visitante,derrota,0,1,Boca Juniors,Amistoso 1964,La Bombonera,árbitro,,,sin datos,45,90,0,0,Foto,Formación,Camiseta
02/08/1964,Spinetto,local,empate,0,0,San Lorenzo de Almagro,12° fecha del Campeonato 1964,El Palacio,árbitro,,,sin datos,45,90,0,0,Foto,Formación,Camiseta
09/08/1964,Spinetto,visitante,derrota,2,3,Vélez Sarsfield,13° fecha del Campeonato 1964,Vélez Sarsfield,árbitro,,,sin datos,45,90,0,0,Foto,Formación,Camiseta
16/08/1964,Spinetto,local,empate,2,2,Rosario Central,14° fecha del Campeonato 1964,El Palacio,árbitro,,,sin datos,45,90,0,0,Foto,Formación,Camiseta
23/08/1964,Spinetto,visitante,derrota,1,2,Racing Club,15° fecha del Campeonato 1964,El Cilindro,árbitro,,,sin datos,45,90,0,0,Foto,Formación,Camiseta
30/08/1964,Spinetto,visitante,empate,1,1,Estudiantes (La Plata),16° fecha del Campeonato 1964,Uno (La Plata),árbitro,,,sin datos,45,90,0,0,Foto,Formación,Camiseta
05/09/1964,Spinetto,local,empate,0,0,Banfield,17° fecha del Campeonato 1964,El Palacio,árbitro,,,sin datos,45,90,0,0,Foto,Formación,Camiseta
13/09/1964,Spinetto,visitante,victoria,1,0,Argentinos Juniors,18° fecha del Campeonato 1964,Boyacá,árbitro,,,sin datos,45,90,0,0,Foto,Formación,Camiseta
27/09/1964,Spinetto,local,victoria,3,1,Ferro C. Oeste,20° fecha del Campeonato 1964,El Palacio,árbitro,,,sin datos,45,90,0,0,Foto,Formación,Camiseta
01/10/1964,Spinetto,local,empate,2,2,River Plate,19° fecha del Campeonato 1964,El Palacio,árbitro,,,sin datos,45,90,0,0,Foto,Formación,Camiseta
04/10/1964,Spinetto,visitante,victoria,2,1,Newell's Old Boys (Rosario),21° fecha del Campeonato 1964,Parque Independencia (Rosario),árbitro,,,sin datos,45,90,0,0,Foto,Formación,Camiseta
11/10/1964,Spinetto,local,victoria,1,0,Independiente,22° fecha del Campeonato 1964,El Palacio,árbitro,,,sin datos,45,90,0,0,Foto,Formación,Camiseta
18/10/1964,Spinetto,visitante,derrota,0,1,Gimnasia y Esgrima (La Plata),23° fecha del Campeonato 1964,El Bosque (La Plata),árbitro,,,sin datos,45,90,0,0,Foto,Formación,Camiseta
25/10/1964,Spinetto,local,derrota,0,2,Boca Juniors,24° fecha del Campeonato 1964,El Palacio,árbitro,,,sin datos,45,90,0,0,Foto,Formación,Camiseta
01/11/1964,Spinetto,visitante,derrota,2,4,Chacarita Juniors,25° fecha del Campeonato 1964,San Martín,árbitro,,,sin datos,45,90,0,0,Foto,Formación,Camiseta
08/11/1964,Spinetto,local,victoria,2,0,Atlanta,26° fecha del Campeonato 1964,El Palacio,árbitro,,,sin datos,45,90,0,0,Foto,Formación,Camiseta
15/11/1964,Spinetto,visitante,derrota,0,3,San Lorenzo de Almagro,27° fecha del Campeonato 1964,Gasómetro,árbitro,,,sin datos,45,90,0,0,Foto,Formación,Camiseta
22/11/1964,Spinetto,local,victoria,1,0,Vélez Sarsfield,28° fecha del Campeonato 1964,El Palacio,árbitro,,,sin datos,45,90,0,0,Foto,Formación,Camiseta
29/11/1964,Spinetto,visitante,derrota,0,2,Rosario Central,29° fecha del Campeonato 1964,Arroyito (Rosario),árbitro,,,sin datos,45,90,0,0,Foto,Formación,Camiseta
03/12/1964,Spinetto,local,empate,1,1,Racing Club,30° fecha del Campeonato 1964,El Palacio,árbitro,,,sin datos,45,90,0,0,Foto,Formación,Camiseta
18/04/1965,Cucchiaroni,local,victoria,3,1,Atlanta,1° fecha del Campeonato 1965,El Palacio,árbitro,,,sin datos,45,90,0,0,Foto,Formación,Camiseta
25/04/1965,Cucchiaroni,visitante,derrota,1,2,Vélez Sarsfield,2° fecha del Campeonato 1965,Vélez Sarsfield,árbitro,,,sin datos,45,90,0,0,Foto,Formación,Camiseta
29/04/1965,Cucchiaroni,local,empate,1,1,Independiente,3° fecha del Campeonato 1965,El Palacio,árbitro,,,sin datos,45,90,0,0,Foto,Formación,Camiseta
02/05/1965,Cucchiaroni,visitante,empate,1,1,Rosario Central,4° fecha del Campeonato 1965,Arroyito (Rosario),árbitro,,,sin datos,45,90,0,0,Foto,Formación,Camiseta
09/05/1965,Cucchiaroni,local,derrota,1,4,Estudiantes (La Plata),5° fecha del Campeonato 1965,El Palacio,árbitro,,,sin datos,45,90,0,0,Foto,Formación,Camiseta
12/05/1965,Cucchiaroni,visitante,derrota,1,3,Platense,6° fecha del Campeonato 1965,Atlanta,árbitro,,,sin datos,45,90,0,0,Foto,Formación,Camiseta
16/05/1965,Cucchiaroni,local,empate,2,2,Boca Juniors,7° fecha del Campeonato 1965,El Palacio,árbitro,,,sin datos,45,90,0,0,Foto,Formación,Camiseta
22/05/1965,Cucchiaroni,visitante,derrota,1,3,Banfield,8° fecha del Campeonato 1965,Florencio Sola,árbitro,,,sin datos,45,90,0,0,Foto,Formación,Camiseta
25/05/1965,Cucchiaroni,visitante,victoria,2,0,Argentinos Juniors,9° fecha del Campeonato 1965,Atlanta,árbitro,,,sin datos,45,90,0,0,Foto,Formación,Camiseta
29/05/1965,Cucchiaroni,local,empate,1,1,Ferro C. Oeste,10° fecha del Campeonato 1965,El Palacio,árbitro,,,sin datos,45,90,0,0,Foto,Formación,Camiseta
13/06/1965,Cucchiaroni,visitante,victoria,3,1,Racing Club,11° fecha del Campeonato 1965,El Cilindro,árbitro,,,sin datos,45,90,0,0,Foto,Formación,Camiseta
17/06/1965,Cucchiaroni,local,victoria,2,1,Lanús,12° fecha del Campeonato 1965,El Palacio,árbitro,,,sin datos,45,90,0,0,Foto,Formación,Camiseta
20/06/1965,Cucchiaroni,visitante,victoria,2,1,Newell's Old Boys (Rosario),13° fecha del Campeonato 1965,Parque Independencia (Rosario),árbitro,,,sin datos,45,90,0,0,Foto,Formación,Camiseta
27/06/1965,Cucchiaroni,local,derrota,0,1,Gimnasia y Esgrima (La Plata),14° fecha del Campeonato 1965,El Palacio,árbitro,,,sin datos,45,90,0,0,Foto,Formación,Camiseta
04/07/1965,Cucchiaroni,visitante,victoria,3,1,Chacarita Juniors,15° fecha del Campeonato 1965,San Martín,árbitro,,,sin datos,45,90,0,0,Foto,Formación,Camiseta
09/07/1965,Cucchiaroni,local,derrota,0,2,River Plate,16° fecha del Campeonato 1965,El Palacio,árbitro,,,sin datos,45,90,0,0,Foto,Formación,Camiseta
28/07/1965,Cucchiaroni,visitante,derrota,1,2,Melgar (Perú),Amistoso 1965,Perú,árbitro,,,sin datos,45,90,0,0,Foto,Formación,Camiseta
05/09/1965,Cucchiaroni,local,derrota,0,1,San Lorenzo	de Almagro,17° fecha del Campeonato 1965,El Palacio,árbitro,,,sin datos,45,90,0,0,Foto,Formación,Camiseta
12/09/1965,Cucchiaroni,visitante,empate,1,1,Atlanta,18° fecha del Campeonato 1965,Atlanta,árbitro,,,sin datos,45,90,0,0,Foto,Formación,Camiseta
19/09/1965,Cucchiaroni,local,derrota,0,2,Vélez Sarsfield,19° fecha del Campeonato 1965,El Palacio,árbitro,,,sin datos,45,90,0,0,Foto,Formación,Camiseta
26/09/1965,Cucchiaroni,visitante,victoria,2,1,Independiente,20° fecha del Campeonato 1965,Doble Visera,árbitro,,,sin datos,45,90,0,0,Foto,Formación,Camiseta
03/10/1965,Cucchiaroni,local,derrota,0,3,Rosario Central,21° fecha del Campeonato 1965,El Palacio,árbitro,,,sin datos,45,90,0,0,Foto,Formación,Camiseta
10/10/1965,Cucchiaroni,visitante,derrota,1,3,Estudiantes (La Plata),22° fecha del Campeonato 1965,Uno (La Plata),árbitro,,,sin datos,45,90,0,0,Foto,Formación,Camiseta
17/10/1965,Baldonedo,local,derrota,0,1,Platense,23° fecha del Campeonato 1965,El Palacio,árbitro,,,sin datos,45,90,0,0,Foto,Formación,Camiseta
24/10/1965,Baldonedo,visitante,empate,1,1,Boca Juniors,24° fecha del Campeonato 1965,La Bombonera,árbitro,,,sin datos,45,90,0,0,Foto,Formación,Camiseta
31/10/1965,Baldonedo,local,victoria,2,0,Banfield,25° fecha del Campeonato 1965,El Palacio,árbitro,,,sin datos,45,90,0,0,Foto,Formación,Camiseta
07/11/1965,Baldonedo,local,victoria,4,1,Argentinos Juniors,26° fecha del Campeonato 1965,El Palacio,árbitro,,,sin datos,45,90,0,0,Foto,Formación,Camiseta
11/11/1965,Baldonedo,visitante,empate,0,0,Ferro C. Oeste,27° fecha del Campeonato 1965,Caballito,árbitro,,,sin datos,45,90,0,0,Foto,Formación,Camiseta
14/11/1965,Baldonedo,local,derrota,0,2,Racing Club,28° fecha del Campeonato 1965,El Palacio,árbitro,,,sin datos,45,90,0,0,Foto,Formación,Camiseta
21/11/1965,Baldonedo,visitante,empate,0,0,Lanús,29° fecha del Campeonato 1965,Lanús,árbitro,,,sin datos,45,90,0,0,Foto,Formación,Camiseta
28/11/1965,Baldonedo,local,victoria,4,2,Newell's Old Boys (Rosario),30° fecha del Campeonato 1965,El Palacio,árbitro,,,sin datos,45,90,0,0,Foto,Formación,Camiseta
04/12/1965,Baldonedo,visitante,victoria,2,1,Gimnasia y Esgrima (La Plata),31° fecha del Campeonato 1965,El Bosque (La Plata),árbitro,,,sin datos,45,90,0,0,Foto,Formación,Camiseta
08/12/1965,Baldonedo,local,empate,2,2,Chacarita Juniors,32° fecha del Campeonato 1965,El Palacio,árbitro,,,sin datos,45,90,0,0,Foto,Formación,Camiseta
12/12/1965,Baldonedo,visitante,derrota,0,4,River Plate,33° fecha del Campeonato 1965,Monumental,árbitro,,,sin datos,45,90,0,0,Foto,Formación,Camiseta
19/12/1965,Baldonedo,visitante,derrota,2,4,San Lorenzo de Almagro,34° fecha del Campeonato 1965,Gasómetro,árbitro,,,sin datos,45,90,0,0,Foto,Formación,Camiseta
06/03/1966,Baldonedo,visitante,victoria,4,3,Argentinos Juniors,1° fecha del Campeonato 1966,Boyacá,árbitro,,,sin datos,45,90,0,0,Foto,Formación,Camiseta
13/03/1966,Baldonedo,local,victoria,3,1,Ferro C. Oeste,2° fecha del Campeonato 1966,El Palacio,árbitro,,,sin datos,45,90,0,0,Foto,Formación,Camiseta
20/03/1966,Baldonedo,visitante,empate,0,0,Rosario Central,3° fecha del Campeonato 1966,Arroyito (Rosario),árbitro,,,sin datos,45,90,0,0,Foto,Formación,Camiseta
27/03/1966,Baldonedo,local,victoria,1,0,Colón (Santa Fe),4° fecha del Campeonato 1966,El Palacio,árbitro,,,sin datos,45,90,0,0,Foto,Formación,Camiseta
03/04/1966,Baldonedo,visitante,derrota,1,5,Lanús,5° fecha del Campeonato 1966,Lanús,árbitro,,,sin datos,45,90,0,0,Foto,Formación,Camiseta
10/04/1966,Baldonedo,local,victoria,1,0,Platense,6° fecha del Campeonato 1966,El Palacio,árbitro,,,sin datos,45,90,0,0,Foto,Formación,Camiseta
17/04/1966,Baldonedo,visitante,derrota,1,2,Boca Juniors,7° fecha del Campeonato 1966,La Bombonera,árbitro,,,sin datos,45,90,0,0,Foto,Formación,Camiseta
24/04/1966,Baldonedo,local,derrota,1,2,Gimnasia y Esgrima (La Plata),8° fecha del Campeonato 1966,El Palacio,árbitro,,,sin datos,45,90,0,0,Foto,Formación,Camiseta
01/05/1966,Baldonedo,visitante,derrota,0,2,Racing	Club,9° fecha del Campeonato 1966,El Cilindro,árbitro,,,sin datos,45,90,0,0,Foto,Formación,Camiseta
08/05/1966,Baldonedo,local,derrota,1,2,San Lorenzo de Almagro,10° fecha del Campeonato 1966,El Palacio,árbitro,,,sin datos,45,90,0,0,Foto,Formación,Camiseta
15/05/1966,Baldonedo,visitante,derrota,0,7,Atlanta,11° fecha del Campeonato 1966,Villa Crespo,árbitro,,,sin datos,45,90,0,0,Foto,Formación,Camiseta
22/05/1966,Lúpiz,local,victoria,4,0,Vélez Sarsfield,12° fecha del Campeonato 1966,El Palacio,árbitro,,,sin datos,45,90,0,0,Foto,Formación,Camiseta
29/05/1966,Lúpiz,visitante,derrota,0,1,Newell's Old Boys (Rosario),13° fecha del Campeonato 1966,Parque Independencia (Rosario),árbitro,,,sin datos,45,90,0,0,Foto,Formación,Camiseta
05/06/1966,Lúpiz,local,victoria,1,0,Quilmes,14° fecha del Campeonato 1966,El Palacio,árbitro,,,sin datos,45,90,0,0,Foto,Formación,Camiseta
12/06/1966,Lúpiz,visitante,derrota,1,4,Banfield,15° fecha del Campeonato 1966,Florencio Sola,árbitro,,,sin datos,45,90,0,0,Foto,Formación,Camiseta
19/06/1966,Lúpiz,local,derrota,0,1,Chacarita Juniors,16° fecha del Campeonato 1966,El Palacio,árbitro,,,sin datos,45,90,0,0,Foto,Formación,Camiseta
26/06/1966,Acosta,visitante,derrota,0,3,River Plate,17° fecha del Campeonato 1966,Monumental,árbitro,,,sin datos,45,90,0,0,Foto,Formación,Camiseta
03/07/1966,Acosta,local,victoria,2,1,Estudiantes (La Plata),18° fecha del Campeonato 1966,El Palacio,árbitro,,,sin datos,45,90,0,0,Foto,Formación,Camiseta
17/07/1966,Acosta,visitante,derrota,0,1,Independiente,19° fecha del Campeonato 1966,Doble Visera,árbitro,,,sin datos,45,90,0,0,Foto,Formación,Camiseta
24/07/1966,Acosta,local,victoria,2,0,Argentinos Juniors,20° fecha del Campeonato 1966,El Palacio,árbitro,,,sin datos,45,90,0,0,Foto,Formación,Camiseta
31/07/1966,Acosta,visitante,empate,1,1,Ferro C. Oeste,21° fecha del Campeonato 1966,Caballito,árbitro,,,sin datos,45,90,0,0,Foto,Formación,Camiseta
07/08/1966,Acosta,local,derrota,0,1,Rosario Central,22° fecha del Campeonato 1966,El Palacio,árbitro,,,sin datos,45,90,0,0,Foto,Formación,Camiseta
14/08/1966,Acosta,visitante,derrota,0,1,Colón (Santa Fe),23° fecha del Campeonato 1966,Cementerio de Elefantes (Santa Fe),árbitro,,,sin datos,45,90,0,0,Foto,Formación,Camiseta
21/08/1966,Acosta,local,derrota,1,2,Lanús,24° fecha del Campeonato 1966,El Palacio,árbitro,,,sin datos,45,90,0,0,Foto,Formación,Camiseta
28/08/1966,Acosta,visitante,empate,1,1,Platense,25° fecha del Campeonato 1966,Saavedra,árbitro,,,sin datos,45,90,0,0,Foto,Formación,Camiseta
04/09/1966,Acosta,local,victoria,3,0,Boca Juniors,26° fecha del Campeonato 1966,El Palacio,árbitro,,,sin datos,45,90,0,0,Foto,Formación,Camiseta
11/09/1966,Acosta,visitante,derrota,0,3,Gimnasia y Esgrima (La Plata),27° fecha del Campeonato 1966,El Bosque (La Plata),árbitro,,,sin datos,45,90,0,0,Foto,Formación,Camiseta
18/09/1966,Acosta,local,empate,2,2,Racing Club,28° fecha del Campeonato 1966,El Palacio,árbitro,,,sin datos,45,90,0,0,Foto,Formación,Camiseta
25/09/1966,Acosta,visitante,derrota,1,4,San Lorenzo de Almagro,29° fecha del Campeonato 1966,Gasómetro,árbitro,,,sin datos,45,90,0,0,Foto,Formación,Camiseta
02/10/1966,Acosta,local,victoria,2,1,Atlanta,30° fecha del Campeonato 1966,El Palacio,árbitro,,,sin datos,45,90,0,0,Foto,Formación,Camiseta
09/10/1966,Acosta,visitante,derrota,1,2,Vélez Sarsfield,31° fecha del Campeonato 1966,Vélez Sarsfield,árbitro,,,sin datos,45,90,0,0,Foto,Formación,Camiseta
16/10/1966,Acosta,local,empate,0,0,Newell's Old Boys (Rosario),32° fecha del Campeonato 1966,El Palacio,árbitro,,,sin datos,45,90,0,0,Foto,Formación,Camiseta
23/10/1966,Acosta,visitante,derrota,0,2,Quilmes,33° fecha del Campeonato 1966,Quilmes,árbitro,,,sin datos,45,90,0,0,Foto,Formación,Camiseta
30/10/1966,Acosta,local,empate,1,1,Banfield,34° fecha del Campeonato 1966,El Palacio,árbitro,,,sin datos,45,90,0,0,Foto,Formación,Camiseta
13/11/1966,Acosta,visitante,empate,1,1,Chacarita Juniors,35° fecha del Campeonato 1966,San Martín,árbitro,,,sin datos,45,90,0,0,Foto,Formación,Camiseta
20/11/1966,Acosta,local,empate,1,1,River Plate,36° fecha del Campeonato 1966,El Palacio,árbitro,,,sin datos,45,90,0,0,Foto,Formación,Camiseta
25/11/1966,Acosta,visitante,empate,1,1,Estudiantes (La Plata),37° fecha del Campeonato 1966,Uno (La Plata),árbitro,,,sin datos,45,90,0,0,Foto,Formación,Camiseta
27/11/1966,Acosta,visitante,victoria,1,0,Internacional SC (Brasil),Inauguración del Vermelhao (amistoso),Vermelhao (Lages),Bezerra,"Raúl Navarro; Eduardo Tarchini, Ernesto Jáuregui, Jorge Ginarte, y Juan C Devoto; Tito Gómez y Sebastián Viberti; Hugo Tedesco, Zárate (Nogara), Poncio y Alberto Cabaleiro.","Batista; Setembrino, Nicodemus, Dair y Leoquídio; Zezé y Carlinhos; Osvaldo (Roberto Caramuru), Ricardo, Puskas y Anacleto (Abílio).",80 GOL Alberto Cabaleiro (HUR),45,90,0,0,Foto,Formación,Camiseta
02/12/1966,Acosta,local,empate,1,1,Independiente,38° fecha del Campeonato 1966,El Palacio,árbitro,,,sin datos,45,90,0,0,Foto,Formación,Camiseta
05/03/1967,Rodríguez,local,derrota,1,2,Estudiantes (La Plata),1° fecha del Campeonato Metropolitano 1967,El Palacio,Roberto Cruces,"Rolando Irusta; José Diez, Jorge Ginarte, Raúl Poncio y Juan C Devoto; Tito Gomez, Sebastián Viberti y Miguel Loayza; Hugo Tedesco, Alfredo Obberti y Alejo Medina.","Alberto Poletti; Eduardo Manera, Ramón Aguirre Suárez, Oscar Malbernat y Enry Barale; Carlos Bilardo, Carlos Pachamé y Juan M Echecopar; Rubén Bedogni, Marcos Conigliaro y Juan R Veron.",13 GOL Rubén Bedogni (ELP)</br>27 GOL Miguel Loayza (HUR)</br>30 EXP Ramón Aguirre Suárez (ELP)</br>54 GOL Marcos Conigliaro (ELP)</br>72 EXP Juan C Devoto (HUR)</br>88 EXP Juan R Verón (ELP),45,90,0,0,Foto,Formación,Camiseta
12/03/1967,Rodríguez,local,derrota,0,2,San Lorenzo de Almagro,2° fecha del Campeonato Metropolitano 1967,El Palacio,Guillermo Nimo,"Rolando Irusta; José Diez, Jorge Ginarte, Raúl Poncio y Juan C Devoto; Tito Gomez, Sebastián Viberti y Luis Vera; Hugo Tedesco, Miguel Loayza y Alejo Medina.","Carlos Buttice; Raúl Paez, José Magliolo, José Albrecht y Oscar Calics; Alberto Rendo, Roberto Telch y Miguel Tojo; Narciso Doval, Rodolfo Fischer y Héctor Veira.",32 GOL Rodolfo J Fischer (SLA)</br>74 GOL Narciso H Doval (SLA),45,90,0,0,Foto,Formación,Camiseta
19/03/1967,Rodríguez,visitante,victoria,3,2,Lanús,3° fecha del Campeonato Metropolitano 1967,Lanús,Luis Spinetto,"Raúl Navarro; José Diez, Jorge Ginarte, Omar Fernandez y Juan C Devoto; Raúl Poncio, Sebastián Viberti y Miguel Loayza; Hugo Tedesco, Miguel Álvarez y Alfredo Obberti.","Hugo Piazza; Héctor Ostua, Osvaldo Lorenzatto, Alberto Colaciatti y Roberto Avalos; Carlos Lettieri, Melchor Sabella y Bernardo Acosta; Héctor Minniti, Ángel Silva y Juan J De Mario.",26 GOL Juan J De Mario (LAN)</br>38 GOL Alfredo D Obberti (HUR)</br>77 GOL Miguel Á Loayza (HUR)</br>80 GOL Miguel Á Loayza (HUR)</br>89 GOL Héctor S Minniti (LAN),45,90,0,0,Foto,Formación,Camiseta
26/03/1967,Rodríguez,local,victoria,3,1,Atlanta,4° fecha del Campeonato Metropolitano 1967,El Palacio,Duval Goicoechea,"Raúl Navarro; José Diez, Eduardo Tarchini, Omar Fernandez y Juan C Devoto; Raúl Poncio, Sebastián Viberti y Miguel Loayza; Hugo Tedesco, Miguel Álvarez y Alfredo Obberti.","Carlos Biasutto; Horacio De Filippo, Carlos Maguna, Santiago Rico y Juan D Kairuz; Juan C Puntorero, Miguel Raimondo y Roberto Salomone; Humberto Di Julio, Jorge Fernandez y Carlos Aguirre.",18 GOL Alfredo D Obberti (HUR)</br>69 GOL Miguel Á Loayza (HUR)</br>74 GOL Miguel Á Raimondo (ATL)</br>89 GOL Miguel Á Loayza (HUR),45,90,0,0,Foto,Formación,Camiseta
04/04/1967,Rodríguez,visitante,derrota,2,3,Boca Juniors,5° fecha del Campeonato Metropolitano 1967,La Bombonera,Ángel Coerezza,"Raúl Navarro; José Diez, Jorge Ginarte, Omar Fernandez y Juan C Devoto; Raúl Poncio, Alberto Dopacio y Miguel Loayza; Hugo Tedesco, Miguel Álvarez y Alfredo Obberti.","Carlos Minoián; Rubén Suñe, Rubén Magdalena, Alcides Silveira y Silvio Marzolini; Nicolás Novello, Miguel Nicolau y Alberto Gonzalez; Oscar Pianetti, Alfredo Rojas y Víctor Romero.",26 GOL Víctor H Romero (BJU)</br>31 GOL Miguel Á Loayza (HUR)</br>33 GOL Alfredo H Rojas (BJU)</br>42 GOL Miguel Á Álvarez (HUR)</br>79 GOL Oscar A Pianetti (BJU),45,90,0,0,Foto,Formación,Camiseta
10/04/1967,Baldonedo,local,derrota,1,4,Racing Club,6° fecha del Campeonato Metropolitano 1967,El Palacio,Camilo Brusca,"Rolando Irusta; José Diez, Jorge Ginarte, Eduardo Tarchini y Omar Fernandez; Tito Gomez, Sebastián Viberti y Miguel Loayza; Hugo Tedesco, Miguel Álvarez y Alfredo Obberti.","Agustín Cejas; Oscar Martin, Roberto Perfumo, Alfio Basile y Nelson Chabay; Juan C Rulli, Miguel Mori y Juan J Rodriguez; Joao Cardoso, Norberto Raffo y Humberto Maschio.",22 GOL Juan J Rodríguez (RAC)</br>52 GOL Norberto S Raffo (RAC)</br>64 GOL Alfredo Obberti (HUR)</br>68 GOL Joao Cardoso (RAC)</br>84 GOL Juan J Rodríguez (RAC),45,90,0,0,Foto,Formación,Camiseta
16/04/1967,Baldonedo,visitante,victoria,2,1,Vélez Sarsfield,7° fecha del Campeonato Metropolitano 1967,Vélez Sarsfield,Carmelo Minutella,"Raúl Navarro; José Diez, Jorge Ginarte, Omar Fernandez y Juan C Devoto; Tito Gomez, Sebastián Viberti y Jorge Davino; Hugo Tedesco, Luis Vera y Alfredo Obberti.","José Marin; Luis Gallo, Eduardo Zottola, Domingo Lejona y Carlos Zeballos; Alberto Rios, José Solorzano y Mario Rodriguez; Omar Wehbe, Jorge Perez y Juan C Carone.",52 GOL Alfredo D Obberti (HUR)</br>59 GOL Hugo Á Tedesco (HUR)</br>67 GOL Juan C Carone (VSA)</br>82 EXP Eduardo Zóttola (VSA),45,90,0,0,Foto,Formación,Camiseta
23/04/1967,Baldonedo,local,victoria,3,1,Newell's Old Boys (Rosario),8° fecha del Campeonato Metropolitano 1967,Gasómetro,Aurelio Bossolino,"Raúl Navarro; José Diez, Jorge Ginarte, Raúl Poncio y Juan C Devoto; Tito Gomez, Sebastián Viberti y Jorge Davino; Hugo Tedesco, Luis Vera y Alfredo Obberti.","Héctor Tocalli; Hernán Ramirez, José Romero, Osvaldo Nemiña y Juan C Mesias; Juan F Sarrachini, Roberto Aguirre y Juan C Ibañez; Roque Avallay, Juan F Barroso y Ricardo Ulrich.",13 GOL José E Diez (HUR)</br>38 GOL Hugo Á Tedesco (HUR)</br>39 GOL Ricardo R Ulrich (NOB)</br>84 GOL Alfredo Obberti (HUR),45,90,0,0,Foto,Formación,Camiseta
30/04/1967,Baldonedo,visitante,empate,2,2,Quilmes,9° fecha del Campeonato Metropolitano 1967,Quilmes,Roberto Barreiro,"Raúl Navarro; José Diez, Jorge Ginarte, Raúl Poncio y Juan C Devoto; Tito Gomez, Sebastián Viberti y Jorge Davino; Hugo Tedesco, Luis Vera y Alfredo Obberti.","Oscar Cavallero; Isaac Andrade, Andrés Bertolotti, Ezequiel Llanos y Antonio Laginestra; Oscar Lopez, Miguel Basilico y Roberto Santiago; José Mattera, Pedro Prospitti y Félix Leeb.",6 GOL Alfredo D Obberti (HUR)</br>44 EXP Tito Gómez (HUR)</br>52 GOL José Mattera (QUI)</br>66 EXP José Mattera (QUI)</br>69 EXP Jorge Davino (HUR)</br>71 GOL Alfredo D Obberti (HUR)</br>74 GOL Pedro Prospitti (QUI),45,90,0,0,Foto,Formación,Camiseta
05/05/1967,Baldonedo,local,empate,2,2,Argentinos Juniors,10° fecha del Campeonato Metropolitano 1967,Gasómetro,Ángel Coerezza,"Raúl Navarro; José Diez, Jorge Ginarte, Raúl Poncio y Juan C Devoto; Miguel Loayza, Sebastián Viberti y Jorge Davino; Hugo Tedesco, Luis Vera y Alfredo Obberti.","Jorge Cordero; Luis Belvedere, Héctor Notaris, Héctor Gerardi y Raúl Decaria; Roberto Puppo, Julio Matos y Pedro Ornad; Antonio Rojas, Fernando Mentasty y Juan J Tamburrino.",3 GOL Jorge Davino (HUR)</br>5 GOL Roberto Puppo (AJU)</br>30 GOL Alfredo Obberti (HUR)</br>67 GOL Fernando Mentasty (AJU),45,90,0,0,Foto,Formación,Camiseta
14/05/1967,Baldonedo,visitante,empate,1,1,Colón,11° fecha del Campeonato Metropolitano 1967,Colón (Santa Fe),Roberto Goicoechea,"Raúl Navarro; José Diez, Jorge Ginarte, Raúl Poncio y Omar Fernandez; Jorge Davino, Sebastián Viberti y Miguel Loayza; Hugo Tedesco, Luis Vera y Alfredo Obberti.","Néstor Errea; Raúl Cardozo, Jorge Sanita, Sebastián Garcia y Armando Mareque; Vladas Douksas, Alberto Tardivo y Néstor Canevari; Ernesto Jauregui, Agustín Balbuena y Miguel Reznik.",24 GOL Miguel Á Loayza (HUR)</br>41 GOL Miguel Reznik (COL),45,90,0,0,Foto,Formación,Camiseta
21/05/1967,Baldonedo,visitante,empate,1,1,Estudiantes (La Plata),12° fecha del Campeonato Metropolitano 1967,Uno (La Plata),Duval Goicoechea,"Raúl Navarro; José Diez, Jorge Ginarte, Raúl Poncio y Juan C Devoto; Jorge Davino, Sebastián Viberti y Miguel Loayza; Hugo Tedesco, Alfredo Obberti y Alejo Medina.","Alberto Poletti; Eduardo Manera, Ramón Aguirre Suarez, Oscar Malbernat y Enry Barale; Carlos Bilardo, Raúl Madero y Juan M Echecopar; Rubén Bedogni, Marcos Conigliaro y Juan R Veron.",12 GOL Miguel Á Loayza (HUR)</br>57 GOL Marcos N Conigliaro (ELP),45,90,0,0,Foto,Formación,Camiseta
21/05/1967,Baldonedo,visitante,empate,1,1,América MG (Brasil),Torneo Minas Gerais 1967 (amistoso),Mineirao (Bello Horizonte),Silvio David,"Rolando Irusta; Julio Bordatto, Eduardo Tarchini, Edgardo Cantú y Omar Fernández; Alberto Dopacio y Cabello; Ernesto Sansone (Sebastián Viberti), Luis Vera, Miguel Álvarez y Alberto Cabaleiro.","Djair; Décio Brito, Luizão, Café, Ze Horta; Samuel y Édson (Sudaco); Zé Carlos, Mosquito (Edvar), Chiquinho y Caldeira.",54 GOL Miguel Álvarez (HUR)</br>60 GOL Edvar (AME)</br>81 EXP Miguel Álvarez (HUR),45,90,0,0,Foto,Formación,Camiseta
25/05/1967,Baldonedo,visitante,derrota,0,4,América RJ (Brasil),1° fecha de Negrao de Lima 1967 (amistoso),Maracaná (Río de Janeiro),Magalhães (Brasil),"Rolando Irusta (Justo Zayas); Julio Bordatto, Jorge Ginarte, Alberto Poncio (Edgardo Cantú) y Omar Fernández; Alberto Dopacio y Sebastián Viberti; Alberto Cabaleiro (Ernesto Sansone), Miguel Álvarez (Luis Vera), Alfredo Obberti y Alejo Medina.","Ita; Dejair (Sérgio), Alex, Aldeci y Gilson; Fará (Artur) e Ica; Joaozinho (Jorginho), Antunes, Edu y Eduardo.",44 GOL Eduardo (AME)</br>1° Tiempo: América 1x0 Huracán</br>50 GOL Edu (AME)</br>63 GOL Eduardo (AME)</br>81 Edu (AME),45,90,0,0,Foto,Formación,Camiseta
28/05/1967,Baldonedo,visitante,derrota,1,2,San Lorenzo de Almagro,13° fecha del Campeonato Metropolitano 1967,Gasómetro,Guillermo José Nimo,"Raúl Navarro; José Diez, Jorge Ginarte, Raúl Poncio y Omar Fernandez; Tito Gomez, Sebastián Viberti y Jorge Davino; Hugo Tedesco, Alfredo Obberti y Alejo Medina.","Carlos Buttice; Raúl Paez, José Magliolo, Oscar Calics y Luis Silvero; Alberto Rendo, José Albrecht y Miguel Tojo; Narciso Doval, Rodolfo Fischer y Héctor Veira.",22 GOL Alejo D Medina (HUR)</br>58 GOL Héctor R Veira (SLA)</br>88 GOL Rodolfo J Fischer (SLA),45,90,0,0,Foto,Formación,Camiseta
04/06/1967,Baldonedo,local,empate,1,1,Lanús,14° fecha del Campeonato Metropolitano 1967,Tomás A. Ducó,Camilo Esteban Brusca,"Raúl Navarro; José Diez, Jorge Ginarte, Raúl Poncio y Omar Fernandez; Jorge Davino, Sebastián Viberti y Miguel Loayza; Hugo Tedesco, Luis Vera y Alfredo Obberti.","Hugo Piazza; Héctor Ostua, Osvaldo Lorenzatto, Mario Carnevale y Roberto Avalos; Martín Pando, Melchor Sabella y Bernardo Acosta; Ramón Echenausi, Ángel Silva y Juan J De Mario.",12 GOL Roberto L Avalos (LAN) -en contra-</br>69 GOL Juan J De Mario (LAN),45,90,0,0,Foto,Formación,Camiseta
11/06/1967,Baldonedo,visitante,derrota,1,2,Atlanta,15° fecha del Campeonato Metropolitano 1967,Villa Crespo,Miguel Francisco Comesaña,"Raúl Navarro; José Diez, Jorge Ginarte, Raúl Poncio y Omar Fernandez; Jorge Davino, Sebastián Viberti y Miguel Loayza; Hugo Tedesco, Luis Vera y Alejo Medina.","Carlos Biasutto; Miguel Vignale, Carlos Maguna, Juan M Vizoso y Juan D Kairuz; Humberto Di Julio, Santiago Rico y Roberto Salomone; José Cittadino, Jorge Fernandez y Jorge Dominguez.",17 EXP Alejo D Medina (HUR)</br>28 GOL Roberto Salomone (ATL)</br>34 GOL Jorge Domínguez (ATL)</br>61 GOL Sebastián H Viberti (HUR)</br>75 LES Sebastián H Viberti (HUR),45,90,0,0,Foto,Formación,Camiseta
18/06/1967,Baldonedo,local,empate,1,1,Boca Juniors,16° fecha del Campeonato Metropolitano 1967,Tomás A. Ducó,Duval Goicoechea,"Raúl Navarro; José Diez, Jorge Ginarte, Edgardo Cantu y Omar Fernandez; Miguel Álvarez, Alberto Dopacio y Miguel Loayza; Hugo Tedesco, Luis Vera y Alfredo Obberti.","Antonio Roma; Rubén Suñe, Rubén Magdalena, Alcides Silveira y Silvio Marzolini; Norberto Menendez, Antonio Rattin y Hugo Zarich; Oscar Pianetti, Ángel Rojas y Víctor Romero.",68 GOL Ángel Rojas (BJU)</br>74 GOL Miguel Loayza (HUR),45,90,0,0,Foto,Formación,Camiseta
25/06/1967,Baldonedo,visitante,empate,0,0,Racing Club,17° fecha del Campeonato Metropolitano 1967,El Cilindro,Roberto Goicoechea,"Raúl Navarro; José Diez, Jorge Ginarte, Edgardo Cantu y Omar Fernandez; Alberto Dopacio, Sebastián Viberti y Jorge Davino; Hugo Tedesco, Toribio Adorno y Alfredo Obberti.","Antonino Spilinga; Nelson Chabay, Roberto Perfumo, Rodolfo Vilanova y Rubén Diaz; Humberto Maschio, Juan C Rulli y Juan J Rodriguez; Joao Cardoso, Juan C Cardenas y Norberto Raffo.",,45,90,0,0,Foto,Formación,Camiseta
02/07/1967,Baldonedo,local,derrota,0,3,Vélez Sarsfield,18° fecha del Campeonato Metropolitano 1967,Tomás A. Ducó,Jorge Aníbal Álvarez,"Raúl Navarro; José Diez, Jorge Ginarte, Edgardo Cantu y Omar Fernandez; Jorge Davino, Sebastián Viberti y Miguel Álvarez; Hugo Tedesco, Alfredo Obberti y Alejo Medina.","José Marin; Luis Gallo, Domingo Lejona, Roberto Canosa y Luis Atela; Alberto Rios, José Solorzano y Daniel Willington; Omar Wehbe, Jorge Perez y Juan C Carone.",7 GOL Jorge O Pérez (VSA)</br>40 EXP José D Solórzano (VSA)</br>83 EXP Jorge Ginarte (HUR)</br>84 GOL Juan C Carone (VSA)</br>89 GOL Juan C Carone (VSA),45,90,0,0,Foto,Formación,Camiseta
08/07/1967,Baldonedo,visitante,empate,0,0,Newell's Old Boys (Rosario),19° fecha del Campeonato Metropolitano 1967,Parque Independencia (Rosario),Ángel Norberto Coerezza,"Raúl Navarro; José Diez, Jorge Ginarte, Edgardo Cantu y Omar Fernandez; Tito Gomez, Raúl Poncio y Alfredo Obberti; Alberto Cabaleiro, Luis Vera y Jorge Davino.","Juan C Bertoldi; Ricardo Vizzo, Daniel Musante, Eduardo Bermudez y Mario Zanotti; Eleazar Tercilla, Hernán Ramirez y Juan C Ibañez; Juan F Sarrachini, Roque Avallay y Ricardo Ulrich.",,45,90,0,0,Foto,Formación,Camiseta
16/07/1967,Baldonedo,local,victoria,4,2,Quilmes,20° fecha del Campeonato Metropolitano 1967,Tomás A. Ducó,Duval Goicoechea,"Raúl Navarro; José Diez, Jorge Ginarte, Edgardo Cantu y Omar Fernandez; Tito Gomez, Sebastián Viberti y Luis Vera; Hugo Tedesco, Alfredo Obberti y Alberto Cabaleiro.","Oscar Cavallero; Isaac Andrade, Andrés Bertolotti, Miguel Basilico y Antonio Laginestra; José Yudica, Oscar Lopez y Pedro Prospitti; José Mattera, Félix Leeb y Salvador Catalano.",9 GOL Hugo Á Tedesco (HUR)</br>51 GOL Alfredo D Obberti (HUR)</br>62 GOL Pedro Prospitti (QUI)</br>73 GOL Alfredo D Obberti (HUR)</br>82 GOL Oscar López (QUI)</br>87 GOL Luis A Vera (HUR),45,90,0,0,Foto,Formación,Camiseta
23/07/1967,Baldonedo,visitante,empate,1,1,Argentinos Juniors,21° fecha del Campeonato Metropolitano 1967,Boyacá,Carmelo Minutella,"Raúl Navarro; José Diez, Jorge Ginarte, Edgardo Cantu y Julio Bordatto; Tito Gomez, Sebastián Viberti y Alfredo Obberti; Hugo Tedesco, Luis Vera y Alberto Cabaleiro.","Luis Lopez; Luis Belvedere, Julio Matos, Alberto Deluca y Raúl Decaria; Pedro Ornad, Roberto Puppo y Osvaldo Sosa; Jorge Coch, Fernando Mentasty y Juan J Tamburrino.",43 GOL Alfredo D Obberti (HUR)</br>54 GOL Fernando E Mentasty (AJU),45,90,0,0,Foto,Formación,Camiseta
31/07/1967,Baldonedo,local,empate,0,0,Colón (Santa Fe),22° fecha del Campeonato Metropolitano 1967,Tomás A. Ducó,Roberto Goicoechea,"Raúl Navarro; José Diez, Jorge Ginarte, Edgardo Cantu y Julio Bordatto; Tito Gomez, Sebastián Viberti y Jorge Davino; Hugo Tedesco, Alfredo Obberti y Miguel Loayza.","José Burtovoy; Raúl Cardozo, Jorge Sanita, Sebastián Garcia y Armando Mareque; Orlando Medina, Ernesto Jauregui y Carlos Colman; Agustín Balbuena, Miguel Reznik y Adalberto Marchesi.",,45,90,0,0,Foto,Formación,Camiseta
10/09/1967,Baldonedo,visitante,victoria,3,1,Olimpo (Bahía Blanca),1° fecha del Torneo Promocional 1967,Roberto Carminatti (Bahía Blanca),Carmelo Minutella,"Raúl Navarro; José Diez, Jorge Ginarte, Edgardo Cantu y Omar Fernandez; Jorge Davino, Alberto Dopacio y Miguel Loayza; Hugo Tedesco, Luis Vera y Alberto Cabaleiro.","Francisco Capdebosc; Ángel Cappa, Juan A Bazerque, Néstor Calle Aranzolo y Adolfo Garcia; Osvaldo Mosconi, Rubén Biagetti y Salvador Cicchini; Juan D Gerardi, Héctor Llorente y Oscar Torices.",23 GOL Héctor Llorente (OLI)</br>38 GOL Jorge Davino (HUR)</br>75 GOL Miguel Loayza (HUR)</br>88 GOL Miguel Loayza (HUR),45,90,0,0,Foto,Formación,Camiseta
17/09/1967,Baldonedo,local,victoria,3,2,Gimnasia y Esgrima (La Plata),2° fecha del Torneo Promocional 1967,Tomás A. Ducó,Camilo Esteban Brusca,"Raúl Navarro; José Diez, Jorge Ginarte, Edgardo Cantu y Julio Bordatto; Jorge Davino, Alberto Dopacio y Mario Sotero; Hugo Tedesco, Luis Vera y Alfredo Obberti.","Ricardo Romera; Carlos Conde Mendez, Roberto Di Placido, Néstor Segovia y José Gomez; Néstor Borgogno, Antonio Rosl y Jorge Spedaletti; Mario Pardo, Oscar Lopez y Carlos Castillo.",31 GOL Mario Sotero (HUR)</br>61 GOL Luis Vera (HUR)</br>71 GOL Oscar T López (GLP)</br>79 GOL Carlos Castillo (GLP)</br>84 GOL Roberto Di Plácido (GLP) -en contra-,45,90,0,0,Foto,Formación,Camiseta
24/09/1967,Baldonedo,visitante,derrota,2,4,Racing (Córdoba),3° fecha del Torneo Promocional 1967,Alberdi (Córdoba),Luis Pedro Spinetto,"Raúl Navarro; José Diez, Eduardo Tarchini, Edgardo Cantu y Julio Bordatto; Jorge Davino, Alberto Dopacio y Mario Sotero; Hugo Tedesco, Luis Vera y Alfredo Obberti.","Juan R Jover; Tomás Cuellar, Carlos Videla, Rodolfo Carballo y Enrique Blasco; Bernardo Gomez, Orlando Romero y Ricardo Videla; Luis Ciacia, José Solves y Armando Salomón.",7 GOL José Solves (RCO)</br>38 GOL Hugo Tedesco (HUR)</br>49 GOL Ricardo Videla (RCO)</br>60 GOL Luis Vera (HUR)</br>63 GOL Ricardo Videla (RCO)</br>82 GOL Ricardo Videla (RCO),45,90,0,0,Foto,Formación,Camiseta
01/10/1967,Pentrelli,local,victoria,8,2,Juventud (San Juan),4° fecha del Torneo Promocional 1967,Tomás A. Ducó,Carmelo Minutella,"Raúl Navarro; José Diez, Jorge Ginarte, Edgardo Cantu y Julio Bordatto; Miguel Brindisi, Alberto Dopacio y Miguel Loayza; Hugo Tedesco, Oscar Fuentes y Jorge Davino.","José Sergio; Rogelio Pacheco, Pedro Grecco, Atilio Marchiori y Pedro Rodriguez; Victor Legrotaglie, Luis Castellanos y H Aguirre; Carlos Rodriguez, Dante Juarez y Ángel Vega.",19 GOL Oscar Fuentes (HUR)</br>39 GOL Miguel Loayza (HUR)</br>49 GOL Oscar Fuentes (HUR)</br>56 GOL Jorge Davino (HUR)</br>59 GOL Dante Juárez (ADJ)</br>64 GOL Jorge Davino (HUR)</br>67 GOL Miguel Brindisi (HUR)</br>73 GOL Miguel Loayza (HUR)</br>82 GOL Jorge Davino (HUR)</br>84 GOL Dante Juárez (ADJ),45,90,0,0,Foto,Formación,Camiseta
08/10/1967,Pentrelli,local,victoria,3,0,Alfredo Guzmán (Tucumán),5° fecha del Torneo Promocional 1967,Tomás A. Ducó,Aurelio Domingo Bossolino,"Raúl Navarro; José Diez, Jorge Ginarte, Edgardo Cantu y Julio Bordatto; Miguel Brindisi, Raúl Poncio y Miguel Loayza; Hugo Tedesco, Luis Vera y Jorge Davino.","Raúl Rodriguez; Santos Veliz, Serafín Papa, Nicolás Frau y Juan E Diaz; José Gutierrez, Julio Cansillieri y Victor Safe; J Molina, Juan C Nuñez y Roberto Mañanejo.",16 GOL Julio Bordatto (HUR)</br>31 GOL Jorge Davino (HUR)</br>65 GOL Jorge Davino (HUR),45,90,0,0,Foto,Formación,Camiseta
15/10/1967,Pentrelli,visitante,victoria,1,0,Banfield,6° fecha del Torneo Promocional 1967,Banfield,Luis Pedro Spinetto,"Raúl Navarro; Edgardo Cantu, José Diez, Raúl Poncio y Jorge Ginarte; Miguel Brindisi, Julio Bordatto y Miguel Loayza; Hugo Tedesco, Luis Vera y Jorge Davino.","Ediberto Righi; Jorge Carrascosa, Rubén Bertulessi, Jorge Masalis y Victor Jara; Oscar Álvarez, Nelson Lopez y Juan C Zapata; Mario Chaldu, Francisco Monardez y Roberto Zarate.",57 GOL Miguel Brindisi (HUR),45,90,0,0,Foto,Formación,Camiseta
22/10/1967,Pentrelli,local,empate,1,1,Colón (Santa Fe),7° fecha del Torneo Promocional 1967,Tomás A. Ducó,Miguel F. Comesaña,"Raúl Navarro; Edgardo Cantu, José Diez, Raúl Poncio y Jorge Ginarte; Miguel Brindisi, Julio Bordatto y Miguel Loayza; Hugo Tedesco, Luis Vera y Jorge Davino.","José Burtovoy; Raúl Cardozo, Jorge Sanita, Ernesto Jauregui y Armando Mareque; Carlos Colman, Alberto Tardivo y Antonio Mellit; Agustín Balbuena, Eduardo Flores Gonzalez y Carlos Ferreyra.",27 GOL Miguel Loayza (HUR)</br>90 GOL Armando Mareque (COL),45,90,0,0,Foto,Formación,Camiseta
29/10/1967,Pentrelli,local,empate,0,0,Olimpo (Bahía Blanca),8° fecha del Torneo Promocional 1967,Tomás A. Ducó,Carmelo Minutella,"Raúl Navarro; Edgardo Cantu, José Diez, Sebastián Viberti y Jorge Ginarte; Miguel Brindisi, Julio Bordatto y Miguel Loayza; Hugo Tedesco, Luis Vera y Alfredo Obberti.","Héctor Sanchez; Rodolfo Carapela, Juan A Bazerque, Néstor Calle Aranzolo y Carlos Sanchez; Roberto S. Gavio, Osvaldo Mosconi y Salvador Cicchini; Juan D Gerardi, Héctor Llorente y Oscar Manrique.",32 EXP Rodolfo Carapela (OLI),45,90,0,0,Foto,Formación,Camiseta
03/11/1967,Pentrelli,visitante,derrota,2,3,Gimnasia y Esgrima (La Plata),9° fecha del Torneo Promocional 1967,Tomás A. Ducó,Aurelio Bossolino,"Raúl Navarro; Edgardo Cantú, José Diez, Omar Fernández y Jorge Ginarte; Sebastián Viberti, Alberto Poncio y Miguel Loayza; Hugo Tedesco, Jorge Davino y Alfredo Obberti.","Hugo Carballo; Andrés Martín, Roberto Di Plácido, Néstor Segovia y Antonio Rosl; Néstor Borgogno, Carlos Figueroa y Carlos Castillo; Juan C Trebucq, Hugo Londero y Jorge Spedaletti.",14 GOL Sebastián Viberti (HUR) -tiro libre-</br>19 GOL Antonio Rosl (GYE)</br>31 GOL Jorge Davino (HUR) -penal-</br>36 GOL Antonio Rosl (GYE)</br>78 GOL Hugo Londero (GYE),45,90,0,0,Foto,Formación,Camiseta
07/11/1967,Pentrelli,visitante,derrota,1,4,Atlante (México),Amistoso 1967,Azteca (México),Diego De Leo (México),"Rolando Irusta; Petriella, Eduardo Tarchini, Jorge Ginarte y Julio Bordatto; Alberto Dopacio y Sebastián Viberti; Alberto Cabaleiro, Luis Vera (68 Ernesto Sansone), Miguel Álvarez y Alejo Medina.","Alejandro Mollinedo (46 Raúl Orvañanos); Generoso Sánchez, Héctor Larrazolo, Sergio Negroe (66 Eugenio Medina) y Rafael Hernández; José Desachi y Luis Alvarado (46 Juan C Malazzo); Norberto Boggio (79 Rafael Padilla), Federico Pérez Flores, Ernesto Cisneros y Bernardo Hernández.",17 GOL Bernardo Hernández (ATL)</br>23 GOL Ernesto Cisneros (ATL)</br>38 GOL Alberto Dopacio (HUR)</br>67 GOL Norberto Boggio (ATL)</br>68 EXP Sebastián Viberti (HUR),45,90,0,0,Foto,Formación,Camiseta
12/11/1967,Pentrelli,local,victoria,4,0,Racing (Córdoba),10° fecha del Torneo Promocional 1967,Tomás A. Ducó,Jorge Álvarez,"Raúl Navarro; Edgardo Cantú, José Diez, Omar Fernández y Jorge Ginarte; Miguel Brindisi, José Dacunto y Miguel Loayza; Hugo Tedesco, Oscar Fuentes y Jorge Davino.","Juan R Jover; Bernardo Gómez, Carlos Videla, Rodolfo Carballo y Osvaldo Grey; Adolfo Soto, Orlando Romero y Ricardo Videla; Mario Carballo, José Solves y Armando Salomón",15 GOL Oscar Fuentes (HUR)</br>55 GOL Miguel Loayza (HUR)</br>63 GOL Jorge Davino (HUR)</br>90 GOL Miguel Brindisi (HUR),45,90,0,0,Foto,Formación,Camiseta
19/11/1967,Cesarini,visitante,victoria,3,1,Juventud (San Juan),11° fecha del Torneo Promocional 1967,Parque de Mayo (San Juan),Francisco Gómez,"Raúl Navarro; Edgardo Cantú, José Diez, Omar Fernández y Jorge Ginarte; Miguel Brindisi, José Dacunto y Miguel Loayza; Hugo Tedesco, Tito Gómez y Jorge Davino.","Armando Palacios; Luis Castellanos, Atilio Marchiori, Rogelio Pacheco y Pedro Rodríguez; Carlos Rodríguez, Edgar Rosas y Benito Jofre; Roberto Vega, Osvaldo Laprovítola y Ángel Vega.",3 GOL Atilio Marchiori (HUR) -en contra-</br>52 GOL Jorge Davino (HUR)</br>56 GOL Atilio Marchiori (JUV)</br>88 GOL Tito Gómez (JUV),45,90,0,0,Foto,Formación,Camiseta
26/11/1967,Cesarini,local,victoria,3,0,Alfredo Guzmán (Tucumán),12° fecha del Torneo Promocional 1967,All Boys (Tucumán),Carmelo Minutella,"Raúl Navarro; Edgardo Cantú, José Diez, Omar Fernández y Jorge Ginarte; Miguel Brindisi, José Dacunto y Miguel Loayza; Hugo Tedesco, Tito Gómez y Jorge Davino.","Raúl Rodríguez; Juan E Díaz, Santos Véliz, Nicolás Frau y Raúl Morales; José Gutiérrez, Julio Cansillieri y Víctor Safe; Juan C Ruotti, Julio Corvalán y Carlos Romano.",43 GOL Miguel Loayza (HUR) -cabezazo-</br>65 GOL Jorge Davino (HUR)</br>88 GOL Jorge Davino (HUR),45,90,0,0,Foto,Formación,Camiseta
01/12/1967,Cesarini,local,victoria,3,1,Banfield,13° fecha del Torneo Promocional 1967,Tomás A. Ducó,Roberto Barreiro,"Raúl Navarro; Edgardo Cantú, José Diez, Omar Fernández y Jorge Ginarte; Miguel Brindisi, José Dacunto y Miguel Loayza; Hugo Tedesco, Tito Gómez y Jorge Davino.","Ediberto Righi; Rubén Bertulessi, Oscar Haack, Osvaldo Meites y Jorge Masalis; Galdino Luraschi, Nelson López y Juan Zapata; Mario Chaldú, Rodolfo Blázquez y Roberto Zárate.",30 GOL Miguel Loayza (HUR)</br>58 GOL Miguel Loayza (HUR)</br>74 ATA Rubén Bertulessi (BAN) -penal atajado-</br>77 GOL Miguel Loayza (HUR)</br>83 GOL Mario Chaldú (BAN),45,90,0,0,Foto,Formación,Camiseta
10/12/1967,Cesarini,visitante,empate,0,0,Colón (Santa Fe),14° fecha del Torneo Promocional 1967,Cementerio de Elefantes (Santa Fe),Luis Pestarino,"Raúl Navarro; Edgardo Cantú, José Diez, Omar Fernández y Jorge Ginarte; Miguel Brindisi, José Dacunto y Miguel Loayza; Hugo Tedesco, Tito Gómez y Jorge Davino.","José Burtovoy; Sebastián García, Julio Giombi, Ernesto Jáuregui y Antonio Mellit; Carlos Colman, Alberto Tardivo y Orlando Medina; Agustín Balbuena, Carlos Rodríguez y Roberto González.",38 EXP Antonio Mellit (COL)</br>38 EXP Hugo Tedesco (HUR),45,90,0,0,Foto,Formación,Camiseta
03/03/1968,Pentrelli,local,derrota,0,2,Chacarita Juniors,1° fecha del Campeonato Metropolitano 1968,Tomás A. Ducó,árbitro,,,sin datos,45,90,0,0,Foto,Formación,Camiseta
10/03/1968,N Rossi,visitante,empate,0,0,Argentinos Juniors,2° fecha del Campeonato Metropolitano 1968,Boyacá,árbitro,,,sin datos,45,90,0,0,Foto,Formación,Camiseta
17/03/1968,N Rossi,local,victoria,1,0,River Plate,3° fecha del Campeonato Metropolitano 1968,Tomás A. Ducó,árbitro,,,sin datos,45,90,0,0,Foto,Formación,Camiseta
25/03/1968,N Rossi,visitante,victoria,2,1,Gimnasia y Esgrima (La Plata),4° fecha del Campeonato Metropolitano 1968,El Bosque (La Plata),árbitro,,,sin datos,45,90,0,0,Foto,Formación,Camiseta
31/03/1968,N Rossi,local,victoria,2,1,Independiente,5° fecha del Campeonato Metropolitano 1968,Tomás A. Ducó,árbitro,,,sin datos,45,90,0,0,Foto,Formación,Camiseta
07/04/1968,N Rossi,visitante,derrota,1,2,Vélez Sarsfield,6° fecha del Campeonato Metropolitano 1968,Vélez Sarsfield,árbitro,,,sin datos,45,90,0,0,Foto,Formación,Camiseta
14/04/1968,N Rossi,local,victoria,1,0,Quilmes,7° fecha del Campeonato Metropolitano 1968,Tomás A. Ducó,árbitro,,,sin datos,45,90,0,0,Foto,Formación,Camiseta
19/04/1968,N Rossi,visitante,empate,1,1,Los Andes,8° fecha del Campeonato Metropolitano 1968,Florencio Sola,árbitro,,,sin datos,45,90,0,0,Foto,Formación,Camiseta
28/04/1968,N Rossi,local,victoria,1,0,Rosario Central,9° fecha del Campeonato Metropolitano 1968,Tomás A. Ducó,árbitro,,,sin datos,45,90,0,0,Foto,Formación,Camiseta
05/05/1968,N Rossi,visitante,derrota,0,1,Tigre,10° fecha del Campeonato Metropolitano 1968,José Dellagiovanna,árbitro,,,sin datos,45,90,0,0,Foto,Formación,Camiseta
12/05/1968,N Rossi,local,empate,0,0,San Lorenzo de Almagro,11° fecha -interzonal- del Campeonato Metropolitano 1968,Tomás A. Ducó,árbitro,,,sin datos,45,90,0,0,Foto,Formación,Camiseta
19/05/1968,N Rossi,visitante,victoria,1,0,Chacarita Juniors,12° fecha del Campeonato Metropolitano 1968,San Martín,árbitro,,,sin datos,45,90,0,0,Foto,Formación,Camiseta
27/05/1968,N Rossi,local,empate,1,1,Argentinos Juniors,13° fecha del Campeonato Metropolitano 1968,Tomás A. Ducó,árbitro,,,sin datos,45,90,0,0,Foto,Formación,Camiseta
02/06/1968,N Rossi,visitante,derrota,0,1,River Plate,14° fecha del Campeonato Metropolitano 1968,Monumental,árbitro,,,sin datos,45,90,0,0,Foto,Formación,Camiseta
09/06/1968,N Rossi,local,victoria,8,0,Gimnasia y Esgrima (La Plata),15° fecha del Campeonato Metropolitano 1968,Tomás A. Ducó,árbitro,,,sin datos,45,90,0,0,Foto,Formación,Camiseta
16/06/1968,N Rossi,visitante,derrota,2,3,Independiente,16° fecha del Campeonato Metropolitano 1968,Doble Visera,árbitro,,,sin datos,45,90,0,0,Foto,Formación,Camiseta
23/06/1968,N Rossi,local,empate,0,0,Vélez Sarsfield,17° fecha del Campeonato Metropolitano 1968,Tomás A. Ducó,árbitro,,,sin datos,45,90,0,0,Foto,Formación,Camiseta
30/06/1968,N Rossi,visitante,victoria,2,0,Quilmes,18° fecha del Campeonato Metropolitano 1968,Quilmes,árbitro,,,sin datos,45,90,0,0,Foto,Formación,Camiseta
07/07/1968,N Rossi,local,victoria,1,0,Los Andes,19° fecha del Campeonato Metropolitano 1968,Tomás A. Ducó,árbitro,,,sin datos,45,90,0,0,Foto,Formación,Camiseta
14/07/1968,N Rossi,visitante,derrota,1,3,Rosario Central,20° fecha del Campeonato Metropolitano 1968,Arroyito (Rosario),árbitro,,,sin datos,45,90,0,0,Foto,Formación,Camiseta
19/07/1968,N Rossi,local,victoria,2,0,Tigre,21° fecha del Campeonato Metropolitano 1968,Tomás A. Ducó,árbitro,,,sin datos,45,90,0,0,Foto,Formación,Camiseta
27/07/1968,N Rossi,visitante,empate,2,2,San Lorenzo de Almagro,22° fecha -interzonal- del Campeonato Metropolitano 1968,Gasómetro,árbitro,,,sin datos,45,90,0,0,Foto,Formación,Camiseta
21/08/1968,N Rossi,visitante,victoria,2,1,Valencia (España),Gira por Europa 1968 (amistoso),Mestalla (Valencia),David (España),"Raúl Navarro; José Diez, Edgardo Cantú, Mansueto y Omar Fernández; Tito Gómez y Sebastián Viberti; Hugo Tedesco, Araquem de Melo, Jorge Olmedo y Luis Vera.","Pesudo (46 Abelardo); Sol (46 Panchulo), Martínez, Tatono y Roberto; Paquito (46 Catalá) y Machicha (46 Guillot); Claramunt, Waldo, Poli (46 Ansola) y R Martínez (Blayet).",11 GOL Waldo (VAL)</br>20 GOL Leonardo Mansueto (HUR)</br>28 GOL Luis Vera (HUR),45,90,0,0,Foto,Formación,Camiseta
26/08/1968,N Rossi,visitante,derrota,2,3,Valencia (España),Gira por Europa 1968 (amistoso),Mestalla (Valencia),Cardós Sanchis,"Raúl Navarro; José Diez (Alberto Dopacio), Edgardo Cantú (Alberto Cabaleiro), Leonardo Mansueto y Omar Fernández; Tito Gómez y Sebastián Viberti; Hugo Tedesco, Araquem de Melo, Jorge Olmedo (Miguel Brindisi) y Luis Vera.","Pesudo; Sol (Pachulo), Martínez (Pascual), Tatono y Roberto (Vilar); Paquito (Nolito) y Machicha; Waldo, Ansola, Claramunt (Poli) y Martínez.",15 GOL Waldo (VAL) </br>20 Ansola (VAL)</br>38 GOL Waldo (VAL)</br>51 GOL Hugo Tedesco (HUR)</br>84 GOL Araquem de Melo (HUR),45,90,0,0,Foto,Formación,Camiseta
28/08/1968,N Rossi,visitante,derrota,1,2,Las Palmas (España),Gira por Europa 1968 (amistoso),Insular (Las Palmas),-,"Raúl Navarro; José Diez, Alberto Dopacio, Masueto y Héctor Modernell; Tito Gómez y Sebastián Viberti; Hugo Tedesco, Araquem de Melo, Jorge Davino y Luis Vera.","Oregui; Martín, Aparicio, Guedes y Tonono; Castellano y Gilberto II, León, José Juan, Germán y Gilberto.",17 GOL Germán (PAL)</br>21 GOL Luis Vera (HUR)</br>54 GOL Gilberto (PAL),45,90,0,0,Foto,Formación,Camiseta
03/09/1968,N Rossi,visitante,victoria,4,1,Tenerife (España),Gira por Europa 1968 (amistoso),Tenerife,Trujillo (España),"Raúl Navarro; José Diez, Leonardo Mansueto, Edgardo Cantú y Héctor Modernell; Sebastián Viberti y Alberto Dopacio; Hugo Tedesco, Tito Gómez, Araquem de Melo y Luis Vera.","Dorta; Álvaro, Godoy, Lesmes y Rincón; Santi y Mingolo; Juanito, Toni, Morin y Francis.",8 GOL Luis Vera (HUR)</br>12 GOL Luis Vera (HUR) </br>18 GOL Tito Gómez (HUR)</br>31 GOL Luis Vera (HUR)</br>41 GOL Juanito (TEN),45,90,0,0,Foto,Formación,Camiseta
05/09/1968,N Rossi,neutral,derrota,1,2,Athletic (España),1° fecha del Trofeo San Sebastián 1968 (amistoso),Atocha (San Sebastián),Barragán (España),"Raúl Navarro (46 Rolando Irusta); José Diez, Alberto Dopacio, Edgardo Cantú y Héctor Modernell; Miguel Brindisi (46 Araquem de Melo) y Sebastián Viberti; Hugo Tedesco, Jorge Olmedo, Jorge Davino y Luis Vera.","Iribar; Sáez, Zugazaga, Larrauri y Etxeberría; Estéfano y Koldo; Lavín, Argoitia (Ormaza), Clemente y Arraiz.",16 GOL Luis Vera (HUR)</br>30 GOL Estéfano (BIL)</br>52 GOL Ormaza (BIL),45,90,0,0,Foto,Formación,Camiseta
09/09/1968,N Rossi,visitante,victoria,6,1,Real Sociedad (España),2° fecha del Trofeo San Sebastián 1968 (amistoso),Atocha (San Sebastián),Ortiz de Mendibil (España),"Rolando Irusta; José Diez (Omar Fernández), Alberto Dopacio, Cantú y Modernell; Brindisi y Viberti; Donato, Araquem, Babington y Cabaleiro (Vera).","Esnaola; Ormaechea, Iguarán, Lema y Martínez; Arzac y Gastelu; Urreisti, Goldarán, Arregui y Mendiluce, (Borronat)(Arrambarri).",24 EXP Martínez (RSO)</br>25 GOL Araquem de Melo (HUR) -penal-</br>27 GOL Luis Vera (HUR)</br>47 GOL Sebastián Viberti (HUR)</br>65 GOL Arzac (RSO)</br>69 GOL Araquem de Melo (HUR)</br>78 GOL Luis Vera (HUR)</br>89 GOL Luis Vera (HUR),45,90,0,0,Foto,Formación,Camiseta
11/09/1968,N Rossi,visitante,derrota,0,2,Colón (Santa Fe),1° fecha del Campeonato Nacional 1968,Cementerio de Elefantes (Santa Fe),árbitro,,,sin datos,45,90,0,0,Foto,Formación,Camiseta
15/09/1968,N Rossi,local,empate,1,1,River Plate,2° fecha del Campeonato Nacional 1968,Tomás A. Ducó,árbitro,,,sin datos,45,90,0,0,Foto,Formación,Camiseta
22/09/1968,N Rossi,visitante,derrot,0,1,Los Andes,4° fecha del Campeonato Nacional 1968,Eduardo Gallardón,árbitro,,,sin datos,45,90,0,0,Foto,Formación,Camiseta
30/09/1968,N Rossi,local,victoria,1,0,Estudiantes (La Plata),4° fecha del Campeonato Nacional 1968,Gasómetro,árbitro,,,sin datos,45,90,0,0,Foto,Formación,Camiseta
06/10/1968,N Rossi,visitante,derrota,1,3,San Lorenzo de Almagro,5° fecha del Campeonato Nacional 1968,Gasómetro,árbitro,,,sin datos,45,90,0,0,Foto,Formación,Camiseta
13/10/1968,N Rossi,local,victoria,7,1,San Martín (Tucumán),6° fecha del Campeonato Nacional 1968,Tomás A. Ducó,árbitro,,,sin datos,45,90,0,0,Foto,Formación,Camiseta
20/10/1968,N Rossi,visitante,derrota,0,1,Racing Club,7° fecha del Campeonato Nacional 1968,El Cilindro,árbitro,,,sin datos,45,90,0,0,Foto,Formación,Camiseta
27/10/1968,N Rossi,local,empate,4,4,Belgrano (Córdoba),8° fecha del Campeonato Nacional 1968,Tomás A. Ducó,Arturo Ithurralde,"Raúl Navarro; José Diez, Leonardo Mansueto, Edgardo Cantú y Omar Fernández; Tito Gómez y Alberto Dopacio; Jorge Olmedo, Araquem de Melo, Miguel Loayza y Luis Vera.","Jorge Marotta; Luis Bracamonte, José López, Froilán Altamirano e Isidro Caffaratti; Francisco Ceballe y Tomás Cuellar; Luis Cornejo, Juan C Mameli, Antonio Syeyyguil y José Reinaldi.",<b>-1° Tiempo-</b></br>2 Araquem de Melo (HUR)</br>6 Juan C Mameli (BEL)</br>35 Luis Vera (HUR)</br>40 José Reinaldi (BEL)</br><b>-2° Tiempo-</b></br>63 Luis Cornejo (BEL)</br>68 Isidro Caffaratti (HUR) -en contra-</br>75 Juan C Mameli (BEL)</br>80 Alberto Dopacio (HUR),45,90,0,0,Foto,Formación,Camiseta
03/11/1968,N Rossi,visitante,victoria,3,0,Huracán (Bahía Blanca),9° fecha del Campeonato Nacional 1968,Olimpo (Bahía Blanca),árbitro,,,sin datos,45,90,0,0,Foto,Formación,Camiseta
10/11/1968,N Rossi,visitante,derrota,0,2,Independiente Rivadavia (Mendoza),10° fecha del Campeonato Nacional 1968,Bautista Gargantini (Mendoza),árbitro,,,sin datos,45,90,0,0,Foto,Formación,Camiseta
18/11/1968,N Rossi,local,victoria,3,1,Independiente,11° fecha del Campeonato Nacional 1968,Gasómetro,árbitro,,,sin datos,45,90,0,0,Foto,Formación,Camiseta
24/11/1968,N Rossi,visitante,derrota,0,2,Boca Juniors,13° fecha del Campeonato Nacional 1968,La Bombonera,árbitro,,,sin datos,45,90,0,0,Foto,Formación,Camiseta
01/12/1968,N Rossi,local,empate,1,1,Rosario Central,15° fecha del Campeonato Nacional 1968,Tomás A. Ducó,árbitro,,,sin datos,45,90,0,0,Foto,Formación,Camiseta
06/12/1968,N Rossi,local,victoria,2,1,Lanús,14° fecha del Campeonato Nacional 1968,Gasómetro,árbitro,,,sin datos,45,90,0,0,Foto,Formación,Camiseta
15/12/1968,N Rossi,visitante,derrota,0,2,Vélez Sarsfield,12° fecha del Campeonato Nacional 1968,José Amalfitani,árbitro,,,sin datos,45,90,0,0,Foto,Formación,Camiseta
28/01/1969,-,visitante,-,-,-,Talleres (Córdoba),Amistoso 1969,-,desconocido,-,-,sin datos,45,90,0,0,Foto,Formación,Camiseta
06/02/1969,Vidal,visitante,victoria,2,1,Sporting (Bahía Blanca),1° fase de la Copa Argentina 1969,Olimpo (Bahía Blanca),Barreiro,"Raúl Navarro, José Diez, Leonardo Mansuetto, Edgardo Cantú y Rodolfo Chazarreta (46 Alberto Dopacio); Tito Gómez y Sebastián Viberti; Hugo Tedesco, Luis Vera, Jorge Olmedo y Luis Giribet.","Sánchez; Minciacca, Ruperez, González y Robañeras; Nieto y Arrieta; Rosales, Oberti, Cicchini y Herrera (46 Ferlich).",16 GOL Cicchini (SPO)</br>60 GOL Luis Vera (HUR)</br>62 GOL Rodolfo Chazarreta (HUR),45,90,0,0,Foto,Formación,Camiseta
08/02/1969,N Rossi,visitante,empate,1,1,Sporting (Bahía Blanca),1° fase de la Copa Argentina 1969,Olimpo (Bahía Blanca),Álvarez,"Raúl Navarro, José Diez, Alberto Dopacio, Edgardo Cantú y Rodolfo Chazarreta; Sebastián Viberti y Tito Gómez; Luis Vera, Hugo Tedesco, Miguel Brindisi y Luis Giribet.","Sánchez; More, Minciacca, Robañeras y Ackermann, Arrieta y Rosales; Nieto, Oberti, Cicchini y Ferlich.",3 GOL Oberti (SPO)</br>58 GOL Miguel Brindisi (HUR)</br>24 EXP Luis Giribet (HUR)</br>88 EXP Rosales (SPO)</br>88 EXP Sebastián Viberti (HUR),45,90,0,0,Foto,Formación,Camiseta
13/02/1969,N Rossi,neutral,derrota,2,4,Platense,8vo de final de la Copa Argentina 1969,El Cilindro,Barreiro,"Raúl Navarro; José Diez, Leonardo Mansuetto, Edgardo Cantú y Rodolfo Chazarreta; Constantino y Tito Gómez; Miguel Brindisi, Luis Vera, Jorge Olmedo y Luis Giribet.","Topini; Condes Méndez, Piris, Rivero y Trimarchi (46 Assaneo); Russo y Vidal Mugione; Miranda, Quetglas, Subiat y Medina.",31 GOL Luis Vera (HUR)</br>41 GOL Miranda (PLA)</br>42 GOL Miranda (PLA)</br>51 GOL Luis Giribet (HUR) -penal-</br>60 GOL Miranda (PLA)</br>61 EXP Leonardo Mansuetto (HUR)</br>85 GOL Mugione (PLA),45,90,0,0,Foto,Formación,Camiseta
20/02/1969,Vidal,neutral,victoria,3,0,Platense,8vo de final de la Copa Argentina 1969,Villa Crespo,Álvarez,"Raúl Navarro; José Diez, Leonardo Mansuetto, Edgardo Cantú y Rodolfo Chazarreta; Tito Gómez (46 Alberto Dopacio) y Sebastián Viberti; Miguel Brindisi, Araquem de Melo, Luis Vera y Luis Giribet.","Topini; Condes Méndez, Piris, Rivero y Cháves; Vidal, Mugione y Francisco Russo; Subiat, Miranda, Cruz (46 Gatti) y Valdez.",37 GOL Sebastián Viberti (HUR)</br>82 GOL Alberto Dopacio (HUR)</br>85 GOL Luis Giribet (HUR),45,90,0,0,Foto,Formación,Camiseta
23/02/1969,N Rossi,visitante,derrota,0,1,Quilmes,1° fecha del Campeonato Metropolitano 1969,Quilmes,Brusca,"Raúl Navarro; José Diez, Rodolfo Vilanova, Edgardo Cantú y Nelson López; Sebastián Viberti y Alberto Dopacio; Hugo Tedesco (46 Miguel Brindisi), Araquem de Melo, Luis Abdennur y Luis Giribet.","Cavallero; Andrade (46 Maguna), Bertolotti, Martínez y Laginestra; Santiago y Reguera; Leeb, Cotton, Touriño y Benito.",75 GOL Cotton (QAC),45,90,0,0,Foto,Formación,Camiseta
02/03/1969,N Rossi,local,victoria,2,0,Unión (Santa Fe),2° fecha del Campeonato Metropolitano 1969,Gasometro,Álvarez,"Raúl Navarro; José Diez, Rodolfo Vilanova, Edgardo Cantú y Rodolfo Chazarreta; Tito Gómez (46 Luis Abdennur) y Sebastián Viberti; Hugo Tedesco, Araquem de Melo, José Meija y Luis Giribet.","Garzón; Asencio, Figueroa, Morales y Casal; Fernández y Lapalma; Dusso, Scotta, Vitale y Mendoza.",53 GOL Figueroa (UNI) -en contra-</br>78 GOL Araquem de Melo (HUR) -penal-,45,90,0,0,Foto,Formación,Camiseta
09/03/1969,N Rossi,visitante,derrota,2,3,Dep. Morón,3° fecha del Campeonato Metropolitano 1969,José Amalfitani,Goicoechea,"Raúl Navarro; Rodolfo Chazarreta, Rodolfo Vilanova, Edgardo Cantú y Nelson López; Luis Abdennur y Alberto Dopacio (46 Carlos Babington); Hugo Tedesco, Araquem de Melo, Miguel Brindisi y Luis Giribet.","Bargas; Pérez, Solana, Semenewicz y Ricci; Pagano y Biaggio; Pietrone, Canevari, Gigliani y O López.",28 GOL Solana (MOR)</br>47 GOL Canevari (MOR)</br>53 GOL Miguel Brindisi (HUR)</br>68 GOL Araquem de Melo (HUR)</br>89 GOL Gigliani (MOR),45,90,0,0,Foto,Formación,Camiseta
16/03/1969,Yebra,local,empate,1,1,Racing Club,4° fecha del Campeonato Metropolitano 1969,Gasómetro,Brusca,"Raúl Navarro; Rodolfo Chazarreta, Leonardo Mansueto (28 Luis Abdennur), Edgardo Cantú y Nelson López; Miguel Brindisi y Rodolfo Vilanova; Juan C López, Araquem de Melo, Carlos Babington y Luis Giribet.","Cejas; Cardozo, Roberto Perfumo, Nelson Chabay y Díaz; Aguirre y Alfio Basile; Lamelza, Machado da Silva, Adorno y Salomone (46 Zarich).",9 GOL Araquem de Melo (HUR)</br>38 GOL Machado da Silva (RAC)</br>79 EXP Díaz (RAC),45,90,0,0,Foto,Formación,Camiseta
23/03/1969,Yebra,visitante,victoria,4,1,Argentinos Juniors,5° fecha del Campeonato Metropolitano 1969,Villa Crespo,Guillermo Nimo,"Raúl Navarro; José Diez, Alberto Dopacio, Edgardo Cantú y Nelson López; Miguel Brindisi y Rodolfo Vilanova; Juan C López (46 Hugo Tedesco), José Meija, Carlos Babington y Luis Giribet.","Durich; González Pereyra, Casal, Deluca y Urchevik; Puppo y Plá; Chazarreta, Ibáñez, Caputo y Omar Larrosa.",4 GOL Puppo (HUR) -en contra-</br>18 GOL Luis Giribet (HUR) -penal-</br>46 GOL Luis Giribet (HUR)</br>50 GOL Miguel Brindisi (HUR)</br>83 EXP Urchevik (AJU)</br>87 GOL Omar Larrosa (AJU),45,90,0,0,Foto,Formación,Camiseta
30/03/1969,Yebra,local,derrota,0,1,River Plate,6° fecha del Campeonato Metropolitano 1969,Gasómetro,Coerezza,"Raúl Navarro; José Diez, Alberto Dopacio, Edgardo Cantú y Nelson López; Miguel Brindisi y Rodolfo Vilanova; Hugo Tedesco, Tito Gómez (46 José Meija), Carlos Babington y Luis Giribet.","Carballo; Ferreiro, Paira, Guzmán y Viéitez; Rodríguez y Recio; Noguera, Onega, Gutiérrez y Mas.",30 GOL Gutiérrez (RPL)</br>75 EXP Miguel Brindisi (HUR),45,90,0,0,Foto,Formación,Camiseta
03/04/1969,Yebra,visitante,empate,2,2,Los Andes,7° fecha del Campeonato Metropolitano 1969,Eduardo Gallardón,Barreiro,"Raúl Navarro; José Diez, Alberto Dopacio, Edgardo Cantú y Nelson López (46 Hugo Tedesco); Rodolfo Vilanova y Sebastián Viberti; Juan C López, Alberto Cabaleiro, Carlos Babington y Luis Giribet.","Menutti; Vignale, Cardaci, Matos y Bordatto; Dacunto y Storti; Rodríguez (46 Luján), Luis Vera, Manfredi y Medina.",14 EXP Bordatto (AND)</br>18 GOL Rodolfo Vilanova (HUR)</br>22 EXP Matos (AND)</br>61 GOL Medina (AND) -penal-</br>62 GOL Vignale (AND)</br>64 GOL Alberto Cabaleiro (HUR),45,90,0,0,Foto,Formación,Camiseta
09/04/1969,Yebra,local,empate,1,1,Newell's Old Boys (Rosario),8° fecha del Campeonato Metropolitano 1969,Gasómetro,Ithurralde,"Raúl Navarro; Rodolfo Chazarreta, Alberto Dopacio, Edgardo Cantú y Nelson López; Tito Gómez y Rodolfo Vilanova; Juan C López, Julio López, Carlos Babington (46 José Meija) y Luis Giribet.","Toriani; Ramírez, Romero, Musante y Zanotti; Ibáñez y González; Joao Cardoso, Roque Avallay, Montes y Bezerra (46 Fernández).",51 GOL Joao Cardoso (NOB)</br>57 GOL Rodolfo Chazarreta (HUR),45,90,0,0,Foto,Formación,Camiseta
13/04/1969,Yebra,visitante,empate,3,3,Estudiantes (La Plata),9° fecha del Campeonato Metropolitano 1969,Quilmes,Comesaña,"Raúl Navarro; Rodolfo Chazarreta, Alberto Dopacio, Edgardo Cantú y Héctor Fresneda; Tito Gómez (46 Carlos Babington) y Rodolfo Vilanova; Hugo Tedesco, Araquem de Melo, Miguel Brindisi y Luis Giribet.","Poletti; Fucceneco, Aguirre Suárez, Madero y Forteis; Echecopar y Togneri; Ribaudo (46 Rudzki), Conigliaro, Flores y Juan R Verón.",13 GOL Echecopar (ELP)</br>18 GOL Luis Giribet (HUR)</br>32 GOL Luis Giribet (HUR)</br>58 GOL Rudzki (ELP)</br>60 GOL Togneri (ELP)</br>65 GOL Hugo Tedesco (HUR),45,90,0,0,Foto,Formación,Camiseta
20/04/1969,Yebra,visitante,victoria,2,1,San Lorenzo de Almagro,10° fecha -interzonal- del Campeonato Metropolitano 1969,Gasómetro,Bossolino,"Raúl Navarro; Héctor Fresneda, Alberto Dopacio, Edgardo Cantú y Rodolfo Chazarreta; Miguel Brindisi y Rodolfo Vilanova; Hugo Tedesco, Araquem de Melo, Tito Gómez y Luis Giribet.","Irusta; Villar, Sconfianza, Albrecht y Rosl; Veglio y Telch; Amado (46 González), Fischer, Tojo y Héctor Veira.",35 GOL Miguel Brindisi (HUR)</br>83 GOL Telch (SLA)</br>88 GOL Rodolfo Vilanova (HUR),45,90,0,0,Foto,Formación,Camiseta
27/04/1969,Yebra,local,derrota,0,2,Platense,11° fecha del Campeonato Metropolitano 1969,Gasómetro,Barreiro,"Raúl Navarro; Héctor Fresneda, Alberto Dopacio, Edgardo Cantú y Rodolfo Chazarreta; Miguel Brindisi y Rodolfo Vilanova; Hugo Tedesco, Araquem de Melo, Tito Gómez y Luis Giribet.","Hurt; Assáneo, Piris, Rivero y Capdevila; Mugione y Pérez; Bulla, Subiat, Miranda y Valdez.",38 GOL Bulla (PLA)</br>67 GOL Mugione (PLA),45,90,0,0,Foto,Formación,Camiseta
01/05/1969,Yebra,local,victoria,6,3,Quilmes,12° fecha del Campeonato Metropolitano 1969,La Bombonera,Spinetto,"Raúl Navarro; José Diez, Alberto Dopacio, Edgardo Cantú y Rodolfo Chazarreta (21 Héctor Fresneda); Miguel Brindisi y Rodolfo Vilanova; Hugo Tedesco, Jorge Olmedo, José Meija y Luis Giribet.","Ubaldo Fillol; Touriño, Bertolotti, Siciliano y Laginestra; O. López y Reguera (46 Cotton); Leeb, Della Savia, Santiago y Benito.",2 GOL Miguel Brindisi (HUR)</br>44 GOL Hugo Tedesco (HUR)</br>51 GOL Hugo Tedesco (HUR)</br>54 GOL Bertolotti (QAC) -penal-</br>56 GOL Hugo Tedesco (HUR)</br>65 GOL Benito (QAC)</br>66 GOL Miguel Brindisi (HUR)</br>72 GOL Touriño (QAC)</br>73 EXP Benito (QAC)</br>83 EXP Rodolfo Vilanova (HUR)</br>88 GOL Hugo Tedesco (HUR),45,90,0,0,Foto,Formación,Camiseta
04/05/1969,Yebra,visitante,victoria,2,1,Unión (Santa Fe),13° fecha del Campeonato Metropolitano 1969,Unión (Santa Fe),Guillermo Nimo,"Raúl Navarro; José Diez, Alberto Dopacio, Edgardo Cantú y Héctor Fresneda; Miguel Brindisi y Rodolfo Vilanova; Hugo Tedesco (46 Tito Gómez), Jorge Olmedo, José Meija y Luis Giribet.","Dedé; Díaz, Figueroa, Sauco y Casal; Rossi y Morales; Asencio, Scotta, Zanabria y Mendoza.",44 GOL Miguel Brindisi (HUR)</br>67 GOL Sauco (UNI)</br>89 GOL Luis Giribet (HUR),45,90,0,0,Foto,Formación,Camiseta
09/05/1969,Yebra,local,victoria,3,0,Dep. Morón,14° fecha del Campeonato Metropolitano 1969,Gasómetro,Comesaña,"Raúl Navarro; José Diez, Alberto Dopacio, Edgardo Cantú y Rodolfo Chazarreta; Miguel Brindisi y Rodolfo Vilanova; Hugo Tedesco, Jorge Olmedo, José Meija y Luis Giribet.","Tremonti; Pérez, Juan, Chagas y Ricci; Vega y Pagano; Pietrone, Canevari, Gigliani y González.",62 GOL Hugo Tedesco (HUR)</br>72 GOL José Meija (HUR)</br>80 GOL Hugo Tedesco (HUR),45,90,0,0,Foto,Formación,Camiseta
18/05/1969,Yebra,visitante,derrota,1,3,Racing Club,15° fecha del Campeonato Metropolitano 1969,El Cilindro,Bossolino,"Raúl Navarro; José Diez, Alberto Dopacio, Edgardo Cantú y Rodolfo Chazarreta; Miguel Brindisi y Rodolfo Vilanova; Hugo Tedesco, Jorge Olmedo, José Meija y Luis Giribet.","Cejas; Wolff, Roberto Perfumo, Alfio Basile y Nelson Chabay; Zarich y Rulli; Lamelza, Machado da Silva, Adorno y Salomone.",15 GOL Lamelza (RAC)</br>22 Partido suspendido - continúa el 20-5-69</br>57 GOL Luis Giribet (HUR)</br>62 GOL Salomone (RAC)</br>70 GOL Lamelza (RAC),45,90,0,0,Foto,Formación,Camiseta
25/05/1969,Yebra,local,empate,0,0,Argentinos Juniors,16° fecha del Campeonato Metropolitano 1969,Gasómetro,Coerezza,"Néstor Hernandorena; José Diez, Alberto Dopacio, Edgardo Cantú y Francisco Lavorato; Miguel Brindisi y Rodolfo Vilanova; Hugo Tedesco, Alfredo Obberti, Jorge Olmedo y Luis Giribet.","Casco; González Pereyra, Casal, Pérez e Iglesias; Caputo y Pla; Chazarreta, Larrosa, Deluca e Ibáñez.",81 EXP Ibáñez (AJU),45,90,0,0,Foto,Formación,Camiseta
01/06/1969,Yebra,visitante,empate,0,0,River Plate,17° fecha del Campeonato Metropolitano 1969,Monumental,Pestarino,"Néstor Hernandorena; José Diez, Alberto Dopacio, Edgardo Cantú y Rodolfo Chazarreta; Miguel Brindisi y Rodolfo Vilanova; Hugo Tedesco (33 José Meija), Alfredo Obberti, Jorge Olmedo y Luis Giribet.","Gironacci; Ferreiro, M López (9 Paira), Guzmán y Dominichi; Noguera y Recio; Montivero, Onega, Trebucq y Mas.",1° Tiempo: River 0x0 Huracán,45,90,0,0,Foto,Formación,Camiseta
05/06/1969,Yebra,local,victoria,3,1,Los Andes,18° fecha del Campeonato Metropolitano 1969,Gasómetro,Guillermo Nimo,"Néstor Hernandorena; José Diez, Alberto Dopacio, Edgardo Cantú y Rodolfo Chazarreta; Miguel Brindisi y Rodolfo Vilanova; Juan C López (46 Araquem de Melo), Jorge Olmedo, José Meija y Luis Giribet.","Menutti; Bordatto, Jorge Ginarte, Cardaci y Verteiko; Dacunto y Cloquell; Menéndez, Luján, Manfredi y Luis Vera.",23 GOL Manfredi (AND)</br>49 GOL Luis Giribet (HUR)</br>59 GOL Luis Giribet (HUR)</br>85 GOL Luis Giribet (HUR),45,90,0,0,Foto,Formación,Camiseta
08/06/1969,Yebra,visitante,empate,1,1,Newell's Old Boys (Rosario),19° fecha del Campeonato Metropolitano 1969,Parque Independencia (Rosario),Álvarez,"Néstor Hernandorena; José Diez, Alberto Dopacio, Edgardo Cantú y Rodolfo Chazarreta; Miguel Brindisi y Rodolfo Vilanova; José Meija, Araquem de Melo, Jorge Olmedo y Luis Giribet.","Toriani; De Rienzo, Romero, Musante y Zanotti; Montes e Ibáñez; Iannotti, Roque Avallay, Ramírez y Bezerra (37 Julio Alas).",55 GOL Araquem de Melo (HUR)</br>56 GOL Roque Avallay (NOB),45,90,0,0,Foto,Formación,Camiseta
15/06/1969,Yebra,local,empate,2,2,Estudiantes (La Plata),20° fecha del Campeonato Metropolitano 1969,Gasómetro,Spinetto,"Néstor Hernandorena; José Diez, Alberto Dopacio, Edgardo Cantú y Rodolfo Chazarreta; Miguel Brindisi y Vilanova; José Meija, Araquem de Melo, Jorge Olmedo y Luis Giribet.","G Flores; Eduardo Manera, Aguirre Suárez, Madero y Malbernat; Carlos Bilardo y Pachamé; Ribaudo (36 Togneri), E Flores, Conigliaro y Juan R Verón.",32 EXP Aguirre Suárez (ELP)</br>46 EXP Rodolfo Vilanova (HUR)</br>48 GOL José Meija (HUR)</br>70 GOL Conigliaro (ELP)</br>85 GOL Flores (ELP)</br>87 GOL Miguel Brindisi (HUR),45,90,0,0,Foto,Formación,Camiseta
22/06/1969,Yebra,local,victoria,3,1,San Lorenzo de Almagro,21° fecha -interzonal- del Campeonato Metropolitano 1969,La Bombonera,Coerezza,"Néstor Hernandorena; José Diez, Alberto Dopacio, Edgardo Cantú y Rodolfo Chazarreta; Miguel Brindisi y Sebastián Viberti; Hugo Tedesco, Araquem de Melo, José Meija y Luis Giribet.","Buticce; Villar, Sconfianza, Albrecht y Rosl; Telch y Cocco; González, Fischer, Tojo y Veglio.",17 GOL Miguel Brindisi (HUR)</br>62 GOL Hugo Tedesco (HUR)</br>69 GOL Tojo (SLA)</br>80 GOL Luis Giribet (HUR),45,90,0,0,Foto,Formación,Camiseta
27/06/1969,Yebra,visitante,derrota,0,1,Platense,22° fecha del Campeonato Metropolitano 1969,Gasómetro,Oviedo,"Néstor Hernandorena; José Diez, Alberto Dopacio, Edgardo Cantú y Rodolfo Chazarreta; José Meija y Sebastián Viberti; Hugo Tedesco, Alfredo Obberti, Jorge Olmedo y Luis Giribet.","Hurt; Assaneo, Russo, Rivero y Capdevila; Mugione y Pérez; Doval, Bulla, Subiat y Valdez.",56 EXP Rivero (PLA)</br>56 EXP José Diez (HUR)</br>73 GOL Bulla (PLA) -penal-,45,90,0,0,Foto,Formación,Camiseta
09/07/1969,Yebra,neutral,derrota,0,1,Colón (Santa Fe),4to de final de la Copa Argentina 1969,Unión (Santa Fe),Comesaña,"Néstor Hernandorena (90 Héctor Roganti); Rodolfo Chazarreta, Alberto Dopacio, Edgardo Cantú y Nelson López; Rodolfo Vilanova y José Meija; Sebastián Viberti, Hugo Tedesco, Alfredo Obberti y Alberto Cabaleiro.","Drago; Lo Bello, Lezcano, Sanitá y Di Meola; Ceballo y Grilli (46 Mareque); Colman, Balbuena, Motura y Velázquez.",65 GOL Motura (COL),45,90,0,0,Foto,Formación,Camiseta
13/07/1969,Yebra,neutral,victoria,3,2,Colón (Santa Fe),4to de final de la Copa Argentina 1969,Gasómetro,Brusca,"Néstor Hernandorena; José Diez, Alberto Dopacio, Edgardo Cantú y Rodolfo Chazarreta; Sebastián Viberti y Rodolfo Vilanova; José Meija, Hugo Tedesco, Alfredo Obberti y Luis Giribet.","Drago; Lo Bello, Lezcano, Sanitá y Mareque; Di Meola y Ceballo; Colman, Balbuena, Motura y Velázquez (46 Borgogno).",33 GOL Rodolfo Vilanova (HUR)</br>42 GOL Hugo Tedesco (HUR)</br>61 GOL Colman (COL)</br>70 EXP Sanitá (COL)</br>82 GOL Balbuena (COL)</br>85 GOL Luis Giribet (HUR)</br>Penales: 2-3,45,90,0,0,Foto,Formación,Camiseta
09/08/1969,Acosta,visitante,empate,1,1,Danubio (Uruguay),Amistoso 1969,Jardines del Hipódromo (Montevideo),desconocido,"Néstor Hernandorena; José Diez, Alberto Dopacio, Rodolfo Vilanova y Rodolfo Chazarreta; Tito Gómez (Luis Abdennur) y Sebastián Viberti; Hugo Tedesco (Carlos Babington), Alberto Cabaleiro, José Meija y Luis Giribet.","Schultz; Modernell, Montigno, Javier y Fernández (Tabárez); Rivero y Pereyra; Virgili, Barreiro, Valerio y Franco (Touzet).",5 GOL Virgili (DAN)</br>66 GOL Luis Giribet (HUR),45,90,0,0,Foto,Formación,Camiseta
30/08/1969,Acosta,visitante,victoria,5,1,Destroyer's (Bolivia),Amistoso 1969,(Santa Cruz),Chuquimia,"Néstor Hernandorena; López y Edgardo Cantú; Tito Gómez y Sebastián Viberti; Jorge Olmedo, Araquem de Melo, Carlos Babington y Luis Giribet.","Ramón y Gerson",14 GOL Jorge Olmedo (HUR)</br>18 PEN Gerson (DES) -ataja Néstor Hernandorena-</br>26 GOL Luis Giribet (HUR)</br>32 GOL Araquem de Melo (HUR)</br>80 GOL Jorge Olmedo (HUR)</br>84 GOL Ramón (DES)</br>88 GOL Luis Giribet (HUR),45,90,0,0,Foto,Formación,Camiseta
31/08/1969,Acosta,visitante,derrota,1,2,Guabirá (Bolivia),Copa Residentes Argentinos 1969 (amistoso),Departamental (Santa Cruz),desconocido,-,-,sin datos,45,90,0,0,Foto,Formación,Camiseta
07/09/1969,Acosta,local,victoria,2,0,Estudiantes (La Plata),1° fecha del Campeonato Nacional 1969,Saavedra,Guillermo Nimo,"Néstor Hernandorena; José Diez, Alberto Dopacio, Edgardo Cantú y Nelson López; Miguel Brindisi y Rodolfo Vilanova; Hugo Tedesco, Araquem de Melo, Jorge Olmedo y Luis Giribet.","Flores; Cremasco, Rodríguez, Zuccarelli y Gómez; Álvarez y Pagnanini; Verde, Taverna, Romeo y Zibecchi.",44 GOL Luis Giribet (HUR) -penal-</br>45 GOL Luis Giribet (HUR),45,90,0,0,Foto,Formación,Camiseta
12/09/1969,Acosta,visitante,empate,2,2,Platense,2° fecha del Campeonato Nacional 1969,El Cilindro,Barreiro,"Néstor Hernandorena; José Diez, Alberto Dopacio, Edgardo Cantú y Nelson López; Miguel Brindisi y Rodolfo Vilanova; Hugo Tedesco, Araquem de Melo, Jorge Olmedo y Luis Giribet.","Topini; Assaneo, Piris, Troncone y Capdevila; Mugione y Pérez; Miranda, Bulla, Subiat y Valdez.",19 GOL Miranda (PLA)</br>62 GOL Bulla (PLA) -penal-</br>64 GOL Miguel Brindisi (HUR)</br>81 GOL Miguel Brindisi (HUR),45,90,0,0,Foto,Formación,Camiseta
21/09/1969,Acosta,local,derrota,0,3,Desamparados (San Juan),3° fecha del Campeonato Nacional 1969,Caballito,Dellacasa,"Néstor Hernandorena; José Diez, Alberto Dopacio, Edgardo Cantú y Nelson López; Miguel Brindisi y Rodolfo Vilanova; Enrique Ramírez, Araquem de Melo (46 Alfredo Obberti), Jorge Olmedo y Luis Giribet.","Palacios; Otarola, P Rodríguez, Demonte e I Vega; Cortez y V Vega; Pérez, Fernández, A Vega y C Rodríguez.",23 GOL C Rodríguez (DES)</br>33 GOL Pérez (DES)</br>68 GOL Pérez (DES),45,90,0,0,Foto,Formación,Camiseta
30/09/1969,Acosta,visitante,victoria,1,0,Talleres (Córdoba),4° fecha del Campeonato Nacional 1969,Barrio Jardín (Córdoba),Ithurralde,"Raúl Navarro; José Diez, Daniel Buglione, Rodolfo Vilanova y Nelson López; Miguel Brindisi y Sebastián Viberti; Jorge Olmedo, Alfredo Obberti, Carlos Babington y Luis Giribet.","Gómez; Gutiérrez, Charras, Griguol y Masetani; Rivarola y González; Frullingui, Atampi (46 Armenante), E Rodríguez y A Rodríguez.",23 GOL Luis Giribet (HUR),45,90,0,0,Foto,Formación,Camiseta
05/10/1969,Acosta,local,victoria,5,0,San Lorenzo (Mar del Plata),5° fecha del Campeonato Nacional 1969,La Bombonera,Ducatelli,"Raúl Navarro; José Diez, Daniel Buglione (46 Edgardo Cantú), Rodolfo Vilanova y Nelson López; Miguel Brindisi y Sebastián Viberti; José Meija, Alfredo Obberti, Carlos Babington y Luis Giribet.","Videla; Gómez (46 Sainz), Calandra, Acosta y Raimondi; Mosconi y Benítez; Buyatti, Hebia, Reynoso y Arce.",19 GOL Miguel Brindisi (HUR)</br>32 GOL Carlos Babington (HUR)</br>44 GOL Alfredo Obberti (HUR)</br>45 GOL Raimondi (HUR) -en contra-</br>47 GOL Alfredo Obberti (HUR),45,90,0,0,Foto,Formación,Camiseta
12/10/1969,Acosta,visitante,victoria,2,0,San Martín (Tucumán),6° fecha del Campeonato Nacional 1969,La Ciudadela (Tucumán),Álvarez,"Raúl Navarro; José Diez, Rodolfo Vilanova, Edgardo Cantú y Nelson López; Miguel Brindisi y Sebastián Viberti; José Meija (46 Jorge Olmedo), Alfredo Obberti, Carlos Babington y Luis Giribet.","Ruiz; Corvalán, Jiménez, Arias y Juan A Ferreyra; Medina y Gómez; Mirla, Luna, Pérez y Toledo.",57 GOL Alfredo Obberti (HUR)</br>79 GOL Luis Giribet (HUR) -penal-,45,90,0,0,Foto,Formación,Camiseta
16/10/1969,Acosta,local,victoria,1,0,Racing Club,7° fecha del Campeonato Nacional 1969,Gasómetro,Oviedo,"Raúl Navarro; José Diez, Rodolfo Vilanova, Edgardo Cantú y Nelson López; Miguel Brindisi y Sebastián Viberti; Jorge Olmedo, Alfredo Obberti, Carlos Babington y Luis Giribet.","Cejas; Jorge Paolino, Roberto Perfumo, Alfio Basile y Nelson Chabay; Rulli y Aguirre; Cárdenas, Machado, Benítez y Salomone.",86 GOL Luis Giribet (HUR)</br>89 EXP Machado (RAC),45,90,0,0,Foto,Formación,Camiseta
19/10/1969,Acosta,visitante,empate,0,0,Vélez Sarsfield,8° fecha del Campeonato Nacional 1969,José Amalfitani,Barreiro,"Raúl Navarro; José Diez (6 Daniel Buglione), Rodolfo Vilanova, Edgardo Cantú y Nelson López; Miguel Brindisi y Sebastián Viberti; Jorge Olmedo, Alfredo Obberti, Carlos Babington y Luis Giribet.","Caballero; Gallo, Nieva, Zóttola y Atela; Ríos y Solórzano; Luna, Carlos Bianchi, Moreyra y Nogara.",1° Tiempo: Vélez 0x0 Huracán,45,90,0,0,Foto,Formación,Camiseta
26/10/1969,Acosta,local,victoria,2,0,Chacarita Juniors,9° fecha del Campeonato Nacional 1969,Tomás A. Ducó,Guillermo Nimo,"Raúl Navarro; Rodolfo Vilanova, Alberto Dopacio, Edgardo Cantú y Rodolfo Chazarreta; Miguel Brindisi y Sebastián Viberti; Juan C López, Alfredo Obberti (46 Jorge Olmedo), José Meija y Luis Giribet.","Palacios; Cuello, Pérez, Bargas y Frassoldatti; Puntorero y Poncio; Marcos, Orife (46 Gómez Voglino), Recúpero y Neumann.",25 GOL Luis Giribet (HUR)</br>72 GOL Luis Giribet (HUR),45,90,0,0,Foto,Formación,Camiseta
02/11/1969,Acosta,visitante,victoria,1,0,Quilmes,10° fecha del Campeonato Nacional 1969,Quilmes,Coerezza,"Raúl Navarro; Rodolfo Vilanova, Alberto Dopacio, Edgardo Cantú y Rodolfo Chazarreta; Miguel Brindisi y Sebastián Viberti; Juan C López, Alfredo Obberti (46 Araquem de Melo), Tito Gómez y Luis Giribet.","Cavallero; Touriño, Bertolotti, Siciliano y Laginestra; Santiago y Martínez; O López, Benito, Della Savia y Leeb.",87 GOL Araquem de Melo (HUR)</br>88 EXP Della Savia (HUR),45,90,0,0,Foto,Formación,Camiseta
09/11/1969,Acosta,local,derrota,0,1,Lanús,11° fecha del Campeonato Nacional 1969,Tomás A. Ducó,Álvarez,"Raúl Navarro; Rodolfo Vilanova, Alberto Dopacio, Edgardo Cantú y Rodolfo Chazarreta; Miguel Brindisi y Sebastián Viberti; Jorge Olmedo, Araquem de Melo, Tito Gómez (19 Juan C López) y Luis Giribet.","Ballesteros; Capurro, Sabella, Piazza y Peralta; De Mario y Cabrero; Nieto (46 Acosta), Vicente, Silva y Lencina.",88 GOL Silva (LAN),45,90,0,0,Foto,Formación,Camiseta
12/11/1969,Acosta,visitante,empate,2,2,San Martín (Mendoza),12° fecha del Campeonato Nacional 1969,Godoy Cruz (Mendoza),Comesaña,"Raúl Navarro; Rodolfo Chazarreta, Rodolfo Vilanova, Edgardo Cantú y Nelson López; Miguel Brindisi y Sebastián Viberti; José Meija, Jorge Olmedo, Araquem de Melo (18 Juan C López) y Luis Giribet.","Reggi; Montana, Vergara, González y Maryllack; Tébez y Márquez; Czentorycky (46 Grudzien), Soto, Domínguez y Achával.",35 GOL Márquez (SMM)</br>67 GOL Miguel Brindisi (HUR)</br>73 GOL Jorge Olmedo (HUR)</br>90 GOL Soto (SMM) -penal-,45,90,0,0,Foto,Formación,Camiseta
16/11/1969,Acosta,local,derrota,1,2,Unión (Santa Fe),13° fecha del Campeonato Nacional 1969,Tomás A. Ducó,Coerezza,"Raúl Navarro; Rodolfo Chazarreta, Rodolfo Vilanova, Edgardo Cantú y Nelson López; Miguel Brindisi y Sebastián Viberti; Juan C López (46 Alfredo Obberti), Jorge Olmedo, José Meija y Luis Giribet.","Garzón; Silguero, Miño, Artucio y Del Bianco; Fredes y Toye; Zuviría, Scotta, Cañete y Escalante.",2 GOL Cañete (UNI)</br>13 GOL Luis Giribet (HUR) -penal-</br>80 GOL Scotta (UNI),45,90,0,0,Foto,Formación,Camiseta
23/11/1969,Acosta,local,derrota,1,2,Independiente,14° fecha del Campeonato Nacional 1969,Tomás A. Ducó,Barreiro,"Raúl Navarro; Rodolfo Chazarreta, Rodolfo Vilanova, Edgardo Cantú y Nelson López; Miguel Brindisi y Luis Abdennur; José Meija, Jorge Olmedo, Alfredo Obberti y Luis Giribet.","Santoro; Commisso, Monges, Garisto y Pavoni; Pastoriza y Raimondo; Bernao, Yazalde, Maglioni y Tarabini.",27 GOL Raimondo (IND)</br>39 GOL Miguel Brindisi (HUR)</br>86 GOL Pastoriza (IND),45,90,0,0,Foto,Formación,Camiseta
30/11/1969,Acosta,visitante,derrota,0,1,Boca Juniors,15° fecha del Campeonato Nacional 1969,La Bombonera,Pestarino,"Raúl Navarro; Rodolfo Chazarreta, Rodolfo Vilanova, Edgardo Cantú y Nelson López; Miguel Brindisi y Luis Abdennur; José Meija, Jorge Olmedo, Alfredo Obberti y Luis Giribet.","Sánchez; Suñé, Meléndez, Rogel y Silvio Marzolini; Medina y Madurga; Ponce, Rojas, Savoy (46 Cabrera) y Villagra.",32 GOL Ponce (BJU),45,90,0,0,Foto,Formación,Camiseta
07/12/1969,Acosta,local,derrota,1,3,River Plate,16° fecha del Campeonato Nacional 1969,Tomás A. Ducó,Coerezza,"Raúl Navarro; Rodolfo Chazarreta, Rodolfo Vilanova, Edgardo Cantú y Nelson López (46 José Diez); Miguel Brindisi y Luis Abdennur; José Meija, Jorge Olmedo, Alfredo Obberti y Luis Giribet.","Pérez; Ferreiro, López, Recio y Viéitez; Rodríguez y Merlo; Montivero, Carchetti, Trebucq y Mas.",17 GOL Alfredo Obberti (HUR)</br>25 GOL Mas (RPL)</br>46 GOL Montivero (RPL)</br>60 GOL Trebucq (RPL),45,90,0,0,Foto,Formación,Camiseta
14/12/1969,Acosta,visitante,derrota,1,2,San Lorenzo de Almagro,17° fecha del Campeonato Nacional 1969,Gasómetro,Ithurralde,"Raúl Navarro; José Diez, Daniel Buglione, Edgardo Cantú y Rodolfo Chazarreta; Miguel Brindisi y Rodolfo Vilanova; Jorge Olmedo, Araquem de Melo, Tito Gómez y Luis Giribet.","Buticce; Villar, Calics, Albrecht y Rosl; Rendo y Telch; Ayala, Veglio, Tojo y García Ameijenda.",28 GOL Telch (SLA)</br>63 GOL Luis Giribet (HUR)</br>81 GOL Alberto Rendo (SLA),45,90,0,0,Foto,Formación,Camiseta
