Fecha,Técnico,Condición,Situación,Resultado1,Resultado2,Club,Torneo,Estadio,Árbitro,Huracán,Rival,Foto,Incidencias,Fin1T,Fin2T,Fin1E,Fin2E
28/02/1940,De los Santos,visitante,derrota,1,4,Racing Club,Pretemporada 1940 (amistoso),Racing,desconociddo,-,-,foto,GOL Delfín Benítez Cáceres</br>GOL Delfín Benítez Cácares (RAC)</br>GOL Godoy (RAC)</br>GOL Devizia (RAC),45,90,0,0
00/03/1940,De los Santos,visitante,victoria,3,1,Argentinos del Norte (Tucumán),Pretemporada 1940 (amistoso),-,desconocido,-,-,foto,sin datos,45,90,0,0
16/03/1940,De los Santos,neutral,empate,3,3,Atlanta,Pretemporada 1940 (amistoso),Chacarita Juniors,desconocido,-,"Donato; Carignano y J Rodríguez; Laje, Covacich y Battagliero; Latanzio, Esclina, Colosia, F Rodríguez y Luna.",foto,13 GOL Delfín Unzué (HUR)</br>23 GOL Esclina (ATL)</br>42 GOL Plácido Rodríguez (HUR)</br>58 GOL Latanzio (ATL)</br>72 GOL F Rodríguez (ATL)</br>75 GOL Delfín Unzué (HUR),45,90,0,0
30/03/1940,De los Santos,neutral,victoria,3,0,Independiente Rivadavia (Mendoza),Pretemporada 1940 (amistoso),Gimnasia (Mendoza),Donato Conte,"Bruno Barrionuevo; Carlos Marinelli (46 Pascual Buglione) y Jorge Alberti; Juan M Bongiovanni, Manuel Giúdice (46 Colombo) y Jorge Titonell; Rubén Perdomo (46 Carlos Belfiore), Rogelio Barros (28 Delfín Unzué), Ramón Guerra (46 Herminio Masantonio), Emilio Baldonedo y Plácido Rodríguez.","Loddi; Bolognesi y Ponce; Vinagras (46 Merlo), Garrido y Paratore; Bartolucci, Rouyere, Campos (46 Tampín), Flores e Izquierdo.",foto,24 GOL Rubén Perdomo (HUR)</br>35 GOL Delfín Unzué (HUR)</br>78 GOL Plácido Rodríguez (HUR),45,90,0,0
31/03/1940,De los Santos,visitante,victoria,1,0,Gimnasia y Esgrima (Mendoza),Pretemporada 1940 (amistoso),Gimnasia (Mendoza),Luis Quaglia,"Bruno Barrionuevo; Carlos Marinelli y Jorge Alberti; Juan M Bongiovanni, Manuel Giúdice y Jorge Titonell; Rubén Perdomo, Ramón Guerra, Herminio Masantonio (Delfín Unzué (Herminio Masantonio)), Emilio Baldonedo y Plácido Rodríguez.","Cieri; Quinteros y Méndez; J Rodríguez, Hernández y Ortiz (Olivencia); E López (Villarreal), Páez, Gutiérrez, F Rodríguez y B López.",foto,59 GOL Manuel Giúdice (HUR),45,90,0,0
07/04/1940,De los Santos,local,derrota,2,4,San Lorenzo de Almagro,1° fecha del Campeonato 1940,La Quema,Rafael Carou,"Bruno Barrionuevo; Carlos Marinelli y Jorge Alberti; Juan M Bongiovanni, Manuel Giúdice y Jorge Titonell; Rubén Perdomo, Rogelio Barros, Herminio Masantonio, Ramón Guerra y Plácido Rodríguez.","Sebastián Gualco; Terzolo y González; Morales, Farías y Colombo; Vidal, Fabrini, Isidro Lángara, Waldemar de Brito y Núñez.",foto,1 GOL Plácido Rodríguez (HUR)</br>10 GOL Plácido Rodríguez (HUR)</br>43 GOL Isidro Lángara (SLO)</br>60 GOL Isidro Lángara (SLO)</br>63 GOL Waldemar de Brito (SLO)</br>81 GOL Núñez (SLO),45,90,0,0
14/04/1940,De los Santos,visitante,victoria,4,2,Ferro C. Oeste,2° fecha del Campeonato 1940,Caballlito,Celestino Destaillats,"Bruno Barrionuevo; Carlos Marinelli y Jorge Alberti; Juan M Bongiovanni, Manuel Giúdice y Jorge Titonell; Rubén Perdomo, Rogelio Barros, Herminio Masantonio, Emilio Baldonedo y Plácido Rodríguez.","Rizzo; Noceda y Lezcano; Sangenito, Corvetto y Fariña; Natino, H Rodríguez, Liztherman, Pícaro y Giménez.",foto,31 GOL Rogelio Barros (HUR)</br>33 GOL Plácido Rodríguez (HUR)</br>47 GOL Herminio Masantonio (HUR)</br>87 GOL Herminio Masantonio (HUR)</br>56 GOL Pícaro (FCO)</br>82 GOL Giménez (FCO),45,90,0,0
20/04/1940,De los Santos,local,victoria,2,1,Banfield,Amistoso 1940,La Quema,desconocido,-,-,foto,sin datos,45,90,0,0
21/04/1940,De los Santos,local,victoria,GP,PP,Banfield,3° fecha del Campeonato 1940,La Quema,desconocido,-,-,foto,Vence Huracán porque Banfield está suspendido,0,0,0,0
28/04/1940,De los Santos,visitante,derrota,1,4,Chacarita Juniors,4° fecha del Campeonato 1940,Chacarita Juniors,Juan J. Álvarez,"Bruno Barrionuevo; Carlos Marinelli y Jorge Alberti; Juan M Bongiovanni, Manuel Giúdice y Jorge Titonell; Rubén Perdomo, Delfín Unzué, Herminio Masantonio, Emilio Baldonedo y Plácido Rodríguez.","López; Trincavelli y Emanuelli; Araguez, Segovia y Fazio; R Rodríguez, Casagrande, Cassán, Paesch y Roggero.",foto,8 GOL Rubén Perdomo (HUR)</br>35 GOL Cassán (CHJ)</br>44 GOL Roggero (CHJ)</br>52 GOL Casagrande (CHJ)</br>81 GOL Cassán (CHJ),45,90,0,0
05/05/1940,De los Santos,local,victoria,2,0,Platense,5° fecha del Campeonato 1940,La Quema,Higinio Vázquez,"Bruno Barrionuevo; Carlos Marinelli y Jorge Alberti; Juan M Bongiovanni, Manuel Giúdice y Jorge Titonell; Rubén Perdomo, Rogelio Barros, Herminio Masantonio, Emilio Baldonedo y Plácido Rodríguez.","López; Aldabe y Boero; Esperón, Toledo y Galvagni; Lucífero, Amiano, Stagi, Fernández y Ithourbide.",foto,29 GOL Plácido Rodríguez (HUR)</br>44 GOL Herminio Masantonio (HUR),45,90,0,0
12/05/1940,De los Santos,visitante,derrota,0,1,Racing Club,6° fecha del Campeonato 1940,Racing,Rafael Carou,"Bruno Barrionuevo; Carlos Marinelli y Jorge Alberti; Juan M Bongiovanni, Manuel Giúdice y Jorge Titonell; Rubén Perdomo, Delfín Unzué, Herminio Masantonio, Emilio Baldonedo y Plácido Rodríguez.","Cuello; Salomón y Scarcella; A Díaz, J Díaz y Santiso; Larretchart, Vicente Zito, Delfín Benítez Cáceres, Fandiño y García.",foto,25 GOL Benítez Cáceres (RAC),45,90,0,0
19/05/1940,De los Santos,local,victoria,6,0,Estudiantes (La Plata),7° fecha del Campeonato 1940,La Quema,Celestino Destaillats,"Bruno Barrionuevo; Carlos Marinelli y Jorge Alberti; Juan M Bongiovanni, Manuel Giúdice y Jorge Titonell; Rubén Perdomo, Pedro Tagliabúe, Herminio Masantonio, Emilio Baldonedo y Plácido Rodríguez.","Ogando; E Rodríguez y Palma; Blotto, Ongaro y Roberto Sbarra; Galarza, Negri, Gómez, Cirico y Manuel Pelegrina.",foto,19 GOL Emilio Baldonedo (HUR)</br>37 GOL Emilio Baldonedo (HUR)</br>47 GOL Rubén Perdomo (HUR)</br>62 GOL Herminio Masantonio (HUR)</br>75 GOL Emilio Baldonedo (HUR)</br>84 GOL Plácido Rodríguez (HUR),45,90,0,0
26/05/1940,De los Santos,visitante,empate,1,1,Newell's Old Boys (Rosario),8° fecha del Campeonato 1940,Arroyito (Rosario),Bartolomé Macías,"Bruno Barrionuevo; Adolfo Gilli y Jorge Alberti; Juan M Bongiovanni, Héctor García y Jorge Titonell; Rubén Perdomo, Ramón Guerra, Herminio Masantonio, Emilio Baldonedo y Plácido Rodríguez.","Ramaciotti; N Gilli y Yuerín; Sisniega, Ángel Perucca y Reynoso; Gayol, Morosano, Gómez, Dorado y Sánchez.",foto,4 GOL Dorado (NOB)</br>72 GOL Herminio Masantonio (HUR),45,90,0,0
02/06/1940,De los Santos,local,victoria,4,1,Vélez Sarsfield,9° fecha del Campeonato 1940,La Quema,Ubaldo Ruiz,"Bruno Barrionuevo; Adolfo Gilli y Jorge Alberti; Juan M Bongiovanni, Héctor García y Jorge Titonell; Rubén Perdomo, Ramón Guerra, Herminio Masantonio, Emilio Baldonedo y Plácido Rodríguez.","Rotman; Castrillón y Battaglia; Maggiolo, Alonso y Becerra; Reta, Noguera, García Cortina, Canteli y Menéndez.",foto,9 GOL Herminio Masantonio (HUR)</br>33 GOL Herminio Masantonio (HUR)</br>60 GOL Reta (VEL)</br>70 GOL Plácido Rodríguez (HUR)</br>79 GOL Emilio Baldonedo (HUR),45,90,0,0
16/06/1940,De los Santos,local,victoria,4,0,River Plate,10° fecha del Campeonato 1940,La Quema,Juan J. Álvarez,"Bruno Barrionuevo; Adolfo Gilli y Jorge Alberti; Juan M Bongiovanni, Manuel Giúdice y Jorge Titonell; Rubén Perdomo, Ramón Guerra, Herminio Masantonio, Emilio Baldonedo y Plácido Rodríguez.","A Rodríguez; Vasini y Cuello; Yácono, José Minella y Santamaría; Carlos Peucelle, Gallo, Roberto D'Alessandro, José Moreno y Adolfo Pedernera.",foto,3 GOL Herminio Masantonio (HUR)</br>53 GOL Rubén Perdomo (HUR)</br>67 GOL Ramón Guerra (HUR)</br>89 GOL Emilio Baldonedo (HUR),45,90,0,0
23/06/1940,De los Santos,visitante,derrota,0,3,Boca Juniors,11° fecha del Campeonato 1940,La Bombonera,Domingo Solari,"Bruno Barrionuevo; Adolfo Gilli y Jorge Alberti; Juan M Bongiovanni, Manuel Giúdice y Jorge Titonell; Rubén Perdomo, Ramón Guerra, Herminio Masantonio, Emilio Baldonedo y Plácido Rodríguez.","Juan A Estrada; Ibáñez y Valussi; Viana, Ernesto Lazzatti y Suárez; Tenorio, Alarcón, Jaime Sarlanga, Bernardo Gandulla y Rosell.",foto,36 GOL Jaime Sarlanga (BJU)</br>46 GOL Jaime Sarlanga (BJU)</br>70 GOL Bernardo Gandulla (BJU),45,90,0,0
30/06/1940,De los Santos,local,victoria,4,3,Lanús,12° fecha del Campeonato 1940,La Quema,Higinio Vázquez,"Bruno Barrionuevo; Carlos Marinelli y Jorge Alberti; Ramón Leonardi, Manuel Giúdice y Jorge Titonell; Rubén Perdomo, Ramón Guerra, Herminio Masantonio, Emilio Baldonedo y Plácido Rodríguez.","Yustrich; M Rodríguez y López; Ducca, Castillo y Mesa; Kalerguiz, Lorenzo, Arrieta, García y Grandín.",foto,12 GOL Emilio Baldonedo (HUR)</br>32 GOL Herminio Masantonio (HUR)</br>70 GOL Ramón Guerra (HUR)</br>74 GOL Lorenzo (LAN)</br>75 GOL Grandín (LAN)</br>85 GOL Emilio Baldonedo (HUR)</br>87 GOL Kalerguiz (LAN),45,90,0,0
07/07/1940,De los Santos,visitante,victoria,1,0,Atlanta,13° fecha del Campeonato 1940,Villa Crespo,Juan J. Álvarez,"Bruno Barrionuevo; Adolfo Gilli y Jorge Alberti; Leonardi, Manuel Giúdice y Jorge Titonell; Rubén Perdomo, Ramón Guerra, Herminio Masantonio, Emilio Baldonedo y Plácido Rodríguez.","Bresoli; J Rodríguez y Del Felice; Sosa, Covacich y Batagliero; Scliar, Zabaleta, Colosía, F Rodríguez y Martínez.",foto,87 GOL Rubén Perdomo (HUR),45,90,0,0
21/07/1940,De los Santos,visitante,victoria,5,3,Gimnasia y Esgrima (La Plata),15° fecha del Campeonato 1940,El Bosque (La Plata),Celestino Destaillats,"Bruno Barrionuevo; Adolfo Gilli y Jorge Alberti; Ramón Leonardi, Manuel Giúdice y Jorge Titonell; Rubén Perdomo, Ramón Guerra, Herminio Masantonio, Emilio Baldonedo y Plácido Rodríguez.","Muro; Montáñez y Delovo; Tombell, Cerioni y Sabán; Belén, Fidel, Sabio, Orleans y Arregui.",foto,6 GOL Herminio Masantonio (HUR)</br>24 GOL Herminio Masantonio (HUR)</br>8 GOL Manuel Giúdice (HUR)</br>25 GOL Emilio Baldonedo (HUR)</br>41 GOL Cerioni (GYE)</br>51 GOL Orleans (GYE)</br>53 GOL Ramón Guerra (HUR)</br>70 GOL Belén (GYE),45,90,0,0
28/07/1940,De los Santos,local,victoria,2,0,Rosario Central,16° fecha del Campeonato 1940,La Quema,Leopoldo Amoroso,"Bruno Barrionuevo; Adolfo Gilli y Jorge Alberti; Ramón Leonardi, Manuel Giúdice y Jorge Titonell; Rubén Perdomo, Ramón Guerra, Herminio Masantonio, Emilio Baldonedo y Plácido Rodríguez.","Araiz; Lescano y Díaz; Coloccini, Ríos y Fogel; Heredia, Laporta, Hayes, Cisterna y Maffei.",foto,64 GOL Emilio Baldonedo (HUR)</br>82 GOL Manuel Giúdice (HUR),45,90,0,0
04/08/1940,De los Santos,visitante,victoria,1,0,Tigre,17° fecha del Campeonato 1940,Victoria,Rafael Carou,"Bruno Barrionuevo; Adolfo Gilli y Jorge Alberti; Ramón Leonardi, Victorio Adamo y Jorge Titonell; Rubén Perdomo, Ramón Guerra, Herminio Masantonio, Emilio Baldonedo y Plácido Rodríguez.","José Monjo; Quiroga y Medina; Martínez, Videla y Oubiñas; Tosoni, Sandoval, Marvezy, Troncoso y Careri.",foto,27 GOL Emilio Baldonedo (HUR)</br>63 EXP Sandoval (TIG)</br>63 EXP Herminio Masantonio (HUR),45,90,0,0
11/08/1940,De los Santos,local,victoria,1,0,Independiente,14° fecha del Campeonato 1940,La Quema,Ubaldo Ruiz,"Bruno Barrionuevo; Adolfo Gilli y Jorge Alberti; Juan M Bongiovanni, Héctor García y Jorge Titonell; Rubén Perdomo, Rogelio Barros, Herminio Masantonio, Emilio Baldonedo y Plácido Rodríguez.","Bello; Lecea y Coletta; Franzolini, Leguizamón y Martínez; Maril, Vicente De la Mata, Arsenio Erico, Antonio Sastre y Zorrilla.",foto,20 GOL Emilio Baldonedo (HUR),45,90,0,0
18/08/1940,Laguna,visitante,empate,3,3,San Lorenzo de Almagro,18° fecha del Campeonato 1940,Gasómetro,Juan J. Álvarez,"Bruno Barrionuevo; Adolfo Gilli y Jorge Alberti; Ramón Gazáneo, Héctor García y Jorge Titonell; Rubén Perdomo, Rogelio Barros, Herminio Masantonio, Emilio Baldonedo y Plácido Rodríguez.","Sebastián Gualco; González y L Gilli; Ángel Zubieta, Montoya y Colombo; Fattoni, Fabrini, Isidro Lángara, Waldemar de Brito y Núñez.",foto,11 GOL Herminio Masantonio (HUR)</br>40 GOL Isidro Lángara (SLO)</br>47 GOL Herminio Masantonio (HUR)</br>57 GOL Isidro Lángara (SLO)</br>76 GOL Herminio Masantonio (HUR)</br>88 GOL Fattoni (SLO)</br>89 EXP Ángel Zubieta (SLO)</br>89 EXP Héctor García (HUR),45,90,0,0
25/08/1940,Laguna,local,victoria,6,2,Ferro C. Oeste,19° fecha del Campeonato 1940,La Quema,Celestino Destaillats,"Bruno Barrionuevo; Carlos Marinelli y Jorge Alberti; Ramón Gazáneo, Manuel Giúdice y Jorge Titonell; Delfín Unzué, Rogelio Barros, Herminio Masantonio, Emilio Baldonedo y Plácido Rodríguez.","Rizzo; Noceda y Lezcano; San Jorge, Garavano y Fariña; Raúl Natino, Borgnia, José Liztherman, Corvetto y Pícaro.",foto,1 GOL José Liztherman (FCO)</br>3 GOL Rogelio Barros (HUR)</br>4 GOL Herminio Masantonio (HUR)</br>41 GOL Herminio Masantonio (HUR)</br>44 GOL Plácido Rodríguez (HUR)</br>51 GOL Raúl Natino (FCO)</br>70 GOL Herminio Masantonio (HUR)</br>87 GOL Herminio Masantonio (HUR),45,90,0,0
01/09/1940,Laguna,visitante,victoria,4,1,Banfield,20° fecha del Campeonato 1940,Talleres,José Abbene,"Bruno Barrionuevo; Adolfo Gilli y Jorge Alberti; Juan M Bongiovanni, Héctor García y Jorge Titonell; Delfín Unzué, Rogelio Barros, Rogelio Ortiz, Emilio Baldonedo y Plácido Rodríguez.","Besuzzo; Fatechi y Menéndez; Cuenya, Scavone y De Terán; Agostini, Caffaratti, Cosso, Sanz y Cerro.",foto,28 GOL Emilio Baldonedo (HUR)</br>33 GOL Emilio Baldonedo (HUR)</br>48 GOL Cerro (BAN)</br>60 GOL Rogelio Ortiz (HUR)</br>63 GOL Rogelio Barros (HUR),45,90,0,0
15/09/1940,Laguna,local,derrota,0,2,Chacarita Juniors,21° fecha del Campeonato 1940,La Quema,José Korein,"Bruno Barrionuevo; Adolfo Gilli y Jorge Alberti; Juan M Bongiovanni, Héctor García y Jorge Titonell; Rubén Perdomo, Rogelio Barros, Rogelio Ortiz, Emilio Baldonedo y Plácido Rodríguez.","López; Trincavelli y Angrisano; Araiz, Zava y Fazio; R Rodríguez, Setien, Cassán, Villela y Fiacone.",foto,44 GOL Setien (CHJ)</br>82 GOL Fiacone (CHJ),45,90,0,0
22/09/1940,Laguna,visitante,victoria,4,2,Platense,22° fecha del Campeonato 1940,Saavedra,Domingo Solari,"Bruno Barrionuevo; Adolfo Gilli y Jorge Alberti; Juan M Bongiovanni, Héctor García y Jorge Titonell; Rubén Perdomo, Rogelio Barros, Herminio Masantonio, Emilio Baldonedo y Plácido Rodríguez.","López; Aldabe y Boero; Esperón, Toledo y Zárraga; Galvagni, Oviedo, Stagi, Fernández y Prado.",foto,12 GOL Fernández (PLA)</br>22 GOL Emilio Baldonedo (HUR)</br>35 GOL Rogelio Barros (HUR)</br>73 GOL Rubén Perdomo (HUR)</br>87 GOL Herminio Masantonio (HUR)</br>89 GOL Oviedo (PLA),45,90,0,0
29/09/1940,Laguna,local,derrota,1,2,Racing Club,23° fecha del Campeonato 1940,La Quema,Bartolomé Macías,"Bruno Barrionuevo; Carlos Marinelli y Jorge Alberti; Juan M Bongiovanni, Héctor García y Jorge Titonell; Rubén Perdomo, Rogelio Barros, Herminio Masantonio, Emilio Baldonedo y Plácido Rodríguez.","Cuello; Salomón y Vidal; A Díaz, J Díaz y J García; Larretchart, Vicente Zito, Delfín Benítez Cáceres, Fila y E García.",foto,5 GOL Zito (RAC)</br>80 GOL Herminio Masantonio (HUR)</br>88 GOL Benítez Cáceres (RAC),45,90,0,0
06/10/1940,Laguna,visitante,derrota,1,5,Estudiantes (La Plata),24° fecha del Campeonato 1940,Uno (La Plata),Leopoldo Amoroso,"Bruno Barrionuevo; Carlos Marinelli y Jorge Alberti; Juan M Bongiovanni, Héctor García y Jorge Titonell; Rubén Perdomo, Rogelio Barros, Herminio Masantonio, Emilio Baldonedo y Plácido Rodríguez.","Ogando; E Rodríguez y Palma; Blotto, Ongaro y Sande; Galarza, Negri, Laferrara, Cirico y Manuel Pelegrina.",foto,1 GOL Laferrara (ELP)</br>8 GOL Negri (ELP)</br>24 GOL Cirico (ELP)</br>55 GOL Laferrara (ELP)</br>62 GOL Laferrara (ELP)</br>87 GOL Rubén Perdomo (HUR),45,90,0,0
20/10/1940,Laguna,local,empate,4,4,Newell's Old Boys (Rosario),25° fecha del Campeonato 1940,La Quema,José Abbene,"Bruno Barrionuevo; Carlos Marinelli y Jorge Alberti; Juan M Bongiovanni, Héctor García y Jorge Titonell; Rubén Perdomo, Rogelio Barros, Herminio Masantonio, Emilio Baldonedo y Plácido Rodríguez.","Ramaciotti; Gilli y Sobrero; Sisniega, Ángel Perucca y Pellegrini; Amsler, Franco, Gayol, Morosano y Ferreyra.",foto,5 GOL Plácido Rodríguez (HUR)</br>15 GOL Gayol (NOB)</br>21 GOL Herminio Masantonio (HUR)</br>24 GOL Gayol (NOB)</br>27 Gayol (NOB)</br>49 GOL Emilio Baldonedo (HUR)</br>79 GOL Ferreyra (NOB)</br>86 GOL Emilio Baldonedo (HUR),45,90,0,0
27/10/1940,Laguna,visitante,derrota,0,3,Vélez Sarsfield,26° fecha del Campeonato 1940,El Fortín,Domingo Solari,"Bruno Barrionuevo; Carlos Marinelli y Jorge Alberti; Juan M Bongiovanni, Manuel Giúdice y Jorge Titonell; Rubén Perdomo, Rogelio Barros, Herminio Masantonio, Emilio Baldonedo y Plácido Rodríguez.","Rotman; Castrillón y Battaglia; Alonso, Spinetto y Becerra; Reta, Noguera, Fuente, Correa y Fernández.",foto,6 GOL Fernández (VEL)</br>9 GOL Fuente (VEL)</br>13 GOL Reta (VEL),45,90,0,0
03/11/1940,Laguna,visitante,derota,2,4,River Plate,27° fecha del Campeonato 1940,Monumental,Bartolomé Macías,"Bruno Barrionuevo; Carlos Marinelli y Jorge Alberti; Ramón Leonardi, Manuel Giúdice y Jorge Titonell; Rubén Perdomo, Ramón Guerra, Herminio Masantonio, Emilio Baldonedo y Plácido Rodríguez.","Blasco; Vaghi y Cuello; Norberto Yácono, José Minella y Ramos; Adolfo Pedernera, José Moreno, Roberto D'Alessandro, Ángel Labruna y Deambrosi.",foto,23 GOL Herminio Masantonio (HUR)</br>33 GOL Adolfo Pedernera (RPL)</br>36 GOL José Moreno (RPL)</br>50 GOL Roberto D'Alessandro (RPL)</br>74 GOL Deambrosi (RPL)</br>77 GOL Herminio Masantonio (HUR),45,90,0,0
10/11/1940,Laguna,local,empate,2,2,Boca Juniors,28° fecha del Campeonato 1940,Gasómetro,Domingo Solari,"Bruno Barrionuevo; Antonio Álvarez y Jorge Alberti; Ramón Gazáneo, Manuel Giúdice y Jorge Titonell; Rubén Perdomo, Delfín Unzué, Herminio Masantonio, Emilio Baldonedo y Plácido Rodríguez.","Juan A Estrada; Ibáñez y Valussi; López, Ernesto Lazzatti y Arico Suárez; Tenorio, Alarcón, Jaime Sarlanga, Bernardo Gandulla y Emeal.",foto,28 GOL Alarcón (BJU)</br>37 EXP Rubén Perdomo (HUR)</br>41 EXP Alarcón (BJU)</br>42 GOL Herminio Masantonio (HUR)</br>69 GOL Jaime Sarlanga (BJU)</br>87 GOL Jorge Alberti (HUR),45,90,0,0
17/11/1940,Laguna,visitante,victoria,3,2,Lanús,29° fecha del Campeonato 1940,Lanús,José Abbene,"Bruno Barrionuevo; Francisco Attadía y Jorge Alberti; Ramón Gazáneo, Manuel Giúdice y Jorge Titonell; Delfín Unzué, Rogelio Barros, Herminio Masantonio, Emilio Baldonedo y Plácido Rodríguez.","Yustrich; Ducca y M López; Becchio, Strembel y Bonastre; A López, Ingunza, Arrieta, García y Di Lallo.",foto,3 GOL Herminio Masantonio (HUR)</br>31 GOL García (LAN)</br>53 GOL Arrieta (LAN)</br>62 GOL Herminio Masantonio (HUR)</br>87 GOL Emilio Baldonedo (HUR)</br>88 EXP Ducca (LAN)</br>88 EXP Plácido Rodríguez (HUR),45,90,0,0
24/11/1940,Laguna,local,derrota,1,2,Atlanta,30° fecha del Campeonato 1940,La Quema,Bartolomé Macías,"Bruno Barrionuevo; Francisco Attadía y Jorge Alberti; Ramón Gazáneo, Manuel Giúdice y Jorge Titonell; Juan C Salvini, Delfín Unzué, Herminio Masantonio, Emilio Baldonedo y Jorge Cano.","Bresoli; Del Felice y Bedia; Valdatti, Sosa y Batagliero; Freije, Ramos, Zabaleta, Rodríguez y Martino.",foto,12 GOL Isidro Zabaleta (ATL)</br>33 GOL Herminio Masantonio (HUR)</br>79 GOL Freije (ATL),45,90,0,0
01/12/1940,Laguna,visitante,victoria,1,0,Independiente,31° fecha del Campeonato 1940,Independiente,Leopoldo Amoroso,"Bruno Barrionuevo; Carlos Marinelli y Jorge Alberti; Ramó Gazáneo, Manuel Giúdice y Juan M Bongiovanni; Delfín Unzué, Rogelio Barros, Herminio Masantonio, Emilio Baldonedo y Jorge Cano.","Carlés; Sanguinetti y Coletta; Franzolini, Leguizamón y C Martínez; Vilariño, Vicente De la Mata, Arsenio Erico, Antonio Sastre y Zorrilla.",foto,9 GOL Herminio Masantonio (HUR),45,90,0,0
08/12/1940,Laguna,local,victoria,3,2,Gimnasia y Esgrima (La Plata),32° fecha del Campeonato 1940,La Quema,Ricardo Riestra,"Bruno Barrionuevo; Carlos Marinelli y Jorge Alberti; Ramón Gazáneo, Manuel Giúdice y Jorge Titonell; Delfín Unzué, Rogelio Barros, Herminio Masantonio, Emilio Baldonedo y Jorge Cano.","Muñiz; Montáñez y Blanes; Tombell, Scarone y E. Cerioni; P. Cerioni, Fidel, Daniele, Orleans y Arregui.",foto,20 GOL Daniele (GYE)</br>31 GOL Rogelio Barros (HUR)</br>40 GOL Rogelio Barros (HUR)</br>43 GOL Jorge Cano (HUR)</br>75 GOL P Cerioni (GYE),45,90,0,0
14/12/1940,Laguna,visitante,derrota,3,4,Rosario Central,33° fecha del Campeonato 1940,Arroyito (Rosario),Bartolomé Macías,"Bruno Barrionuevo; Carlos Marinelli y Jorge Alberti; Ramón Gazáneo, Manuel Giúdice y Jorge Titonell; Delfín Unzué, Rogelio Barros, Herminio Masantonio, Emilio Baldonedo y Plácido Rodríguez.","Araiz; Perucca y Lescano; Díaz, Ríos y Fogel; Laporta, Cisterna, Armendári, Marcovich y Maffei.",foto,3 GOL Cisterna (RCE)</br>24 GOL Marcovich (RCE)</br>44 GOL Emilio Baldonedo (HUR)</br>62 GOL Cisterna (RCE)</br>74 GOL Maffei (RCE)</br>84 GOL Emilio Baldonedo (HUR)</br>89 GOL Delfín Unzué,45,90,0,0
17/12/1940,Laguna,local,victoria,3,0,Tigre,34° fecha del Campeonato 1940,Gasómetro,Leopoldo Amoroso,"Bruno Barrionuevo; Carlos Marinelli y Jorge Alberti; Ramón Gazáneo, Manuel Giúdice y Jorge Titonell; Delfín Unzué, Rogelio Barros, Herminio Masantonio, Emilio Baldonedo y Plácido Rodríguez.","José Monjo; Hazaña y Medina; Kagel, Videla y Oubiñas; Tosoni, Spandre, Marvezy, Troncoso y Careri.",foto,58 GOL Manuel Giúdice (HUR)</br>69 GOL Herminio Masantonio (HUR)</br>78 GOL Rogelio Barros (HUR),45,90,0,0
22/12/1940,Laguna,visitante,derrota,1,2,Colo Colo (Chile),Gira por Chile 1940 (amistoso),Nacional (Chile),Felipe Horta (Chile),"Bruno Barrionuevo; Carlos Marinelli y Jorge Alberti (82 Adolfo Gilli); Ramón Gazáneo, Manuel Giúdice y Jorge Titonell; Rubén Perdomo, Rogelio Barros, Herminio Masantonio, Emilio Baldonedo y Plácido Rodríguez (59 Delfín Unzué).","Erazo; Selfate y Fernández; Flores, Castillo y Pastana (51 Zambrano); Sorrel, Socarrat, Domínguez, Contreras y Beizaga (35 Rojas).",foto,23 GOL Herminio Masantonio (HUR)</br>49 GOL Domínguez (COC)</br>83 GOL Sorrel (COC) -penal-,45,90,0,0
26/12/1940,Laguna,visitante,derrota,1,2,Universidad de Chile,Gira por Chile 1940 (amistoso),Nacional (Chile),Alfredo Vargas (Chile),"Bruno Barrionuevo; Carlos Marinelli y Jorge Alberti (61 Adolfo Gilli); Ramón Gazáneo, Manuel Giúdice y Jorge Titonell; Rubén Perdomo, Rogelio Barros (70 Ramón Guerra), Herminio Masantonio, Emilio Baldonedo y Plácido Rodríguez.","Simián; Breñas (64 Las Heras) y Ellis; Busquets, Nocetti y De Sáa; Pasalacqua, Ramos, Toro, Alonso y Balbuena.",foto,6 GOL Toro (UCH)</br>31 GOL Plácido Rodríguez (HUR)</br>60 GOL Alonso (UCH),45,90,0,0
28/12/1940,Laguna,visitante,victoria,6,2,Magallanes (Chile),Gira por Chile 1940 (amistoso),Nacional (Chile),Carlos Díaz (Chile),"Bruno Barrionuevo; Carlos Marinelli y Jorge Alberti (46 Adolfo Gilli); Ramón Gazáneo, Manuel Giúdice y Jorge Titonell; Rubén Perdomo, Rogelio Barros, Herminio Masantonio, Emilio Baldonedo y Plácido Rodríguez.","Pérez (33 Fernández); Liendo (56 Ellis) y Riveros; Castillo, Pasache y Albadiz; Valenzuela, Ramos (46 Mediavilla), Toro (46 Pasalacqua), Avendaño (46 Córdova) y Muñoz.",foto,24 GOL Ramón Gazáneo (HUR)</br>32 GOL Herminio Masantonio (HUR)</br>40 GOL Valenzuela (MAG)</br>49 GOL Plácido Rodríguez (HUR)</br>55 GOL Herminio Masantonio (HUR)</br>66 GOL Herminio Masantonio (HUR)</br>80 GOL Muñoz (MAG)</br>81 GOL Rubén Perdomo (HUR),45,90,0,0
27/01/1941,De los Santos,neutral,derrota,0,3,Independiente,1° fecha del Internacional Nocturno 1941 (amistoso),Gasómetro,Rafael Carou,"Bruno Barrionuevo; Carlos Marinelli y Cosme Attadia; Juan M Bongiovanni, Manuel Giúdice y Jorge Titonell; Rubén Perdomo, Rogelio Barros, Herminio Masantonio, Emilio Baldonedo y Plácido Rodríguez.","Bello; Sanguinetti y Antorena; Martínez, Leguizamón y Castellanos; Maril, De la Mata, Arsenio Erico, Reuben y Zorrilla.",foto,5 GOL Arsenio Erico (IND)</br>55 GOL Maril (IND)</br>71 GOL De la Mata (IND),45,90,0,0
05/02/1941,De los Santos,neutral,empate,1,1,Combinado de Rosario,2° fecha del Internacional Nocturno 1941 (amistoso),Gasómetro,Juan J. Álvarez,"Bruno Barrionuevo; Carlos Marinelli y Juan D Rodríguez; Ramón Gazzáneo, Manuel Giúdice y Jorge Titonell; Carlos Belfiore, Rogelio Barros, Ismael Zabaleta, Emilio Baldonedo y Plácido Rodríguez.","Heredia; Gilli y Lezcano; Eguiluz, Perucca y Reinoso; Villarino, Cisterna, Hayes, Morosano y Ferreyra.",foto,4 GOL Perucca (ROS)</br>88 GOL Carlos Belfiore (HUR),45,90,0,0
12/02/1941,De los Santos,neutral,victoria,4,1,Fluminense (Brasil),3° fecha del Internacional Nocturno 1941 (amistoso),Gasómetro,Ubaldo Ruiz,"Bruno Barrionuevo; Carlos Marinelli y Juan D Rodríguez; Ramón Gazzaneo, Manuel Giúdice y Jorge Titonell; Rubén Perdomo, Ramón Guerra, Ismael Zabaleta, Emilio Baldonedo y Plácido Rodríguez.","Batataes (27 Ángel Capuano); Arthur y Guimaraes; Alfonsinho, Espineli y Brant; Adílson, Pedro Nunes, Russo, Tim y Hércules.",foto,14 GOL Emilio Baldonedo (HUR)</br>26 GOL Ramón Guerra (HUR)</br>34 GOL Ismael Zabaleta (HUR)</br>43 GOL Hércules (FLU) -penal-</br>85 GOL Plácido Rodríguez (HUR),45,90,0,0
17/02/1941,De los Santos,neutral,victoria,3,1,Flamengo RJ (Brasil),4° fecha del Internacional Nocturno 1941 (amistoso),Chacarita Juniors,Ubaldo Ruiz,"Bruno Barrionuevo; Carlos Marinelli y Juan D Rodríguez; Ramón Gazzaneo, Manuel Giúdice y Jorge Titonell; Rubén Perdomo, Ramón Guerra (65 Delfín Unzué), Ismael Zabaleta, Emilio Baldonedo y Plácido Rodríguez.","Iustrich (58 Valter); Domingos da Guía y Osvaldo; Joselino (25 Pichim), Volante y Argemiro; Saa, Zizinho, Caxambú, Nandino y Jarbas (78 Armadinho).",foto,14 GOL Jarbas (FLA)</br>15 GOL Ismael Zabaleta (HUR)</br>57 GOL Ismael Zabaleta (HUR)</br>80 GOL Ismael Zabaleta (HUR),45,90,0,0
21/02/1941,De los Santos,neutral,empate,0,0,Independiente,1° fase del Relámpago 1941,Chacarita,Rafael Carou,"Bruno Barrionuevo; Carlos Marinelli y Juan D Rodríguez; Gazaneo, Manuel Giúdice y Jorge Titonell; Rubén Perdomo, Ramón Guerra, Herminio Masantonio, Emilio Baldonedo y Plácido Rodríguez.","Carlés; Facio y Antorena; Franzolino, Puentes y Castellanos; Vilariño, Maigán, Arsenio Erico, Reuben y Zorrilla.",foto,1° Tiempo: Huracán 0x0 Independiente</br>Penales: 5-4,20,40,0,0
21/02/1941,De los Santos,neutral,victoria,1,0,San Lorenzo de Almagro,Semifinal del Relámpago 1941,Chacarita,desconocido,"Bruno Barrionuevo; Carlos Marinelli y Juan D Rodríguez; Gazaneo, Manuel Giúdice y Jorge Titonell; Rubén Perdomo, Ramón Guerra, Ismael Zabaleta, Emilio Baldonedo y Plácido Rodríguez.","Heredia; Díaz y González; Zubieta, F García y Arnaldo; De Lara, Rinaldo Martino, Isidro Lángara, Diego García y Rosendo.",foto,9 GOL Emilio Baldonedo (HUR),20,40,0,0
21/02/1941,De los Santos,neutral,derrota,0,1,Combinado de Rosario,Final del Relámpago 1941,Chacarita,Rafael Carou,"Bruno Barrionuevo; Carlos Marinelli y Juan D Rodríguez; Gazaneo, Manuel Giúdice y Jorge Titonell; Rubén Perdomo, Delfín Unzué, Ismael Zabaleta, Emilio Baldonedo y Plácido Rodríguez.","Maffei; Lazcano y Sobrero; Eguiluz, Ríos y Fogel; Heredia, Franco, René Pontoni, Morosano y Ferreyra.",foto,19 GOL Heredia (ROS),20,40,0,0
26/03/1941,De los Santos,local,victoria,3,1,Rampla Juniors (Uruguay),Amistoso 1941,La Quema,desconocido,Huracán,-,foto,sin datos,45,90,0,0
30/03/1941,De los Santos,local,victoria,3,0,Rosario Central,1° fecha del Campeonato 1941,La Quema,Juan J. Álvarez,"Bruno Barrionuevo; Carlos Marinelli y Jorge Alberti; Carlos Martínez, Manuel Giúdice y Jorge Titonell; Rubén Perdomo, Ramón Guerra, Herminio Masantonio, Emilio Baldonedo y Plácido Rodríguez.","Ferrari; Lescano y Dezorzi; Eguiluz, Ríos y Fogel; Heredia, Antúnez, J Martínez, Gómez y Vilariño.",foto,8 GOL Emilio Baldonedo (HUR)</br>35 GOL Ramón Guerra (HUR)</br>51 GOL Emilio Baldonedo (HUR),45,90,0,0
06/04/1941,De los Santos,visitante,victoria,3,1,Independiente,2° fecha del Campeonato 1941,Doble Visera,Domingo Solari,"Bruno Barrionuevo; Carlos Marinelli y Jorge Alberti; Carlos Martínez, Manuel Giúdice y Jorge Titonell; Rubén Perdomo, Ramón Guerra, Herminio Masantonio, Emilio Baldonedo y Plácido Rodríguez.","Bello; Sanguinetti y Coletta; C Martínez, Leguizamón y Battagliero; Maril, De la Mata, Arsenio Erico, Antonio Sastre y Zorrilla.",foto,6 GOL Herminio Masantonio (HUR)</br>48 GOL Maril (IND)</br>57 GOL Herminio Masantonio (HUR)</br>71 GOL Emilio Baldonedo (HUR),45,90,0,0
13/04/1941,De los Santos,local,victoria,4,2,Lanús,3° fecha del Campeonato 1941,La Quema,Bartolomé Macías,"Bruno Barrionuevo; Carlos Marinelli y Jorge Alberti; Roberto Sbarra, Manuel Giúdice y Jorge Titonell; Rubén Perdomo, Norberto Méndez, Herminio Masantonio, Emilio Baldonedo y Plácido Rodríguez.","Yustrich; Ducca y López; Calzón, Strembel y Carreras; Vidal, Lorenzo, Arrieta, García y Grandín.",foto,5 GOL Arrieta (LAN)</br>11 GOL Arrieta (LAN)</br>28 GOL López (HUR) -en contra-</br>31 GOL Herminio Masantonio (HUR)</br>42 GOL Norberto Méndez (HUR)</br>56 GOL Emilio Baldonedo (HUR),45,90,0,0
20/04/1941,De los Santos,visitante,derrota,2,5,San Lorenzo de Almagro,4° fecha del Campeonato 1941,Gasómetro,Celestino Destaillats,"Bruno Barrionuevo; Carlos Marinelli y Jorge Alberti; Roberto Sbarra, Manuel Giúdice y Jorge Titonell; Rubén Perdomo, Norberto Méndez, Herminio Masantonio, Emilio Baldonedo y Plácido Rodríguez.","Heredia; González y Díaz; Ángel Zubieta, Grecco y Arnaldo; C Rodríguez de Lara, Borgnia, Isidro Lángara, Rinaldo Martino y Nicolau.",foto,10 GOL Isidro Lángara (SLA)</br>37 GOL Emilio Baldonedo (HUR)</br>40 GOL Isidro Lángara (SLA)</br>43 GOL Rinaldo Martino (SLA)</br>79 GOL Carlos Marinelli (SLA) -en contra-</br>80 GOL Emilio Baldonedo (HUR)</br>89 GOL Nicolau (SLA),45,90,0,0
27/04/1941,De los Santos,local,derrota,1,2,River Plate,5° fecha del Campeonato 1941,La Quema,Bartolomé Macías,"Bruno Barrionuevo; Carlos Marinelli y Jorge Alberti; Roberto Sbarra, Manuel Giúdice y Jorge Titonell; Rubén Perdomo, Norberto Méndez, Herminio Masantonio, Emilio Baldonedo y Plácido Rodríguez.","Barrios; Vaghi y Cadilla; Ramos, Bruno Rodolfi y Aarón Wergifker; Carlos Peucelle, José Moreno, Roberto D'Alessandro, Ángel Labruna y Deambrosi.",foto,23 GOL Cadilla (HUR) -en contra-</br>60 GOL Roberto D'Alessandro (RPL)</br>61 GOL Emilio Baldonedo (HUR),45,90,0,0
04/05/1941,De los Santos,visitante,derrota,0,1,Boca Juniors,6° fecha del Campeonato 1941,La Bombonera,Rafael Carou,"Bruno Barrionuevo; Adolfo Gilli y Jorge Alberti; Roberto Sbarra, Manuel Giúdice y Jorge Titonell; Rubén Perdomo, Norberto Méndez, Herminio Masantonio, Emilio Baldonedo y Plácido Rodríguez.","Bresoli; Ibáñez y Valussi; López, Lazzatti y Arico Suárez; Rosell, Alarcón, Jaime Sarlanga, Carniglia y Emeal.",foto,56 GOL Rosell (BJU),45,90,0,0
11/05/1941,De los Santos,local,victoria,3,2,Estudiantes (La Plata),7° fecha del Campeonato 1941,La Quema,Eugenio Braun,"Bruno Barrionuevo; Adolfo Gilli y Jorge Alberti; Carlos Martínez, Manuel Giúdice y Jorge Titonell; Rubén Perdomo, Norberto Méndez, Ramón Guerra, Emilio Baldonedo y Plácido Rodríguez.","Gabriel Ogando; E Rodríguez y Palma; Blotto, Ongaro y Garcerón; Gagliardo, Negri, Gómez, Cirico y Manuel Pelegrina.",foto,4 GOL Emilio Baldonedo (HUR)</br>6 GOL Juan J Negri (ELP)</br>39 GOL Emilio Baldonedo (HUR)</br>36 GOL Ramón Guerra (HUR)</br>72 GOL Gagliardo (ELP),45,90,0,0
18/05/1941,De los Santos,visitante,victoria,4,2,Atlanta,8° fecha del Campeonato 1941,Villa Crespo,Bartolomé Macías,"Bruno Barrionuevo; Adolfo Gilli y Jorge Alberti; C Martínez, Manuel Giúdice y Jorge Titonell; Rubén Perdomo, Norberto Méndez, Ramón Guerra, Emilio Baldonedo y Plácido Rodríguez.","Claudio Vacca; Tarrío y Bedia; Viana, Valle y Aguirre; Tenorio, Ismael Zabaleta, Pairoux, F Rodríguez y J Martínez.",foto,13 GOL Ramón Guerra (HUR)</br>27 GOL Emilio Baldonedo (HUR)</br>58 GOL Ramón Guerra (HUR)</br>68 GOL Pairoux (ATL)</br>74 GOL Emilio Baldonedo (HUR)</br>89 GOL Valle (ATL),45,90,0,0
25/05/1941,De los Santos,local,victoria,3,1,Newell's Old Boys (Rosario),9° fecha del Campeonato 1941,La Quema,Eduardo Forte,"Bruno Barrionuevo; Adolfo Gilli y Jorge Alberti; Carlos Martínez, Manuel Giúdice y Jorge Titonell; Rubén Perdomo, Norberto Méndez, Ramón Guerra, Emilio Baldonedo y Plácido Rodríguez.","Honores; N Gilli y Sobrero; Carlucci, Perucca y Reynoso; Belén, Canteli, René Pontoni, Morosano y Ferreyra.",foto,2 GOL Plácido Rodríguez (HUR)</br>39 GOL Emilio Baldonedo (HUR)</br>47 GOL Plácido Rodríguez (HUR)</br>59 GOL Canteli (NOB),45,90,0,0
01/06/1941,De los Santos,visitante,empate,2,2,Racing Club,10° fecha del Campeonato 1941,Racing,Bartolomé Macías,"Bruno Barrionuevo; Adolfo Gilli y Jorge Alberti; Carlos Martínez, Manuel Giúdice y Jorge Titonell; Rubén Perdomo, Norberto Méndez, Ramón Guerra, Emilio Baldonedo y Plácido Rodríguez.","Cuello; Salomón y H García; A Díaz, J Díaz y J García; Devizia, F Díaz, Liztherman, Delfín Benítez Cáceres y Enrique García.",foto,38 GOL Ramón Guerra (HUR)</br>62 GOL García (RAC)</br>81 GOL Liztherman (RAC)</br>88 GOL Norberto Méndez (HUR),45,90,0,0
08/06/1941,Stábile,local,derrota,1,3,Banfield,11° fecha del Campeonato 1941,La Quema,Celestino Destaillats,"Bruno Barrionuevo; Adolfo Gilli y Jorge Alberti; Carlos Martínez, Manuel Giúdice y Jorge Titonell; Rubén Perdomo, Norberto Méndez, Herminio Masantonio, Emilio Baldonedo y Plácido Rodríguez.","Besuzzo; Gualdoni y Menéndez; Cuenya, Scavone y De Terán; Laporta, Caffaratti, Alcalde, Sanz y Silvera.",foto,10 GOL Alcalde (BAN)</br>15 GOL Sanz (BAN)</br>20 GOL Herminio Masantonio (HUR)</br>71 EXP Menéndez (BAN)</br>89 GOL Silvera (BAN),45,90,0,0
15/06/1941,Stábile,local,empate,2,2,Tigre,12° fecha del Campeonato 1941,La Quema,Leopoldo Amoroso,"Bruno Barrionuevo; Carlos Marinelli y Jorge Alberti; Carlos Martínez, Manuel Giúdice y Jorge Titonell; Rubén Perdomo, Ramón Guerra, Herminio Masantonio, Emilio Baldonedo y Plácido Rodríguez.","José Monjo; Hazaña y Medina; Kagel, Eusebio Videla y Rubio; Tosoni, Sandoval, Marvezy, Troncoso y Tamborenea.",foto,3 GOL Manuel Giúdice (HUR)</br>44 GOL Marvezy (TIG)</br>59 GOL Sandoval (TIG)</br>61 GOL Herminio Masantonio (HUR),45,90,0,0
22/06/1941,Stábile,visitante,victoria,3,0,Platense,13° fecha del Campeonato 1941,Saavedra,Ubaldo Ruiz,"Bruno Barrionuevo; Carlos Marinelli y Jorge Alberti; Carlos Martínez, Manuel Giúdice y Jorge Titonell; Rubén Perdomo, Norberto Méndez, Herminio Masantonio, Emilio Baldonedo y Plácido Rodríguez.","López; Aldabe y Boero; Espe-rón, Toledo y Coloccini; Orlando, Prado, Arigós, Cisterna y Torielli.",foto,49 GOL Herminio Masantonio (HUR)</br>59 GOL Manuel Giúdice (HUR)</br>78 GOL Rubén Perdomo (HUR),45,90,0,0
29/06/1941,Stábile,local,victoria,3,2,Gimnasia y Esgrima (La Plata),14° fecha del Campeonato 1941,La Quema,Humberto Dottori,"Bruno Barrionuevo; Carlos Marinelli y Jorge Alberti; Carlos Martínez, Manuel Giúdice y Jorge Titonell; Rubén Perdomo, Norberto Méndez, Herminio Masantonio, Emilio Baldonedo y Plácido Rodríguez.","Jurandyr; Tombell y Delovo; Covacich, Scarone y Enrique Cerioni; Fernández, Fidel, Orleans, P Cerioni y Arregui.",foto,15 GOL Herminio Masantonio (HUR)</br>48 GOL Fidel (GLP)</br>55 GOL Orleans (GLP)</br>56 GOL Herminio Masantonio (HUR)</br>83 GOL Norberto Méndez (HUR),45,90,0,0
06/07/1941,Stábile,visitante,empate,0,0,Ferro C. Oeste,15° fecha del Campeonato 1941,Caballito,Juan J. Álvarez,"Bruno Barrionuevo; Carlos Marinelli y Jorge Alberti; Carlos Martínez, Manuel Giúdice y Jorge Titonell; Rubén Perdomo, Norberto Méndez, Herminio Masantonio, Emilio Baldonedo y Plácido Rodríguez.","Sebastián Gualco; Noceda y Garavano; Morales, Corvetto y Fariña; Natino, Páez, Pont, Pérez y Danza.",foto,1° Tiempo: Ferro 0x0 Huracán,45,90,0,0
00/07/1941,Stábile,visitante,victoria,4,1,Liga de Tucumán,Amistoso 1941,(Tucumán),desconocido,Huracán,Rival,foto,sin datos,45,90,0,0
00/07/1941,Stábile,visitante,empate,2,2,Argentinos del Norte (Tucumán),Amistoso 1941,(Tucumán),desconocido,Huracán,Rival,foto,sin datos,45,90,0,0
20/07/1941,Stábile,visitante,derrota,2,3,Rosario Central,16° fecha del Campeonato 1941,Arroyito (Rosario),Eugenio Braun,"Bruno Barrionuevo; Carlos Marinelli y Jorge Alberti; Carlos Martínez, Roberto Sbarra y Jorge Titonell; Rubén Perdomo, Norberto Méndez, Herminio Masantonio, Emilio Baldonedo y Plácido Rodríguez.","Ferrari; Lescano y Verga; Casalini, Fernández y Fogel; Heredia, Nobrega, Hayes, Waldino Aguirre y Vilariño.",foto,44 GOL Nobrega (RCE)</br>47 GOL Hayes (RCE)</br>68 GOL Plácido Rodríguez (HUR)</br>87 GOL Hayes (RCE)</br>89 GOL Roberto Sbarra (HUR),45,90,0,0
27/07/1941,Stábile,local,derrota,1,2,Independiente,17° fecha del Campeonato 1941,La Quema,Ubaldo Ruiz,"Bruno Barrionuevo; Carlos Marinelli y Adolfo Gilli; Carlos Martínez, Roberto Sbarra y Jorge Titonell; Delfín Unzué, Ramón Guerra, Herminio Masantonio, Emilio Baldonedo y Plácido Rodríguez.","Bello; Fazio y Antorena; Celestino Martínez, Álvarez y Battagliero; Maril, Vicente De la Mata, Arsenio Erico, Antonio Sastre y Funes.",foto,40 GOL Vicente De la Mata (IND)</br>55 GOL Arsenio Erico (IND)</br>69 GOL Herminio Masantonio (HUR),45,90,0,0
03/08/1941,Stábile,visitante,victoria,2,1,Lanús,18° fecha del Campeonato 1941,Lanús,Leopoldo Amoroso,"Ramón Ledesma; Carlos Marinelli y Adolfo Gilli; Carlos Martínez, Roberto Sbarra y Jorge Titonell; Delfín Unzué, Norberto Méndez, Ramón Guerra, Juan J Novo y Oscar Corso.","Juan E Yustrich; Ducca y Huertas; Cal-zón, Strembel y Mesa; Vidal, Lorenzo, Arrieta, García y Grandín.",foto,9 GOL Ramón Guerra (HUR)</br>18 GOL Arrieta (LAN)</br>89 GOL Oscar Corso (HUR),45,90,0,0
10/08/1941,Stábile,local,derrota,0,3,San Lorenzo de Almagro,19° fecha del Campeonato 1941,La Quema,Eugenio Braun,"Ramón Ledesma; Adolfo Gilli y Carlos Marinelli; Carlos Martínez, Roberto Sbarra y Jorge Titonell; Delfín Unzué, Norberto Méndez, Ramón Guerra, Juan J Novo y Oscar Corso.","Heredia; Vanzini y Díaz; Ángel Zubieta, Grecco y Arnaldo; Fattoni, Borgnia, Isidro Lángara, Rinaldo Martino y Nicolau.",foto,22 GOL Rinaldo Martino (SLA)</br>29 GOL Rinaldo Martino (SLA)</br>39 GOL Borgnia (SLA),45,90,0,0
17/08/1941,Stábile,visitante,empate,0,0,River Plate,20° fecha del Campeonato 1941,Monumental,Rafael Carou,"Ramón Ledesma; Carlos Marinelli y Adolfo Gilli; Carlos Martínez, Roberto Sbarra y Jorge Titonell; Delfín Unzué, Norberto Méndez, Ramón Guerra, Juan J Novo y Oscar Corso.","Barrios; Vaghi y Cadilla; Yácono, Bruno Rodolfi y Carlos Peucelle; Muñoz, José Moreno, Roberto D'Alessandro, Ángel Labruna y Adolfo Pedernera.",foto,1° Tiempo: River 0x0 Huracán,45,90,0,0
24/08/1941,Laguna,local,derrota,2,3,Boca Juniors,21° fecha del Campeonato 1941,La Quema,Bartolomé Macías,"Ramón Ledesma; Carlos Marinelli y Adolfo Gilli; Carlos Martínez, Roberto Sbarra y Jorge Titonell; Rubén Perdomo, Norberto Méndez, Ramón Guerra, Delfín Unzué y Plácido Rodríguez.","Bresoli; Ibáñez y Valussi; Sosa, Ernesto Lazzatti y Penas; Mario Boyé, Carniglia, Monestés, Alarcón y Rosell.",foto,15 GOL Norberto Méndez (HUR)</br>54 GOL Ramón Guerra (HUR)</br>63 GOL Lazzatti (BJU)</br>75 GOL Monestés (BJU)</br>77 GOL Rosell (BJU),45,90,0,0
31/08/1941,Laguna,visitante,empate,1,1,Estudiantes (La Plata),22° fecha del Campeonato 1941,Uno (La Plata),Rafael Carou,"Ramón Ledesma; Carlos Marinelli y Adolfo Gilli; Roberto Sbarra, Manuel Giúdice y Jorge Titonell; Juan C Salvini, Norberto Méndez, Ramón Guerra, Delfín Unzué y Plácido Rodríguez.","Gabriel Ogando; E Rodríguez y Palma; Blotto, Ongaro y Sande; Gagliardo, Juan J Negri, Laferrara, Ribeiro Mora y Manuel Pelegrina.",foto,12 GOL Laferrara (ELP)</br>88 GOL Ramón Guerra (HUR),45,90,0,0
07/09/1941,Laguna,local,derrota,0,2,Atlanta,23° fecha del Campeonato 1941,La Quema,Rafael Carou,"Ramón Ledesma; Carlos Marinelli y Adolfo Gilli; Roberto Sbarra, Manuel Giúdice y Jorge Titonell; Juan C Salvini, Norberto Méndez, Herminio Masantonio, Delfín Unzué y Plácido Rodríguez.","Claudio Vacca; Tarrío y Bedia; Valdatti, Valle y Aguirre; Raviolo, Ciraolo, Ismael Zabaleta, F Rodríguez y Martínez.",foto,50 GOL F Rodríguez (ATL)</br>74 GOL F Rodríguez (ATL),45,90,0,0
14/09/1941,Laguna,visitante,derrota,1,3,Newell's Old Boys,24° fecha del Campeonato 1941,Parque Independencia (Rosario),Rafael Carou,"Ramón Ledesma; Carlos Marinelli y Adolfo Gilli; Roberto Sbarra, Manuel Giúdice y Jorge Titonell; Rubén Perdomo, Norberto Méndez, Herminio Masantonio, Ramón Guerra y Plácido Rodríguez.","Honores; Garbagnoli y Sobrero; Carlucci, Perucca y Pellegrini; Gayol, Canteli, René Pontoni, Morosano y Ferreyra.",foto,16 GOL René Pontoni (NOB)</br>28 GOL Canteli (NOB)</br>41 GOL Canteli (NOB)</br>83 GOL Herminio Masantonio (HUR),45,90,0,0
21/09/1941,Laguna,local,derrota,0,1,Racing Club,25° fecha del Campeonato 1941,La Quema,Alfredo D'Espósito,"Ramón Ledesma; Adolfo Gilli y Jorge Alberti; Roberto Sbarra, Manuel Giúdice y Jorge Titonell; Rubén Perdomo, Norberto Méndez, Herminio Masantonio, Ramón Guerra y Plácido Rodríguez.","Cuello; Salomón y Vidal; Bruno, Coccellato y J García; Devizia, F Díaz, Benítez Cáceres, Zito y E García.",foto,58 GOL Plácido Rodríguez (HUR),45,90,0,0
28/09/1941,Laguna,visitante,victoria,3,1,Banfield,26° fecha del Campeonato 1941,Florencio Sola,José Cángaro,"Ramón Ledesma; Adolfo Gilli y Jorge Alberti; Roberto Sbarra, Manuel Giúdice y Jorge Titonell; Rubén Perdomo, Norberto Méndez, Herminio Masantonio, Ramón Guerra y Plácido Rodríguez.","Besuzzo; Gualdoni y Fatechi; Cuenya, Scavone y Alonso; Laporta, Caffaratti, Alcalde, Sanz y Silvera.",foto,11 GOL Herminio Masantonio (HUR)</br>43 GOL Herminio Masantonio (HUR)</br>78 GOL Laporta (BAN)</br>88 GOL Ramón Guerra (HUR),45,90,0,0
05/10/1941,Laguna,visitante,derrota,1,3,Tigre,27° fecha del Campeonato 1941,Victoria,Juan J. Molinari,"Ramón Ledesma; Adolfo Gilli y Jorge Alberti; Victorio Adamo, Manuel Giúdice y Jorge Titonell; Rubén Perdomo, Norberto Méndez, Herminio Masantonio, Ramón Guerra y Delfín Unzué.","García; Basso y Medina; Kagel, Rubio y Oubiñas; Tosoni, Sandoval, Marvezy, Troncoso y Gayol.",foto,3 GOL Sandoval (TIG)</br>6 GOL Tosoni (TIG)</br>53 GOL Tosoni (TIG)</br>68 GOL Rubén Perdomo (HUR),45,90,0,0
12/10/1941,Laguna,local,empate,1,1,Platense,28° fecha del Campeonato 1941,La Quema,Leopoldo Amoroso,"Ramón Ledesma; Adolfo Gilli y Jorge Alberti; Carlos Martínez, Manuel Giúdice y Jorge Titonell; Rubén Perdomo, Norberto Méndez, Herminio Masantonio, Ramón Guerra y Delfín Unzué.","López; Aldabe y Boero; Zárraga, Toledo y Coloccini; Ksseiri, Oviedo, Amiano, Cisterna y Torielli.",foto,55 GOL Manuel Giúdice (HUR)</br>57 GOL Amiano (PLA),45,90,0,0
19/10/1941,Laguna,visitante,victoria,3,0,Gimnasia y Esgrima (La Plata),29° fecha del Campeonato 1941,El Bosque (La Plata),Ubaldo Ruiz,"Ramón Ledesma; Carlos Marinelli y Jorge Alberti; Carlos Martínez, Roberto Sbarra y Jorge Titonell; Rubén Perdomo, Norberto Méndez, Herminio Masantonio, Ramón Guerra y Delfín Unzué.","Muñiz; Blanes y Delovo; Tombell, Scarone y Cerioni; Pérez, Sabio, Cerioni, Orleans y Arregui.",foto,69 LES Rubén Perdomo (HUR)</br>70 GOL Herminio Masantonio (HUR)</br>75 GOL Ramón Guerra (HUR)</br>86 GOL Herminio Masantonio (HUR),45,90,0,0
26/10/1941,Laguna,local,victoria,4,1,Ferro C. Oeste,30° fecha del Campeonato 1941,La Quema,Juan J. Álvarez,"Ramón Ledesma; Carlos Marinelli y Jorge Alberti; Carlos Martínez, Roberto Sbarra y Jorge Titonell; Delfín Unzué, Norberto Méndez, Herminio Masantonio, Ramón Guerra y Oscar Corso.","Rizzo; Pantanali y Garavano; Morales, Corvetto y Fariña; Lijé, Godoy, Pícaro, Pérez y Lamela.",foto,5 GOL Godoy (FCO)</br>11 GOL Roberto Sbarra (HUR)</br>15 GOL Norberto Méndez (HUR)</br>38 GOL Herminio Masantonio (HUR)</br>53 GOL Herminio Masantonio (HUR),45,90,0,0
01/11/1941,Laguna,neutral,victoria,1,0,Independiente,1° fase de Copa Escobar 1941,Gasómetro,Juan J. Álvarez,"Ledesma; Carlos Marinelli y Jorge Alberti; Carlos Martínez, Roberto Sbarra y Jorge Titonell; Delfín Unzué, Ramón Guerra, Herminio Masantonio, Novo y Oscar Corso.","Thadeu; Sanguinetti y Antorena; C. Martínez, Álvarez y Battagliero; Paz, Coll, Erico, Sastre y Mourín.",foto,1° Tiempo: Huracán 0x0 Independiente</br>22 GOL Novo (HUR),20,40,0,0
02/11/1941,Laguna,neutral,victoria,2,1,Newell's Old Boys (Rosario),Semifinal de Copa Escobar 1941,Monumental,Ubaldo Ruiz,"Ledesma; Carlos Marinelli y Jorge Alberti; Carlos Martínez, Manuel Giúdice y Jorge Titonell; Delfín Unzué, Ramón Guerra, Herminio Masantonio, Novo y Oscar Corso.","Honores; Gilli y Sobrero; Molinari, Ángel Perucca y Pellegrini; Romero, Canteli, René Pontoni, Morosano y Queirolo.",foto,4 GOL Herminio Masantonio (HUR)</br>11 GOL Herminio Masantonio (HUR)</br>1° Tiempo: Huracán 2x0 Newell's</br>26 GOL Morosano (NOB),20,40,0,0
02/11/1941,Laguna,visitante,derrota,0,1,River Plate,Final de Copa Escobar 1941,Monumental,Rafael Carou,"Ledesma; Carlos Marinelli y Jorge Alberti; Carlos Martínez, Manuel Giúdice y Jorge Titonell; Delfín Unzué, Norberto Méndez, Roberto Sbarra, Novo y Oscar Corso.","Barrios; Vaghi y Cadilla; Yácono, Rodolfi y Ramos; Muñoz, José M Moreno, Roberto D'Alessandro, Ángel Labruna y Caarlos Peucelle.",foto,38 GOL Roberto D'Alessandro (RPL),20,40,0,0
09/11/1941,Laguna,neutral,empate,3,3,River Plate,Desempate por Subcampeonato 1939,Chacarita Juniors,Eugenio Braun,"Ramón Ledesma; Carlos Marinelli y Jorge Alberti; Carlos Martínez, Roberto Sbarra y Jorge Titonell; Juan C Salvini, Norberto Méndez, Herminio Masantonio, Juan J Novo y Oscar Corso.","Barrios; Vaghi y Cadilla; Yácono, José Minella y Ramos; Deambrosi, Adolfo Pedernera, Roberto D'Alessandro, Ángel Labruna y Carlos Peucelle.",foto,10 GOL Herminio Masantonio (HUR)</br>32 GOL Roberto D'Alessandro (RPL)</br>43 GOL Herminio Masantonio (HUR)</br>59 GOL Adolfo Pedernera (RPL)</br>93 GOL Roberto D'Alessandro (RPL)</br>98 GOL Norberto Méndez (HUR)</br>120 Partido suspendido,45,90,105,120
23/11/1941,Laguna,visitante,derrota,1,2,Colo Colo (Chile),Gira por Chile 1941 (amistoso),Nacional (Chile),Francisco Rivas (Chile),"Gabriel Ogando (46 Ramón Ledesma); Carlos Marinelli y Jorge Alberti; Carlos Martínez (46 Manuel Giúdice (54 Carlos Martínez)), Roberto Sbarra y Jorge Titonell; Delfín Unzué, Juan J Negri (46 Juan J Novo), Herminio Masantonio, Ramón Guerra (46 Norberto Méndez) y Manuel Pelegrina.","Diano; Selfate y Camus; Máximo Lobatón, Pastene y Medina; Sorrel, Socarraz, Domínguez, Contreras y Balbuena.",foto,8 GOL Herminio Masantonio (HUR)</br>28 GOL Contreras (CCO)</br>45 GOL Domínguez (CCO),45,90,0,0
30/11/1941,Laguna,visitante,victoria,5,0,Magallanes (Chile),Gira por Chile 1941 (amistoso),Nacional (Chile),Juan Sablah (Chile),"Ramón Ledesma; Adolfo Gilli y Jorge Alberti; Roberto Sbarra, Manuel Giúdice y Jorge Titonell; Oscar Corso, Norberto Méndez, Herminio Masantonio, Delfín Unzué (74 Juan J Negri) y Manuel Pelegrina.","Ibáñez; Baeza y Guerrieri; Máximo Lobatón, Castillo y Medina (46 Romero); Galara (46 Muñoz), Orlandelli, Barrera, Avendaño (63 Valenzuela) y Balbuena.",foto,28 GOL Oscar Corso (HUR)</br>31 GOL Herminio Masantonio (HUR)</br>57 GOL Herminio Masantonio (HUR)</br>70 GOL Norberto Méndez (HUR)</br>72 GOL Norberto Méndez (HUR),45,90,0,0
03/12/1941,Laguna,visitante,empate,1,1,Universitarios (Chile),Gira por Chile 1941 (amistoso),Nacional (Chile),Manuel Soto (Chile),"Ramón Ledesma; Adolfo Gilli (46 Carlos Marinelli) y Jorge Alberti; Roberto Sbarra (46 Carlos Martínez (75 Roberto Sbarra)), Manuel Giúdice y Jorge Titonell; Oscar Corso, Juan J Negri, Herminio Masantonio, Delfín Unzué y Manuel Pelegrina.","Sergio Livingstone; Bucchiardi y Las Heras; Busquet, Mediavilla y Rusik; Riera, Settién, Alonso, Martínez y Balbuena.",foto,34 GOL Alonso (UNI)</br>82 GOL Manuel Pelegrina (HUR),45,90,0,0
07/12/1941,Laguna,visitante,victoria,4,3,Liga de Talcahuano (Chile),Gira por Chile 1941 (amistoso),Collao Concepción (Chile),Maía (Chile),"Gabriel Ogando; Carlos Marinelli y Jorg Alberti; Carlos Martínez, Manuel Giúdice y Jorge Titonell; Delfín Unzué (46 Oscar Corso), Juan J Negri, Ramón Guerra, Juan J Novo y Manuel Pelegrina.","Torres; Vásquez y Pino; Máximo Lobatón, Riveros y Álvarez; Carvallo, Quezada, Barrera, Sandoval y Constanzo.",foto,4 GOL Manuel Pelegrina (HUR)</br>19 GOL Delfín Unzué (HUR)</br>32 GOL Ramón Guerra (HUR)</br>41 GOL Carlos Martínez (TAL) -en contra-</br>56 GOL Norberto Méndez (HUR)</br>77 GOL Carvallo (TAL)</br>85 GOL Quezada (TAL),45,90,0,0
08/12/1941,Laguna,visitante,empate,2,2,Liga de Concepción (Chile),Gira por Chile 1941 (amistoso),Collao Concepción (Chile),Cerda (Chile),"Ramón Ledesma (75 Gabriel Ogando); Carlos Marinelli y Jorge Alberti; Carlos Martínez (36 Manuel Giúdice), Roberto Sbarra y Jorge Titonell; Delfín Unzué, Norberto Méndez, Herminio Masantonio, Juan J Novo (61 Juan J Negri) y Manuel Pelegrina.","Espinoza; Pedreros y Pardo; Sandoval, Vidal (74 Mendoza) y Alveal; Monardes (46 Alonso), Contreras (46 Godoy (74 Contreras)), Osbén, Varela y Burgos.",foto,32 GOL Vidal (CON) -penal-</br>41 GOL Varela (CON)</br>65 GOL Juan J Negri (HUR)</br>73 GOL Herminio Masantonio (HUR),45,0,0,0
28/02/1942,Stábile,local,-,-,-,Gimnasia y Esgrima (La Plata),Amistoso 1942,-,desconocido,Huracán,Rival,foto,sin datos,45,90,0,0
08/03/1942,Stábile,visitante,derrota,0,2,Peñarol (Uruguay),Amistoso 1942,Centenario (Montevideo),desconocido,"Huracán","Máspoli (86 Bordoli); Bermúdez y Muñiz; Vecino, Díaz y R. Rodríguez; Ortiz, Vigorito (71 Hidalgo), Pino (46 Varela), Vázquez y Regueiro (46 Camaití).",foto,GOL Vázquez (PEÑ)</br>GOL Camaití (PEÑ),45,90,0,0
15/03/1942,Stábile,local,-,-,-,Tigre,Amistoso 1942,Tomás A. Ducó,desconocido,Huracán,Rival,foto,sin datos,45,90,0,0
28/03/1942,Stábile,local,-,-,-,Atlanta,Amistoso 1942,Tomás A. Ducó,desconocido,Huracán,Rival,foto,sin datos,45,90,0,0
05/04/1942,Stábile,local,victoria,4,1,Newell's Old Boys (Rosario),1° fecha del Campeonato 1942,La Quema,Eugenio Braun,"Bruno Barrionuevo; Carlos Marinelli y Jorge Alberti; Máximo Lobatón, Manuel Giúdice y Jorge Titonell; Rubén Perdomo, Norberto Méndez, Herminio Masantonio, Emilio Baldonedo y Plácido Rodríguez.","Honores; Gilli y Sobrero; Pellegrini, Perucca y Reynoso; Gayol, Canteli, Pontoni, Morosano y Ferreyra.",foto,6 GOL Herminio Masantonio (HUR)</br>10 GOL Ángel Perucca (NOB)</br>43 GOL Norberto Méndez (HUR)</br>57 GOL Herminio Masantonio (HUR)</br>88 GOL Plácido Rodríguez (HUR)</br>89 EXP Honores (NOB)</br>89 EXP Herminio Masantonio (HUR)</br>89 LES Sobrero (NOB),45,90,0,0
18/04/1942,Stábile,visitante,derrota,1,2,San Lorenzo de Almagro,2° fecha del Campeonato 1942,Gasómetro,Leopoldo Amoroso,"Bruno Barrionuevo; Carlos Marinelli y Jorge Alberti; Máximo Lobatón, Manuel Giúdice y Jorge Titonell; Rubén Perdomo, Norberto Méndez, Alberto Crotti, Emilio Baldonedo y Plácido Rodríguez.","Heredia; González y Díaz; Ángel Zubieta, Grecco y Arnaldo; Rodríguez de Lara, Borgnia, Isidro Lángara, Rinaldo Martino y De la Mata.",foto,31 GOL Borgnia (SLA)</br>38 GOL Martino (SLA)</br>43 GOL Alberto Crotti (HUR),45,90,0,0
26/04/1942,Stábile,local,victoria,3,1,Racing Club,3° fecha del Campeonato 1942,La Quema,Juan J. Álvarez,"Bruno Barrionuevo; Carlos Marinelli y Jorge Alberti; Máximo Lobatón, Manuel Giúdice y Jorge Titonell; Rubén Perdomo, Norberto Méndez, Alberto Crotti, Emilio Baldonedo y Plácido Rodríguez.","Cuello; Salomón y J García Pérez; J García, J Díaz y Calzoni; Devizia, Monestés, Marvezy, F Díaz y E García.",foto,2 GOL Alberto Crotti (HUR)</br>39 GOL Jorge Alberti (HUR)</br>47 GOL J Díaz (RAC)</br>73 GOL Emilio Baldonedo (HUR),45,90,0,0
03/05/1942,Stábile,visitante,empate,2,2,Chacarita Juniors,4° fecha del Campeonato 1942,Chacarita,Rafael Carou,"Bruno Barrionuevo; Carlos Marinelli y Jorge Alberti; Máximo Lobatón, Manuel Giúdice y Jorge Titonell; Rubén Perdomo, Norberto Méndez, Alberto Crotti, Emilio Baldonedo y Plácido Rodríguez.","López; Angrisano y Emanuelli; Aráiz, Lago y Fazio; Reta, Lorenzo, Cassán, Riephoff y R. Rodríguez.",foto,5 GOL R Rodríguez (CHJ)</br>6 GOL Norberto Méndez (HUR)</br>14 GOL Lorenzo (CHJ)</br>74 GOL Rubén Perdomo (HUR),45,90,0,0
10/05/1942,Stábile,local,derrota,0,2,Ferro C. Oeste,5° fecha del Campeonato 1942,La Quema,José Cángaro,"Bruno Barrionuevo; Carlos Marinelli y Jorge Alberti; Carlos Martínez, Roberto Sbarra y Jorge Titonell; Rubén Perdomo, Norberto Méndez, Herminio Masantonio, Emilio Baldonedo y Plácido Rodríguez.","Sebastián Gualco; Noceda y Garavano; Morales, Corvetto y Fariña; Natino, Lijé, Delfín Benítez Cáceres, Pérez y Danza.",foto,30 GOL Lijé (FCO)</br>88 GOL Natino (FCO),45,90,0,0
17/05/1942,Stábile,visitante,victoria,2,1,Banfield,6° fecha del Campeonato 1942,Florencio Sola,Domingo Solari,"Bruno Barrionuevo; Carlos Marinelli y Jorge Alberti; Máximo Lobatón, Manuel Giúdice y Jorge Titonell; Rubén Perdomo, Norberto Méndez, Herminio Masantonio, Emilio Baldonedo y Plácido Rodríguez.","Besuzzo; Gualdoni y Fatechi; Alonso, Scavone y De Terán; Tasín, Farro, Hayes, Sanz y Silvera.",foto,33 GOL Norberto Méndez (HUR)</br>46 GOL Herminio Masantonio (HUR)</br>79 GOL Tasín (BAN),45,90,0,0
24/05/1942,Stábile,local,empate,2,2,Platense,7° fecha del Campeonato 1942,La Quema,Leopoldo Amoroso,"Bruno Barrionuevo; Carlos Marinelli y Jorge Alberti; Máximo Lobatón, Manuel Giúdice y Jorge Titonell; Rubén Perdomo, Norberto Méndez, Herminio Masantonio, Emilio Baldonedo y Plácido Rodríguez.","Cozzi; Aldabe y Trípodi; Esperón, Toledo y Wergifker; Belén, Fabrini, Luis Rongo, Alarcón y Torielli.",foto,32 GOL Alarcón (PLA)</br>66 GOL Jorge Alberti (HUR)</br>78 GOL Fabrini (PLA)</br>81 GOL Emilio Baldonedo (HUR),45,90,0,0
07/06/1942,Stábile,visitante,empate,2,2,Estudiantes (La Plata),8° fecha del Campeonato 1942,Uno (La Plata),Ubaldo Ruiz,"Bruno Barrionuevo; Carlos Marinelli y Jorge Alberti; Carlos Martínez, Victorio Adamo y Jorge Titonell; Rubén Perdomo, Norberto Méndez, Herminio Masantonio, Emilio Baldonedo y Plácido Rodríguez.","Gabriel Ogando; E. Rodríguez y Palma; Garcerón, Ongaro y Sande; Gagliardo, Juan J Negri, Gómez, Cirico y Manuel Pelegrina.",foto,22 GOL Rubén Perdomo (HUR)</br>24 GOL Gagliardo (ELP)</br>30 GOL Emilio Baldonedo (HUR)</br>66 GOL Manuel Pelegrina (ELP),45,90,0,0
14/06/1942,Stábile,local,empate,1,1,Boca Juniors,9° fecha del Campeonato 1942,La Quema,Rafael Carou,"Bruno Barrionuevo; Carlos Marinelli y Jorge Alberti; Carlos Martínez, Manuel Giúdice y Jorge Titonell; Rubén Perdomo, Norberto Méndez, Herminio Masantonio, Emilio Baldonedo y Plácido Rodríguez.","Juan A Estrada; Laidlaw y Valussi; Sosa, Ernesto Lazzatti y Zárraga; Barrios, Pío Corcuera, Laferrara, Valsecchi y Rosell.",foto,37 GOL Pío Corcuera (BJU)</br>60 GOL Manuel Giúdice (HUR)</br>88 Partido finalizado,45,90,0,0
21/06/1942,Stábile,local,empate,0,0,Tigre,10° fecha del Campeonato 1942,La Quema,Juan J. Álvarez,"Bruno Barrionuevo; Carlos Marinelli y Jorge Alberti; Carlos Martínez, Manuel Giúdice y Jorge Titonell; Rubén Perdomo, Norberto Méndez, Herminio Masantonio, Emilio Baldonedo y Plácido Rodríguez.","Giglio; Spandre y Basso; R. Martínez, Eusebio Videla y Rubio; Tosoni, Sandoval, Casagrande, Troncoso y Lazarte.",foto,43 LES Bruno Barrionuevo (HUR) -Carlos Martínez ocupa arco-,45,90,0,0
28/06/1942,Stábile,visitante,victoria,4,2,Independiente,11° fecha del Campeonato 1942,Doble Visera,Ubaldo Ruiz,"Ramón Ledesma; Carlos Marinelli y Jorge Alberti; Carlos Martínez, Roberto Sbarra y Jorge Titonell; Rubén Perdomo, Norberto Méndez, Herminio Masantonio, Emilio Baldonedo y Plácido Rodríguez.","Carlés; Sanguinetti y Antorena; Sastre, Leguizamón y Battagliero; Antonio Sastre, De la Mata, C Martínez, Di Leo y Mourín.",foto,17 GOL Herminio Masantonio (HUR)</br>22 GOL Herminio Masantonio (HUR)</br>25 GOL De la Mata (IND)</br>44 GOL De la Mata (IND)</br>62 GOL Plácido Rodríguez (HUR)</br>81 GOL Emilio Baldonedo (HUR),45,90,0,0
05/07/1942,Stábile,local,victoria,3,2,Atlanta,12° fecha del Campeonato 1942,La Quema,Domingo Solari,"Ramón Ledesma; Carlos Marinelli y Jorge Alberti; Carlos Martínez, Manuel Giúdice y Jorge Titonell; Rubén Perdomo, Norberto Méndez, Herminio Masantonio, Emilio Baldonedo y Plácido Rodríguez.","Rotman; Battaglia y Soneyro; Viana, Valle y Aguirre; Martino, Zito, Pairoux, F Rodríguez y J Martínez.",foto,1 GOL Herminio Masantonio (HUR)</br>2 GOL Emilio Baldonedo (HUR)</br>10 GOL F Rodríguez (ATL)</br>63 GOL Martino (ATL)</br>81 GOL Emilio Baldonedo (HUR),45,90,0,0
09/07/1942,Stábile,visitante,victoria,6,3,Liga de Chaco,Día de la Independencia 1942 (amistoso),(Resistencia),desconocido,Huracán,Rival,foto,sin datos,45,90,0,0
12/07/1942,Stábile,visitante,victoria,10,2,Liga de Corrientes,Día de la Independencia 1942 (amistoso),(Corrientes),desconocido,Huracán,Rival,foto,sin datos,45,90,0,0
19/07/1942,Stábile,visitante,victoria,2,0,Lanús,13° fecha del Campeonato 1942,Lanús,José Cángaro,"Bruno Barrionuevo; Carlos Marinelli y Jorge Alberti; Carlos Martínez, Manuel Giúdice y Jorge Titonell; Rubén Perdomo, Norberto Méndez, Herminio Masantonio, Emilio Baldonedo y Plácido Rodríguez.","A Rodríguez; Álvarez y Filippo; Ducca, Strembel y Roassio; Dardenne, López, Lorenzo, Reuben y Núñez.",foto,13 GOL Plácido Rodríguez (HUR)</br>85 GOL Norberto Méndez (HUR),45,90,0,0
26/07/1942,Stábile,local,empate,1,1,River Plate,14° fecha del Campeonato 1942,La Quema,Juan J. Álvarez,"Bruno Barrionuevo; Carlos Marinelli y Jorge Alberti; Carlos Martínez, Manuel Giúdice y Jorge Titonell; Rubén Perdomo, Norberto Méndez, Herminio Masantonio, Emilio Baldonedo y Delfín Unzué.","Barrios; Vaghi y Ferreyra; Yácono, Bruno Rodolfi y Ramos; Muñoz, José Moreno, Adolfo Pedernera, Ángel Labruna y Deambrosi.",foto,6 GOL Muñoz (RPL)</br>43 GOL Rubén Perdomo (HUR)</br>77 EXP Norberto Méndez (HUR)</br>77 EXP Ramos (RPL),45,90,0,0
09/08/1942,Stábile,visitante,empate,1,1,Gimnasia y Esgrima (La Plata),15° fecha del Campeonato 1942,El Bosque (La Plata),José Cángaro,"Bruno Barrionuevo; Carlos Marinelli y Jorge Alberti; Carlos Martínez, Manuel Giúdice y Jorge Titonell; Delfín Unzué, Norberto Méndez, Herminio Masantonio, Emilio Baldonedo y Plácido Rodríguez.","Muñiz; Montañes y Blanes; Tombell, Scarone y Sánchez; Larretchart, Sabio, Gómez, Cerioni y Arregui.",foto,5 GOL Emilio Baldonedo (HUR)</br>87 GOL Cerioni (GLP)</br>88 EXP Tombell (GLP),45,90,0,0
16/08/1942,Stábile,visitante,derrota,2,5,Newell's Old Boys (Rosario),16° fecha del Campeonato 1942,Parque Independencia (Rosario),Leopoldo Amoroso,"Bruno Barrionuevo; Carlos Marinelli y Jorge Alberti; Carlos Martínez, Manuel Giúdice y Jorge Titonell; Delfín Unzué, Norberto Méndez, Ramón Guerra, Emilio Baldonedo y Plácido Rodríguez.","Honores; Gilli y Sobrero; Granje, Perucca y Reynoso; Queirolo, Canteli, René Pontoni, Morosano y Sánchez.",foto,2 GOL Ramón Guerra (HUR)</br>29 GOL Canteli (NOB)</br>50 GOL Canteli (NOB)</br>73 GOL Canteli (NOB)</br>84 GOL Canteli (NOB)</br>35 GOL Plácido Rodríguez (HUR)</br>76 GOL Pontoni (NOB),45,90,0,0
23/08/1942,Stábile,local,derrota,1,3,San Lorenzo de Almagro,17° fecha del Campeonato 1942,La Quema,Juan J. Álvarez,"Bruno Barrionuevo; Adolfo Gilli y Brusatti; Carlos Martínez, Manuel Giúdice y Jorge Titonell; Delfín Unzué, Norberto Méndez, Ramón Guerra, Emilio Baldonedo y Plácido Rodríguez.","Heredia; Vanzini y Díaz; Ángel Zubieta, Grecco y Arnaldo; Rodríguez de Lara, Borgnia, Isidro Lángara, Rinaldo Martino y De la Mata.",foto,10 GOL Delfín Unzué (HUR)</br>25 GOL Rodríguez de Lara (SLA)</br>47 GOL Isidro Lángara (SLA)</br>68 GOL Ángel Zubieta (SLA),45,90,0,0
30/08/1942,Stábile,visitante,derrota,1,3,Racing Club,18° fecha del Campeonato 1942,Racing,Domingo Solari,"Bruno Barrionuevo; Adolfo Gilli y Jorge Alberti; Carlos Martínez, Manuel Giúdice y Máximo Lobatón; Delfín Unzué, Norberto Méndez, Herminio Masantonio, Emilio Baldonedo y Plácido Rodríguez.","Quatrocchi; Salomón y Anderé; J Díaz, Zava y J García; Montes, F Díaz, Monestés, Orleans y E García.",foto,19 GOL Plácido Rodríguez (HUR)</br>39 GOL F Díaz (RAC)</br>57 GOL Montes (RAC)</br>86 GOL Orleans (RAC),45,90,0,0
06/09/1942,Stábile,local,victoria,3,1,Chacarita Juniors,19° fecha del Campeonato 1942,La Quema,Francisco Ghinzo,"Bruno Barrionuevo; Carlos Marinelli y Adolfo Gilli; Juan M Bongiovanni, Roberto Sbarra y Máximo Lobatón; Delfín Unzué, Norberto Méndez, Herminio Masantonio, Emilio Baldonedo y Plácido Rodríguez.","López; Trincavelli y Emanuelli; Aráiz, Beracochea y Ligtherman; Lorenzo, Villella, Cassán, Riephoff y R. Rodríguez.",foto,11 GOL Emilio Baldonedo (HUR)</br>24 GOL Delfín Unzué (HUR)</br>72 GOL Cassán (CHJ)</br>89 GOL Delfín Unzué (HUR),45,90,0,0
13/09/1942,Stábile,visitante,empate,2,2,Ferro C. Oeste,20° fecha del Campeonato 1942,Caballito,Eugenio Braun,"Bruno Barrionuevo; Carlos Marinelli y Adolfo Gilli; Juan M Bongiovanni, Roberto Sbarra y Máximo Lobatón; Delfín Unzué, Norberto Méndez, Ramón Guerra, Emilio Baldonedo y Plácido Rodríguez.","Sebastián Gualco; Noceda y Vázquez; Morales, Corvetto y Fariña; Natino, Páez, Delfín Benítez Cáceres, Godoy y Danza.",foto,18 GOL Emilio Baldonedo (HUR)</br>52 GOL Emilio Baldonedo (HUR)</br>69 GOL Natino (FCO)</br>75 GOL Danza (FCO),45,90,0,0
20/09/1942,Stábile,local,derrota,3,4,Banfield,21° fecha del Campeonato 1942,La Quema,José Cángaro,"Bruno Barrionuevo; Carlos Marinelli y Jorge Alberti; Juan M Bongiovanni, Manuel Giúdice y Máximo Lobatón; Delfín Unzué, Norberto Méndez, Herminio Masantonio, Emilio Baldonedo y Plácido Rodríguez.","Taglioretti; Gualdoni y Fatechi; Lemmi, Puerta y Alonso; Álvarez, Farro, Alcalde, Sanz y Silvera.",foto,4 GOL Herminio Masantonio (HUR)</br>42 GOL Herminio Masantonio (HUR)</br>34 GOL Sanz (BAN)</br>38 GOL Gualdoni (BAN)</br>49 GOL Emilio Baldonedo (HUR)</br>58 GOL Alcalde (BAN)</br>81 GOL Farro (BAN),45,90,0,0
27/09/1942,Stábile,visitante,victoria,2,1,Platense,22° fecha del Campeonato 1942,Saavedra,Alfredo D'Espósito,"Bruno Barrionuevo; Carlos Marinelli y Adolfo Gilli; Juan M Bongiovanni, Manuel Giúdice y Victorio Adamo; Juan C Salvini, Norberto Méndez, Herminio Masantonio, Emilio Baldonedo y Plácido Rodríguez.","López; Aldabe y Boero; Fonda, Toledo y Aarón Wergifker; Belén, Alarcón, Carballo, Amiano y Prado.",foto,25 GOL Emilio Baldonedo (HUR)</br>39 GOL Herminio Masantonio (HUR)</br>62 GOL Alarcón (PLA),45,90,0,0
04/10/1942,Stábile,local,victoria,4,1,Estudiantes (La Plata),23° fecha del Campeonato 1942,La Quema,Francisco Ghinzo,"Bruno Barrionuevo; Carlos Marinelli y Adolfo Gilli; Victorio Adamo, Manuel Giúdice y Jorge Titonell; Juan C Salvini, Norberto Méndez, Herminio Masantonio, Emilio Baldonedo y Delfín Unzué.","Gabriel Ogando; Eguiguren y Palma; Blotto, Ongaro y Sande; Gagliardo, Juan J Negri, De Sagastizábal, Cirico y Manuel Pelegrina.",foto,27 GOL Norberto Méndez (HUR)</br>44 GOL Juan J Negri (ELP)</br>56 GOL Juan C Salvini (HUR)</br>72 GOL Delfín Unzué (HUR)</br>76 GOL Herminio Masantonio (HUR),45,90,0,0
11/10/1942,Stábile,visitante,derrota,0,3,Boca Juniors,24° fecha del Campeonato 1942,La Bombonera,Juan J. Álvarez,"Bruno Barrionuevo; Carlos Marinelli y Adolfo Gilli; Victorio Adamo, Manuel Giúdice y Jorge Titonell; Juan C Salvini, Norberto Méndez, Herminio Masantonio, Emilio Baldonedo y Delfín Unzué.","Juan A Estrada; Marante y Valussi; Díaz, Ernesto Lazzatti y Arico; Mario Boyé, Pío Corcuera, Jaime Sarlanga, Gandulla y Emeal.",foto,31 GOL Jaime Sarlanga (BJU)</br>35 GOL Pío Corcuera (BJU)</br>70 EXP Pío Corcuera (BJU)</br>70 EXP Norberto Méndez (HUR)</br>82 GOL Gandulla (BJU),45,90,0,0
18/10/1942,Stábile,visitante,empate,1,1,Tigre,25° fecha del Campeonato 1942,Victoria,Domingo Solari,"Bruno Barrionuevo; Carlos Marinelli y Adolfo Gilli; Victorio Adamo, Manuel Giúdice y Jorge Titonell; Juan C Salvini, Rogelio Barros, Herminio Masantonio, Emilio Baldonedo y Delfín Unzué.","José Monjo; Hazaña y Spandre; Kagel, Eusebio Videla y Oubiñas; Cámer, Sandoval, Rivero, Troncoso y Lazarte.",foto,1 GOL Herminio Masantonio (HUR)</br>13 GOL Troncoso (TIG),45,90,0,0
25/10/1942,Stábile,local,victoria,2,0,Independiente,26° fecha del Campeonato 1942,La Quema,Leopoldo Amoroso,"Bruno Barrionuevo; Carlos Marinelli y Adolfo Gilli; Victorio Adamo, Manuel Giúdice y Jorge Titonell; Juan C Salvini, Norberto Méndez, Herminio Masantonio, Emilio Baldonedo y Delfín Unzué.","Bello; Antorena y Coletta; Carlos Martínez, Crucci y Cocimano; Antonio Sastre, Vicente De la Mata, Coll, Walter y Paranza.",foto,5 GOL Juan C Salvini (HUR)</br>16 GOL Delfín Unzué (HUR),45,90,0,0
01/11/1942,Stábile,visitante,victoria,3,2,Atlanta,27° fecha del Campeonato 1942,Villa Crespo,Eugenio Braun,"Bruno Barrionuevo; Carlos Marinelli y Adolfo Gilli; Victorio Adamo, Manuel Giúdice y Jorge Titonell; Juan C Salvini, Norberto Méndez, Herminio Masantonio, Emilio Baldonedo y Delfín Unzué.","Carletti; Bedia y Del Felice; Valdatti, Espinosa y Aguirre; Zabaleta, Zito, Pairoux, F Rodríguez y Martino.",foto,13 GOL Aguirre (ATL)</br>34 GOL Herminio Masantonio (HUR)</br>46 GOL Emilio Baldonedo (HUR)</br>47 GOL Espinosa (ATL)</br>66 GOL Norberto Méndez (HUR),45,90,0,0
08/11/1942,Stábile,local,victoria,5,1,Lanús,28° fecha del Campeonato 1942,La Quema,Eugenio Braun,"Bruno Barrionuevo; Carlos Marinelli y Adolfo Gilli; Victorio Adamo, Manuel Giúdice y Jorge Titonell; Juan C Salvini, Norberto Méndez, Herminio Masantonio, Emilio Baldonedo y Delfín Unzué.","Rodríguez; Álvarez y Filippo; Bonastre, Farías y Padró; Fratesi, Roassio, Arrieta, Reuben y Garcés.",foto,3 GOL Herminio Masantonio (HUR)</br>23 GOL Arrieta (LAN)</br>37 GOL Emilio Baldonedo (HUR)</br>54 GOL Emilio Baldonedo (HUR)</br>82 GOL Juan C Salvini (HUR)</br>86 GOL Juan C Salvini (HUR),45,90,0,0
15/11/1942,Stábile,visitante,victoria,2,1,River Plate,29° fecha del Campeonato 1942,Monumental,Francisco Ghinzo,"Bruno Barrionuevo; Carlos Marinelli y Adolfo Gilli; Victorio Adamo, Manuel Giúdice y Jorge Titonell; Juan C Salvini, Norberto Méndez, Herminio Masantonio, Emilio Baldonedo y Delfín Unzué.","Barrios; Vaghi y Ferreyra; Yácono, Rodolfi y Ramos; Deambrosi, José Moreno, Adolfo Pedernera, Ángel Labruna y Félix Loustau.",foto,17 GOL Adolfo Pedernera (RPL)</br>25 GOL Juan C Salvini (HUR)</br>44 GOL Juan C Salvini (HUR),45,90,0,0
22/11/1942,Stábile,local,victoria,3,1,Gimnasia y Esgrima (La Plata),30° fecha del Campeonato 1942,La Quema,Eugenio Braun,"Bruno Barrionuevo; Carlos Marinelli y Adolfo Gilli; Victorio Adamo, Manuel Giúdice y Jorge Titonell; Juan C Salvini, Norberto Méndez, Herminio Masantonio, Emilio Baldonedo y Delfín Unzué.","Muñiz; Montañes y Blanes; Sánchez, Scarone y Enrique Cerioni; Gayol, Sabio, P Cerioni, Gómez y Arregui.",foto,20 GOL Norberto Méndez (HUR)</br>23 GOL Herminio Masantonio (HUR)</br>44 GOL Arregui (GLP)</br>47 GOL Herminio Masantonio (HUR),45,90,0,0
26/11/1942,Stábile,neutral,empate,0,0,Newell's Old Boys (Rosario),1° fase de Copa Escobar 1942,Gasómetro,Juan J. Álvarez,"Bruno Barrionuevo; Carlos Marinelli y Jorge Alberti; Adamo, Manuel Giúdice y Jorge Titonell; Juan C Salvini, Norberto Méndez, Herminio Masantonio, Emilio Baldonedo y Delfín Unzué.","Honores; Gilli y Sobrero; Carlucci, Ángel Perucca y Escobar; Ferreyra, Fiore, René Pontoni, Morosano y Fereyra.",foto,1° Tiempo: Huracán 0x0 Newell's</br>29 LES Gilli (NOB)</br>2° Tiempo: Huracán 0x0 Newell's</br>Córners: Huracán 4x2 Newell's,20,40,0,0
01/12/1942,Stábile,neutral,victoria,1,0,San Lorenzo de Almagro,Semifinal de Copa Escobar 1942,Monumental,Eduardo Forte,"Bruno Barrionuevo; Carlos Marinelli y Jorge Alberti; Adamo, Manuel Giúdice y Jorge Titonell; Juan C Salvini, Norberto Méndez, Ramón Guerra, Emilio Baldonedo y Delfín Unzué.","Blazina; Carignano y Díaz; Ángel Zubieta, Grecco y Colombo; Rodríguez de Lara, Borgnia, Isidro Lángara, Rinaldo Martino y De la Mata.",foto,1° Tiempo: Huracán 0x0 San Lorenzo</br>2° Tiempo: Huracán 0x0 San Lorenzo</br>Córners: 4-4 (se juega Tiempo Extra de 30 m.)</br>49 GOL Ramón Guerra (HUR),20,40,55,70
01/12/1942,Stábile,visitante,victoria,2,0,River Plate,Final de Copa Escobar 1942,Monumental,Bartolomé Macías,"Bruno Barrionuevo; Carlos Marinelli y Jorge Alberti; Adamo, Manuel Giúdice y Jorge Titonell; Juan C Salvini, Norberto Méndez, Ramón Guerra, Emilio Baldonedo y Delfín Unzué.","Sirni; Pérez y Ferreyra; Díaz, Sánchez y Ramos; Roberto D'Alessandro, Gallo, Aballay, José M Moreno y Félix Loustau.",foto,14 GOL Manuel Giúdice (HUR)</br>31 GOL Jorge Alberti (HUR),20,40,0,0
05/12/1942,Stábile,visitante,victoria,2,1,Rosario Central,Festival Ascenso 1942 (amistoso),Arroyito (Rosario),desconocido,"Bruno Barrionuevo; Carlos Marinelli y Jorge Alberti; Victorio Adamo, Manuel Giúdice y Jorge Titonell; Juan C Salvini, Norberto Méndez, Ramón Guerra, Emilio Baldonedo y Delfín Unzué.","Héctor Ricardo; Pedro Perucca y Rodolfo Dezorzi; José Casalini, Constancio Rivero y Alfredo Fogel; Bernardo Vilariño, Acevedo, Rubén Bravo, Waldino Aguirre y Ernesto Vidal.",foto,33 GOL Waldino Aguirre (RCE)</br>75 GOL Juan C Salvini (HUR)</br>83 GOL Norberto Méndez (HUR),45,90,0,0
13/12/1942,Stábile,visitante,derrota,1,2,Estudiantes (La Plata),Amistoso 1942,Uno (La Plata),desconocido,-,-,foto,sin datos,45,90,0,0
19/01/1943,Laguna,neutral,victoria,4,0,San Lorenzo de Almagro,1° fecha del Internacional Nocturno 1943 (amistoso),Chacarita,Eugenio Braun,"Bruno Barrionuevo; Carlos Marinelli y Jorge Alberti; Victorio Adamo, Manuel Giúdice y Jorge Titonell; Juan C Salvini, Norberto Méndez, Herminio Masantonio, Emilio Baldonedo y Delfín Unzué.","Heredia; Carignano y Crespi; Ángel Zubieta, Grecco y Colombo; Nicolau, Borgnia, Isidro Lángara, Rinaldo Martino y De la Mata.",foto,40 GOL Delfín Unzué (HUR)</br>70 GOL Norberto Méndez (HUR)</br>78 GOL Herminio Masantonio (HUR)</br>82 GOL Delfín Unzué (HUR),45,90,0,0
26/01/1943,Laguna,neutral,derrota,0,3,Boca Juniors,2° fecha del Internacional Nocturno 1943 (amistoso),Gasómetro,Osvaldo Cossio,"Ramón Ledesma; Carlos Marinelli y Jorge Alberti; Victorio Adamo, Manuel Giúdice y Jorge Titonell; Juan C Salvini, Norberto Méndez, Ramón Guerra, Emilio Baldonedo y Delfín Unzué.","Claudio Vacca; Laidlaw y Valussi; Sosa, Ernesto Lazzatti y Zárraga; Mario Boyé, Pío Corcuera, Jaime Sarlanga, Gandulla y Emeal.",foto,26 GOL Pío Corcuera (BJU)</br>53 GOL Emeal (BJU)</br>87 GOL Pío Corcuera (BJU),45,90,0,0
02/02/1943,Laguna,neutral,derrota,2,4,Independiente,3° fecha del Internacional Nocturno 1943 (amistoso),Gasómetro,Juan J. Álvarez,"Julio Barrios; Carlos Marinelli y Jorge Alberti; Adolfo Montes, Manuel Giúdice y Jorge Titonell; Juan C Salvini, Norberto Méndez, Herminio Masantonio, Emilio Baldonedo y Delfín Unzué.","Bello; Sanguinetti y Coletta; Carlos Martínez, Leguizamón y Battagliero; Pi, Vicente De la Mata, Arsenio Erico, Walter y Paranza.",foto,7 GOL Vicente De la Mata (IND)</br>21 GOL Vicente De la Mata (IND)</br>26 GOL Norberto Méndez (HUR)</br>31 GOL Norberto Méndez (HUR)</br>52 GOL Walter (IND)</br>54 GOL Arsenio Erico (IND),45,90,0,0
06/02/1943,Laguna,neutral,derrota,1,3,Newell's Old Boys (Rosario),4° fecha del Internacional Nocturno 1943 (amistoso),Gasómetro,Domingo Solari,"Julio Barrios; Carlos Marinelli y Jorge Alberti; Victorio Adamo, Manuel Giúdice y Jorge Titonell; Juan C Salvini, Norberto Méndez, Herminio Masantonio, Llamil Simes y Delfín Unzué.","Honores; Gilli y Sobrero; Carlucci, Perucca y Reynoso; Camer, Canteli, Pontoni, Morosano y Ferreyra.",foto,6 GOL Pontoni (NOB)</br>24 GOL Camer (NOB)</br>28 GOL Herminio Masantonio (HUR)</br>87 GOL Canteli (NOB),45,90,0,0
13/02/1943,Laguna,neutral,victoria,3,2,Racing Club,5° fecha del Internacional Nocturno 1943 (amistoso),Gasómetro,Osvaldo Cossio,"Ramón Ledesma; Carlos Marinelli y Jorge Alberti; Adolfo Montes, Manuel Giúdice y Jorge Titonell; Rubén Perdomo, Norberto Méndez, Herminio Masantonio, Llamil Simes y Delfín Unzué.","Quatrocchi; Salomón y H García; Calzoni, Quiroga y J García; Devizia, Omer, Marvezy, Orleans y E García.",foto,3 GOL Devizia (RAC)</br>28 GOL Marvezy (RAC)</br>35 GOL Delfín Unzué (HUR)</br>63 GOL Manuel Giúdice (HUR)</br>72 GOL Herminio Masantonio (HUR),45,90,0,0
20/02/1943,Laguna,neutral,derrota,2,5,Nacional (Uruguay),6° fecha del Internacional Nocturno 1943 (amistoso),Centenario (Montevideo),Juan J. Álvarez,"Ramón Ledesma; Carlos Marinelli y Jorge Alberti; Montes, Manuel Giúdice y Jorge Titonell; Rubén Perdomo, Norberto Méndez, Ramón Guerra, M Quevedo y Delfín Unzué.","Paz; Lorenzo y Arrascaeta; Viana, Galvalissi y Gambetta; Volpi, Ciocca, Atilio García, Ballesteros y Zapirain.",foto,16 GOL Ramón Guerra (HUR)</br>21 GOL Ramón Guerra (HUR)</br>26 GOL Atilio García (NAC)</br>72 GOL Gambetta (NAC)</br>83 GOL Zapirain (NAC)</br>86 GOL Atilio García (NAC)</br>89 GOL Atilio García (NAC),45,90,0,0
25/02/1943,Laguna,neutral,victoria,8,1,Peñarol (Uruguay),7° fecha del Internacional Nocturno 1943 (amistoso),Gasómetro,Aníbal Tejada (Uruguay),"Ramón Ledesma (Beraldo); Carlos Marinelli y Jorge Alberti; Montes, Manuel Giúdice y Jorge Titonell; Rubén Perdomo, Norberto Méndez, Juan C Salvini, Llamil Simes y Delfín Unzué.","Roque Máspoli; Joaquín Bermúdez y Vigliola; Luis Vecino, Washington Díaz y Raúl Rodríguez; Juan Tejera, Oscar Chirimini, José Liztherman, Obdulio Varela y Amador Regueiro.",foto,8 GOL Norberto Méndez (HUR)</br>27 GOL Juan C Salvini (HUR)</br>47 GOL Norberto Méndez (HUR)</br>50 GOL Juan C Salvini (HUR)</br>63 GOL Juan C Salvini (HUR)</br>67 GOL Norberto Méndez (HUR)</br>68 GOL Llamil Simes (HUR)</br>77 GOL Varela (PEÑ)</br>84 GOL Juan C Salvini (HUR),45,90,0,0
27/02/1943,Laguna,visitante,victoria,4,1,Liga de Bahía Blanca,Amistoso 1943,Roberto Carminatti (Bahía Blanca),Rivero,-,"López; Lavoppa y Rodríguez; González, García; Spaggiarci, Heredia, Pluis, Troncoso y Severini.",foto,GOL Spaggiarci (BBL),45,90,0,0
02/03/1943,Laguna,visitante,derrota,2,4,Liga de Bahía Blanca,Amistoso 1943,Roberto Carminatti (Bahía Blanca),Victoria,"Ramón Ledesma; Carlos Marinelli y Jorge Alberti (Adolfo Gilli); Montes, Manuel Giúdice (Victorio Adamo) y Jorge Titonell; Juan C Salvini, Norberto Méndez, Quevedo, Llamil Simes (Di Santo) y Delfín Unzué.","Baley; Luchetti y Olcesse (Rodríguez); García, Gallusi (Signorelli) y Hernández; Palacios, Attaría (Malerba), Troncoso, Libone y Sciarra.",foto,10 GOL Quevedo (HUR)</br>33 GOL Attaría (BBL)</br>38 GOL Libbone (BBL)</br>58 GOL Llamil Simes (HUR)</br>73 GOL Palacios (BBL)</br>77 GOL Palacios (BBL),45,90,0,0
18/04/1943,Stábile,visitante,derrota,1,2,River Plate,1° fecha del Campeonato 1943,Monumental,Juan J. Álvarez,"Bruno Barrionuevo; Carlos Marinelli y Jorge Alberti; Juan C Salvini, Manuel Giúdice y Jorge Titonell; Rubén Perdomo, Norberto Méndez, Herminio Masantonio, Emilio Baldonedo y Delfín Unzué.","Sirni; Vaghi y Ferreyra; Yácono, Rodolfi y Ramos; Muñoz, José Moreno, Adolfo Pedernera, Ángel Labruna y Deambrosi.",foto,30 GOL Ángel Labruna (RPL)</br>40 GOL Manuel Giúdice (HUR)</br>63 GOL Ángel Labruna (RPL),45,90,0,0
25/04/1943,Stábile,local,victoria,3,2,Estudiantes (La Plata),2° fecha del Campeonato 1943,Caballito,Eugenio Braun,"Bruno Barrionuevo; Carlos Marinelli y Jorge Alberti; Juan C Salvini, Manuel Giúdice y Jorge Titonell; Rubén Perdomo, Norberto Méndez, Ramón Guerra, Llamil Simes y Delfín Unzué.","Gabriel Ogando; Rodríguez y Palma; Villa, Ongaro y Sande; Gagliardo, Juan J Negri, Meza, De Sagastizábal y Manuel Pelegrina.",foto,32 GOL Llamil Simes (HUR)</br>40 GOL Ramón Guerra (HUR)</br>58 GOL Juan J Negri (ELP)</br>75 GOL Ramón Guerra (HUR)</br>85 GOL Gagliardo (ELP),45,90,0,0
02/05/1943,Stábile,visitante,victoria,2,1,Banfield,3° fecha del Campeonato 1943,Florencio Sola,Juan J. Molinari,"Bruno Barrionuevo; Carlos Marinelli y Jorge Alberti; Juan C Salvini, Manuel Giúdice y Jorge Titonell; Rubén Perdomo, Norberto Méndez, Ramón Guerra, Llamil Simes y Delfín Unzué.","Soriano; Fatechi y Mendoza; Guzmán, Scavone y De Terán; Laporta, Caffaratti, Aballay, Farro y Silvera.",foto,8 GOL Aballay (BAN)</br>9 GOL Ramón Guerra (HUR)</br>89 GOL Ramón Guerra (HUR),45,90,0,0
09/05/1943,Stábile,visitante,derrota,2,6,Independiente,4° fecha del Campeonato 1943,Doble Visera,Leopoldo Amoroso,"Bruno Barrionuevo; Carlos Marinelli y Jorge Alberti; Juan C Salvini, Manuel Giúdice y Jorge Titonell; Rubén Perdomo, Norberto Méndez, Ramón Guerra, Llamil Simes y Delfín Unzué.","Bello; Sanguinetti y Coletta; C Martínez, Crucci y Battagliero; Maril, Vicente De la Mata, Arsenio Erico, Walter y Paranza.",foto,1 GOL Arsenio Erico (IND)</br>11 GOL Delfín Unzué (HUR)</br>12 GOL Walter (IND)</br>23 GOL Paranza (IND)</br>51 GOL Paranza (IND)</br>57 GOL Ramón Guerra (HUR)</br>68 GOL Vicente De la Mata (IND)</br>71 GOL Vicente De la Mata (IND),45,90,0,0
16/05/1943,Casanovas,local,empate,1,1,Newell's Old Boys (Rosario),5° fecha del Campeonato 1943,Caballito,Domingo Solari,"Bruno Barrionuevo; Carlos Marinelli y Jorge Alberti; Carlos Martínez, Manuel Giúdice y Jorge Titonell; Delfín Unzué, Norberto Méndez, Ramón Guerra, Llamil Simes y Plácido Rodríguez.","Honores; Gilli y Sobrero; Carlucci, Perucca y Reynoso; Cámer, Canteli, Pontoni, Morosano y Ferreyra.",foto,70 GOL Delfín Unzué (HUR)</br>87 GOL Canteli (NOB),45,90,0,0
23/05/1943,Casanovas,visitante,empate,2,2,Atlanta,6° fecha del Campeonato 1943,Villa Crespo,Humberto Dottori,"Bruno Barrionuevo; Carlos Marinelli y Jorge Alberti; Carlos Martínez, Manuel Giúdice y Jorge Titonell; Delfín Unzué, Llamil Simes, Ramón Guerra, Emilio Baldonedo y Plácido Rodríguez.","Carletti; Cruz y Bedia; Bertarelli, Espinosa y Aguirre; Turello, Sbaffi, Pairoux, F Rodríguez y Martino.",foto,28 GOL Ramón Guerra (HUR)</br>32 GOL Espinosa (ATL)</br>65 GOL Cruz (HUR) -en contra-</br>89 GOL Turello (ATL),45,90,0,0
30/05/1943,Casanovas,local,victoria,3,1,Boca Juniors,7° fecha del Campeonato 1943,Gasómetro,Juan J. Molinari,"Bruno Barrionuevo; Carlos Marinelli y Jorge Alberti; Carlos Martínez, Manuel Giúdice y Jorge Titonell; Rubén Perdomo, Llamil Simes, Juan C Salvini, Emilio Baldonedo y Delfín Unzué.","Claudio Vacca; Marante y Laidlaw; Sosa, Ernesto Lazzatti y Zárraga; Marcial Barrios, Varela, Jaime Sarlanga, Gandulla y Rosell.",foto,12 GOL Juan C Salvini (HUR)</br>31 GOL Rubén Perdomo (HUR)</br>58 GOL Delfín Unzué (HUR)</br>82 GOL Rosell (BJU),45,90,0,0
06/06/1943,Casanovas,visitante,derrota,0,1,Platense,8° fecha del Campeonato 1943,Saavedra,Domingo Solari,"Bruno Barrionuevo; Carlos Marinelli y Jorge Alberti; Carlos Martínez, Manuel Giúdice y Jorge Titonell; Rubén Perdomo, Llamil Simes, Juan C Salvini, Emilio Baldonedo y Delfín Unzué.","López; Piano y Boero; Fonda, Toledo y Aarón Wergifker; Belén, Sandoval, Frutos, Prado y Torielli.",foto,20 GOL Frutos (PLA),45,90,0,0
11/06/1943,Casanovas,local,victoria,3,1,Lanús,9° fecha del Campeonato 1943,Caballito,Juan J. Molinari,"Bruno Barrionuevo; Carlos Marinelli y Jorge Alberti; Oscar Corso, Manuel Giúdice y Jorge Titonell; Rubén Perdomo, Norberto Méndez, Juan C Salvini, Emilio Baldonedo y Plácido Rodríguez.","A Rodríguez; Álvarez y Filippo; Carreras, Strembel y Ducca; Contreras, Ledesma, Arrieta, Reynoso y Garcés.",foto,9 GOL Emilio Baldonedo (HUR)</br>14 GOL Reynoso (LAN)</br>50 GOL Plácido Rodríguez (HUR)</br>86 GOL Juan C Salvini (HUR),45,90,0,0
20/06/1943,Casanovas,visitante,victoria,4,0,Gimnasia y Esgrima (La Plata),10° fecha del Campeonato 1943,El Bosque (La Plata),José Cángaro,"Bruno Barrionuevo; Carlos Marinelli y Jorge Alberti; Carlos Martínez, Manuel Giúdice y Jorge Titonell; Juan C Salvini, Norberto Méndez, Ramón Guerra, Emilio Baldonedo y Delfín Unzué.","Muñiz; Carboni y Fregossi; Sánchez, Scarone y E Cerioni; Larretchart, Gordillo, P Cerioni, Ceballos y Arregui.",foto,15 GOL Ramón Guerra (HUR)</br>32 GOL Ramón Guerra (HUR)</br>47 GOL Norberto Méndez (HUR)</br>55 GOL Juan C Salvini (HUR),45,90,0,0
27/06/1943,Casanovas,local,victoria,4,1,Ferro C. Oeste,11° fecha del Campeonato 1943,Gasómetro,Leopoldo Amoroso,"Bruno Barrionuevo; Carlos Marinelli y Jorge Alberti; Carlos Martínez, Manuel Giúdice y Jorge Titonell; Juan C Salvini, Norberto Méndez, Ramón Guerra, Emilio Baldonedo y Delfín Unzué.","Sebastián Gualco; Noceda y Garavano; Vázquez, Corvetto y Fariña; Natino, Páez, Pícaro, Lijé y Rodríguez.",foto,35 GOL Lijé (FCO)</br>37 GOL Norberto Méndez (HUR)</br>65 EXP Juan C Salvini (HUR)</br>65 EXP Lijé (FCO)</br>68 GOL Norberto Méndez (HUR)</br>85 GOL Ramón Guerra (HUR)</br>89 GOL Ramón Guerra (HUR),45,90,0,0
04/07/1943,Casanovas,visitante,empate,1,1,Racing Club,12° fecha del Campeonato 1943,Racing,Francisco Ghinzo,"Bruno Barrionuevo; Carlos Marinelli y Jorge Alberti; Carlos Martínez, Manuel Giúdice y Jorge Titonell; Delfín Unzué, Norberto Méndez, Ramón Guerra, Emilio Baldonedo y Plácido Rodríguez.","Sergio Livingstone; Salomón y J García Pérez; Román, Zava y J García; Montes, Zito, A García, Díaz y Sued.",foto,39 GOL Delfín Unzué (HUR)</br>41 GOL A García (RAC)</br>53 LES Delfín Unzué (HUR),45,90,0,0
09/07/1943,Casanovas,visitante,victoria,9,4,Juventud Antoniana (Salta),Día de la Independencia 1943 (amistoso),(Salta),desconocido,Huracán,Rival,foto,sin datos,45,90,0,0
11/07/1943,Casanovas,visitante,victoria,8,1,Liga de Jujuy,Día de la Independencia 1943 (amistoso),(Jujuy),desconocido,Huracán,Rival,foto,sin datos,45,90,0,0
01/08/1943,Casanovas,local,derrota,0,1,Rosario Central,13° fecha del Campeonato 1943,Caballito,José Cángaro,"Bruno Barrionuevo; Carlos Marinelli y Jorge Alberti; Carlos Martínez, Manuel Giúdice y Jorge Titonell; Rubén Perdomo, Norberto Méndez, Herminio Masantonio, Emilio Baldonedo y Delfín Unzué.","Ricardo; Yebra y Dezorzi; Casalini, Rivero y Santiago; Vilariño, Funes, Bravo, Antúnez y Vidal.",foto,53 GOL Funes (RCE),45,90,0,0
08/08/1943,Casanovas,visitante,derrota,0,1,Chacarita Juniors,14° fecha del Campeonato 1943,Chacarita,Eugenio Braun,"Bruno Barrionuevo; Carlos Marinelli y Jorge Alberti; Carlos Martínez, Manuel Giúdice y Jorge Titonell; Delfín Unzué, Juan J Novo, Herminio Masantonio, Emilio Baldonedo y Plácido Rodríguez.","López; Spinelli y Emanuelli; Zanola, Blomberg y Fazio; Lorenzo, Barreiro, Cabral, Adán y Regueiro.",foto,64 GOL Adán (CHJ),45,90,0,0
15/08/1943,Casanovas,local,empate,1,1,San Lorenzo de Almagro,15° fecha del Campeonato 1943,Caballito,Domingo Solari,"Bruno Barrionuevo; Carlos Marinelli y Jorge Alberti; Carlos Martínez, Manuel Giúdice y Jorge Titonell; Juan C Salvini, Llamil Simes, Ramón Guerra, Emilio Baldonedo y Delfín Unzué.","L Heredia; Vanzini y Díaz; D'Addario, Grecco y Arnaldo; J Heredia, Alarcón, Fernández, Martino y De la Mata.",foto,23 GOL De la Mata (SLA)</br>68 GOL Emilio Baldonedo (HUR),45,90,0,0
22/08/1943,Casanovas,local,derrota,0,3,River Plate,16° fecha del Campeonato 1943,Gasómetro,Leopoldo Amoroso,"Bruno Barrionuevo; Carlos Marinelli y Jorge Alberti; Carlos Martínez, Manuel Giúdice y Jorge Titonell; Juan C Salvini, Llamil Simes, Ramón Guerra, Emilio Baldonedo y Delfín Unzué.","Lettieri; Vaghi y Ferreyra; Yácono, Rodolfi y Ramos; Deambrosi, Quevedo, Adolfo Pedernera, Ángel Labruna y Félix Loustau.",foto,4 GOL Ángel Labruna (RPL)</br>8 GOL Ángel Labruna (RPL)</br>19 GOL Adolfo Pedernera (RPL),45,90,0,0
29/08/1943,Laguna,visitante,derrota,0,1,Estudiantes (La Plata),17° fecha del Campeonato 1943,Uno (La Plata),Higinio Vázquez,"Bruno Barrionuevo; Carlos Marinelli y Jorge Alberti; Roberto Sbarra, Manuel Giúdice y Jorge Titonell; Delfín Unzué, Llamil Simes, Juan C Salvini, Emilio Baldonedo y Plácido Rodríguez.","Gabriel Ogando; E. Rodríguez y Eguiguren; Garcerón, Villa y Sande; Garro, Juan J Negri, De Sagastizábal, Cirico y Manuel Pelegrina.",foto,35 GOL De Sagastizabal (ELP),45,90,0,0
05/09/1943,Laguna,local,victoria,4,2,Banfield,18° fecha del Campeonato 1943,Caballito,Domingo Solari,"Bruno Barrionuevo; Carlos Marinelli y Jorge Alberti; Roberto Sbarra, Manuel Giúdice y Jorge Titonell; Rubén Perdomo, Ramón Guerra, Alberto Crotti, Emilio Baldonedo y Plácido Rodríguez.","Soriano; Mendoza y De Sanctis; Guzmán, Scavone y De Terán; Laporta, Caffaratti, Farro, Aballay y Silvera.",foto,10 GOL Silvera (BAN)</br>18 GOL Alberto Crotti (HUR)</br>25 GOL Alberto Crotti (HUR)</br>32 GOL Plácido Rodríguez (HUR)</br>46 GOL Emilio Baldonedo (HUR)</br>77 EXP Roberto Sbarra (HUR)</br>89 GOL Aballay (BAN),45,90,0,0
19/09/1943,Laguna,local,victoria,3,2,Independiente,19° fecha del Campeonato 1943,Caballito,Ricardo Riestra,"Bruno Barrionuevo; Carlos Marinelli y Jorge Alberti; Roberto Sbarra, Manuel Giúdice y Jorge Titonell; Rubén Perdomo, Ramón Guerra, Alberto Crotti, Emilio Baldonedo y Plácido Rodríguez.","Bello; Barraza y Sanguinetti; Antonio Sastre, Leguizamón y Battagliero; Maril, Vicente De la Mata, Arsenio Erico, Walter y Olivero.",foto,2 GOL Alberto Crotti (HUR)</br>13 GOL Walter (IND)</br>16 GOL Arsenio Erico (IND)</br>23 GOL Jorge Alberti (HUR)</br>26 GOL Plácido Rodríguez (HUR),45,90,0,0
26/09/1943,Laguna,visitante,victoria,1,0,Newell's Old Boys (Rosario),20° fecha del Campeonato 1943,Parque Independencia (Rosario),Osvaldo Cossio,"Bruno Barrionuevo; Carlos Marinelli y Jorge Alberti; Oscar Corso, Manuel Giúdice y Jorge Titonell; Rubén Perdomo, Ramón Guerra, Alberto Crotti, Emilio Baldonedo y Plácido Rodríguez.","Azzurro; Gilli y Sobrero; Carlucci, Nieres y Reynoso; Cámer, Canteli, Pontoni, Morosano y Ferreyra.",foto,73 GOL Alberto Crotti (HUR),45,90,0,0
03/10/1943,Laguna,local,derrota,1,2,Atlanta,21° fecha del Campeonato 1943,Caballito,Eugenio Braun,"Lentini; Carlos Marinelli y Jorge Alberti; Oscar Corso, Roberto Sbarra y Jorge Titonell; Juan C Salvini, Ramón Guerra, Alberto Crotti, Emilio Baldonedo y Plácido Rodríguez.","Carletti; Cruz y Bedia; Bertarelli, Espinosa y Aguirre; Turello, Sbaffi, Pairoux, F Rodríguez y Martino.",foto,19 GOL Pairoux (ATL)</br>30 GOL F Rodríguez (ATL)</br>83 GOL Alberto Crotti (HUR),45,90,0,0
10/10/1943,Laguna,visitante,derrota,0,3,Boca Juniors,22° fecha del Campeonato 1943,La Bombonera,Domingo Solari,"Bruno Barrionuevo; Carlos Marinelli y Jorge Alberti; Oscar Corso, Manuel Giúdice y Jorge Titonell; Juan C Salvini, Ramón Guerra, Alberto Crotti, Emilio Baldonedo y Plácido Rodríguez.","Claudio Vacca; Marante y Valussi; Sosa, Lazzatti y Pescia; Mario Boyé, Pío Corcuera, Jaime Sarlanga, Gandulla y Sánchez.",foto,34 GOL Gandulla (BJU)</br>64 GOL Pío Corcuera (NJU)</br>84 GOL Jaime Sarlanga (BJU),45,90,0,0
12/10/1943,Laguna,neutral,victoria,4,1,Banfield,1° fase de Copa República 1943,Racing,Atilio Bruzzone,"Bruno Barrionuevo; Adolfo Gilli y Jorge Alberti; Oscar Corso, Manuel Giúdice y Jorge Titonell; Juan C Salvini, Norberto Méndez, Ramón Guerra, Llamil Simes y Delfín Unzué.","Ramón Ledesma; Manuel Collar y Aníbal Mendoza; Roberto Dagna, Dante Lemmi y Teodoro Cordasco; Tomás González, José Walter, Alejandro Tasín, Roberto Aballay y Luis Fernández.",foto,23 GOL Tomás González (BAN) -asistencia de Tasín-</br>29 GOL Juan C Salvini (HUR) -entró al área tras asistencia de Norberto Méndez (HUR)-</br>55 GOL Ramón Guerra (HUR) -asistencia de Norberto Méndez (HUR)-</br>75 GOL Llamil Simes (HUR) -toque corto tras rebote del arquero-</br>88 GOL Norberto Méndez -remate cruzado tras asistencia de Ramón Guerra (HUR)-,45,90,0,0
17/10/1943,Laguna,local,victoria,3,2,Platense,23° fecha del Campeonato 1943,Caballito,Juan J. Álvarez,"Bruno Barrionuevo; Carlos Marinelli y Jorge Alberti; Oscar Corso, Manuel Giúdice y Jorge Titonell; Rubén Perdomo, Ramón Guerra, Juan C Salvini, Emilio Baldonedo y Delfín Unzué.","López; Piano y Boero; Fonda, Toledo y Aarón Wergifker; Belén, Prado, Frutos, Valsecchi y Torielli.",foto,1 GOL Jorge Alberti (HUR)</br>8 GOL Juan C Salvini (HUR)</br>32 GOL Torielli (PLA)</br>62 GOL Valsecchi (PLA)</br>71 GOL Juan C Salvini (HUR),45,90,0,0
24/10/1943,Laguna,visitante,victoria,1,0,Lanús,24° fecha del Campeonato 1943,Lanús,Francisco Ghinzo,"Bruno Barrionuevo; Carlos Marinelli y Jorge Alberti; Oscar Corso, Manuel Giúdice y Jorge Titonell; Rubén Perdomo, Norberto Méndez, Juan C Salvini, Llamil Simes y Plácido Rodríguez.","A Rodríguez; Álvarez y Filippo; Carreras, Strembel y Ducca; Contreras, Gómez, Arrieta, Casagrande y Rosendo.",foto,90 GOL Rubén Perdomo (HUR),45,90,0,0
31/10/1943,Laguna,local,victoria,5,2,Gimnasia y Esgrima (La Plata),25° fecha del Campeonato 1943,Caballito,Eugenio Braun,"Bruno Barrionuevo; Carlos Marinelli y Jorge Alberti; Oscar Corso, Manuel Giúdice y Jorge Titonell; Rubén Perdomo, Norberto Méndez, Juan C Salvini, Llamil Simes y Plácido Rodríguez.","Muñiz; Montañes y Blanes; Tombell, Carboni y Cerioni; Larretchart, Gordillo, Gayol, R. Rodríguez y Gayol.",foto,30 GOL Rubén Perdomo (HUR)</br>36 GOL R Rodríguez (GLP)</br>43 GOL Juan C Salvini (HUR)</br>70 GOL Juan C Salvini (HUR)</br>83 GOL Carlos Marinelli (HUR)</br>85 GOL R Rodríguez (GLP)</br>89 GOL Llamil Simes (HUR),45,90,0,0
07/11/1943,Laguna,visitante,victoria,4,2,Ferro C. Oeste,26° fecha del Campeonato 1943,Caballito,Domingo Solari,"Bruno Barrionuevo; Carlos Marinelli y Jorge Alberti; Oscar Corso, Manuel Giúdice y Jorge Titonell; Rubén Perdomo, Norberto Méndez, Juan C Salvini, Llamil Simes y Plácido Rodríguez.","Sebastián Gualco; Noceda y Garavano; Pont, Corvetto y Vázquez; Lijé, Páez, Delfín Benítez Cáceres, Pérez y Danza.",foto,44 GOL Corvetto (FCO)</br>50 GOL Danza (FCO)</br>62 GOL Jorge Alberti (HUR)</br>66 GOL Norberto Méndez (HUR)</br>75 GOL Rubén Perdomo (HUR)</br>88 GOL Rubén Perdomo (HUR),45,90,0,0
11/11/1943,Laguna,neutral,victoria,5,1,Platense,2° fase de Copa República 1943,Gasómetro,Eugenio Braun,"Bruno Barrionuevo; Carlos Marinelli y Jorge Alberti; Oscar Corso, Roberto Sbarra y Jorge Titonell; Rubén Perdomo, Norberto Méndez, Juan C Salvini, Llamil Simes y Plaácido Rodríguez.","Miguel López; Carlos Aldabe y José Piano; Juan C Fonda, Norberto Toledo y Aarón Wergifker; Alberto Belén, Eliseo Prado, Raúl Frutos, Roque Vasechi y Roberto Torielli.",foto,14 GOL Raúl Frutos (PLA) -cabeceó centro de Belén-</br>15 GOL Norberto Méndez (HUR) -cabezazo tras centro asistencia de Plácido Rodríguez (HUR)-</br>23 GOL Plácido Rodríguez (HUR) -remate esquinado-</br>43 GOL Juan C Salvini (HUR) -asistencia de Norberto Méndez (HUR) de cabeza-</br>49 GOL Norberto Méndez (HUR) -remate tras eludir al defensa-</br>75 GOL Jorge Alberti (HUR) -penal-,45,90,0,0
14/11/1943,Laguna,local,derrota,2,3,Racing Club,27° fecha del Campeonato 1943,Caballito,Juan J. Álvarez,"Bruno Barrionuevo; Carlos Marinelli y Jorge Alberti; Oscar Corso, Roberto Sbarra y Jorge Titonell; Rubén Perdomo, Norberto Méndez, Ramón Guerra, Emilio Baldonedo y Plácido Rodríguez.","Sergio Livingstone; Salomón y García Pérez; Monestés, Quiroga y García; Devizia, Díaz, Roberto D'Alessandro, Orleans y Sued.",foto,32 GOL Plácido Rodríguez (HUR)</br>74 GOL Orleans (RAC)</br>78 GOL Emilio Baldonedo (HUR)</br>81 GOL Roberto D'Alessandro (RAC)</br>87 GOL Díaz (RAC),45,90,0,0
21/11/1943,Laguna,visitante,derrota,0,4,Rosario Central,28° fecha del Campeonato 1943,Arroyito (Rosario),Eugenio Braun,"Bruno Barrionuevo; Carlos Marinelli y Jorge Alberti; Oscar Corso, Manuel Giúdice y Jorge Titonell; Rubén Perdomo, Norberto Méndez, Juan C Salvini, Emilio Baldonedo y Plácido Rodríguez.","Ricardo; Yebra y Dezorzi; Casalini, Rivero y Fogel; Tissera, De Cicco, Bravo, Giménez y Vidal.",foto,40 GOL Tissera (RCE)</br>77 GOL Tissera (RCE)</br>69 GOL Bravo (RCE)</br>80 GOL Vidal (RCE),45,90,0,0
28/11/1943,Laguna,local,empate,1,1,Chacarita Juniors,29° fecha del Campeonato 1943,Caballito,Jacobo Belachercovsky,"Bruno Barrionuevo; Adolfo Gilli y Jorge Alberti; Oscar Corso, Isaac Fernández y Jorge Titonell; Rubén Perdomo, Norberto Méndez, Juan C Salvini, Llamil Simes y Plácido Rodríguez.","López; Araguez y Emanuelli; Fazio, Blomberg y León; Lorenzo, Barreiro, Cabral, Dorado y Bruno.",foto,62 GOL Juan C Salvini (HUR)</br>70 GOL Dorado (CHJ)</br>85 EXP Jorge Titonell (HUR)</br>85 EXP Lorenzo (CHJ),45,90,0,0
05/12/1943,Laguna,visitante,derrota,0,2,San Lorenzo de Almagro,30° fecha del Campeonato 1943,Gasómetro,Francisco Ghinzo,"Bruno Barrionuevo; Adolfo Gilli y Jorge Alberti; Oscar Corso, Roberto Sbarra y Jorge Titonell; Rubén Perdomo, Norberto Méndez, Juan C Salvini, Llamil Simes y Plácido Rodríguez.","Blazina; Vanzini y Crespi; Ángel Zubieta, D'Addario y Colombo; Rodríguez de Lara, Borgnia, Etchepare, Martino y De la Mata.",foto,17 GOL Etchepare (SLA)</br>75 GOL Rinaldo Martino (SLA),45,90,0,0
08/12/1943,Laguna,visitante,victoria,1,0,River Plate,1° fase de Copa Escobar 1943,Monumental,José Cángaro,"Bruno Barrionuevo; Carlos Marinelli y Jorge Alberti; Oscar Corso, Roberto Sbarra y Jorge Titonell; Rubén Perdomo, Norberto Méndez, Juan C Salvini, Llamil Simes y Delfín Unzué.","Lettieri; Vaghi y Basso; Yácono, Bruno Rodolfi y Ramos; Muñoz, Gallo, Martínez, Ángel Labruna y Félix Loustau.",foto,1° Tiempo: River 0x0 Huracán</br>24 GOL Norberto Méndez (HUR),20,40,0,0
11/12/1943,Laguna,neutral,empate,0,0,Independiente,Semifinal de Copa Escobar 1943,Gasómetro,Jacobo Belachercovsky,"Bruno Barrionuevo; Carlos Marinelli y Jorge Alberti; Oscar Corso, Roberto Sbarra y Jorge Titonell; Rubén Perdomo, Norberto Méndez, Juan C Salvini, Llamil Simes y Delfín Unzué.","Thadeu; Barraza y Sanguinetti; Antonio Sastre, Leguizamón y Cocimano; Cervino, Vicente De la Mata, Arsenio Erico, Walter y Mourín.",foto,1° Tiempo: Huracán 0x0 Independiente</br>2° Tiempo: Huracán 0x0 Independiente</br>Córners: Huracán 3-3 Independiente (Sorteo: Huracán),20,40,0,0
11/12/1943,Laguna,neutral,empate,0,0,Platense,Final de Copa Escobar 1943,Gasómetro,Osvaldo Cossio,"Bruno Barrionuevo; Carlos Marinelli y Jorge Alberti; Oscar Corso, Roberto Sbarra y Jorge Titonell; Per-domo, Norberto Méndez, Juan C Salvini, Llamil Simes y Delfín Unzué.","Cozzi; Aldabe y Boero; Fonda, Toledo y Aarón Wergifker; Salvado, Sandoval, Frutos, Prado y Torielli.",foto,1° Tiempo: Huracán 0x0 Platense</br>2° Tiempo: Huracán 0x0 Platense</br>Córners: Huracán 4-1 Platense,20,40,0,0
14/12/1943,Laguna,neutral,victoria,7,0,Regional (Chaco),4to de final de Copa República 1943,Gasómetro,Jacobo Belachercovsky,"Bruno Barrionuevo; Carlos Marinelli y Jorge Alberti; Oscar Corso, Roberto Sbarra y Jorge Titonell; Rubén Perdomo, Norberto Méndez, Juan C Salvini, Llamil Simes y Delfín Unzué.","Ricardo Wildange; Carlos Bravo y Florentino Díaz; José López, Alejandro Cabrera y Rodolfo Moreno; Osvaldo Villamayor, Antonio Brignole, Emilio Espinoza, Honorio Romero y Bernardino Esquivel.",foto,5 GOL Delfín Unzué (HUR) -tras rebote en el palo-</br>16 GOL Norberto Méndez (HUR)</br>22 GOL Llamil Simes -centro asistencia de Delfín Unzué (HUR)-</br>32 GOL Llamil Simes (HUR) -pared asistencia de Delfín Unzué (HUR)-</br>42 GOL Norberto Méndez (HUR) -tiro cruzado-</br>47 LES Jorge Alberti (HUR)</br>73 GOL Norberto Méndez (HUR) -remate corto tras asistencia de Delfín Unzué (HUR)-</br>74 LES Juan C Salvini (HUR)</br>77 GOL Roberto Sbarra (HUR)-sorprendió desde 35 m-</br>81 LES Norberto Méndez (HUR),45,90,0,0
16/12/1943,Laguna,neutral,empate,2,2,San Lorenzo de Almagro,Semifinal de Copa República 1943,Chacarita Juniors,Osvaldo Cossio,"Bruno Barrionuevo; Carlos Marinelli y Antonio Álvarez; Oscar Corso, Roberto Sbarra y Jorge Titonell; Rubén Perdomo, Norberto Méndez, Juan C Salvini, Llamil Simes y Delfín Unzué.","Mierko Blazina; José Vanzini y Eduardo Crespi; Ángel Zubieta, Ernesto González y Bartolomé Colombo; Héctor Tablada, Alfredo Borgnia, Tomás Etchepare, Rinaldo Martino y Luis Mariani.",foto,17 GOL Juan C Salvini (HUR) -bajo y cruzado tras asistencia de Norberto Méndez (HUR)-</br>39 GOL Juan C Salvini (HUR) -penal-</br>53 Tomás Etchepare (SLO) -cabezazo tras asistencia de Rinaldo Martino (SLO) de cabeza-</br>63 Héctor Tablada (SLO) -tiro alto tras asistencia de Luis Mariani (SLO)-</br>2° Tiempo: Huracán 2x2 San Lorenzo</br>95 LES Juan C Salvini (HUR)</br>96 El Municipio suspende el partido por superar horario de espectáculos,45,90,6,0
19/12/1943,Laguna,neutral,derrota,1,2,San Lorenzo de Almagro,Semifinal de Copa República 1943,Chacarita Juniors,Eduardo Forte,"Bruno Barrionuevo; Carlos Marinelli y Adolfo Gilli; Oscar Corso, Roberto Sbarra y Jorge Titonell; Rubén Perdomo, Norberto Méndez, Ramón Guerra, Llamil Simes y Delfín Unzué.","Luis Heredia; Ángel Zubieta y Eduardo Crespi; Isidro D'Addario, Juan J Gosende y Bartolomé Colombo; Héctor Tablada, Alfredo Borgnia, Tomás Etchepare, Rinaldo Martino y Luis Mariani.",foto,42 GOL Ramón Guerra (HUR) -corrió y tiró cruzado tras asistencia de Roberto Sbarra (HUR)-</br>51 GOL Rinaldo Martino (SLO) -penal-</br>57 PEN Norberto Méndez (HUR) -atajó Luis Heredia (SLO)-</br>77 GOL Rinaldo Martino (SLO) -fuerte y bajo-,45,90,0,0
22/01/1944,Laguna,neutral,empate,2,2,Peñarol (Uruguay),1° fecha del Internacional Nocturno 1944 (amistoso),Centenario (Montevideo),Eduardo Forte,"Bruno Barrionuevo; Carlos Marinelli y Adolfo Gilli; Oscar Corso, Roberto Sbarra y Jorge Titonell; Rubén Perdomo, Norberto Méndez, Juan C Salvini, Llamil Simes y Plácido Rodríguez.","Roque Máspoli; Prado y Bermúdez; Vecino, Durán y Oubiñas; Gelpi, Vásquez, Díaz, Riephoff y Borges.",foto,7 GOL Gelpi (PEÑ)</br>26 GOL Plácido Rodríguez (HUR)</br>36 GOL Juan C Salvini (HUR)</br>67 GOL Díaz (PEÑ),45,90,0,0
26/01/1944,Laguna,neutral,empate,3,3,River Plate,2° fecha del Internacional Nocturno 1944 (amistoso),Gasómetro,José Cángaro,"Bruno Barrionuevo; Carlos Marinelli y Adolfo Gilli; Oscar Corso, Roberto Sbarra y Jorge Titonell; Delfín Unzué, Norberto Méndez, Juan C Salvini, Emilio Baldonedo y Plácido Rodríguez.","Lettieri; Vaghi y Chiarini; Yácono, Bruno Rodolfi y Ramos; Deambrosi, Gallo, Roberto D'Alessandro, Ángel Labruna y Félix Loustau.",foto,12 GOL Roberto D'Alessandro (RPL)</br>54 GOL Roberto D'Alessandro (RPL)</br>42 GOL Juan C Salvini (HUR)</br>58 GOL Ángel Labruna (RPL)</br>78 GOL Juan C Salvini (HUR)</br>80 GOL Plácido Rodríguez (HUR),45,90,0,0
31/01/1944,Laguna,visitante,victoria,5,3,Temperley Talleres,Terremoto de San Juan 1944 (amistoso),-,desconocido,Huracán,Rival,foto,sin datos,45,90,0,0
05/02/1944,Laguna,neutral,derrota,3,4,San Lorenzo de Almagro,3° fecha del Internacional Nocturno 1944 (amistoso),Chacarita,José Podestá,"Bruno Barrionuevo; Carlos Marinelli y Jorge Alberti; Oscar Corso, Roberto Sbarra y Jorge Titonell; Delfín Unzué, Norberto Méndez, Juan C Salvini, Llamil Simes, Plácido Rodríguez.","Heredia; Vanzini y González; Arnaldo, Greco y Colombo; De la Mata, Borgnia, Etchepare, Mariani y Enrico.",foto,13 GOL Enrico (SLA)</br>37 GOL Juan C Salvini (HUR)</br>41 GOL Mariani (SLA)</br>43 GOL Jorge Alberti -penal- (HUR)</br>62 GOL Enrico (SLA)</br>77 GOL Llamil Simes (HUR)</br>80 GOL Etchepare (SLA),45,90,0,0
10/02/1944,Laguna,neutral,victoria,2,1,Nacional (Uruguay),4° fecha del Internacional Nocturno 1944 (amistoso),Gasómetro,Genaro Cirilo (Uruguay),"Bruno Barrionuevo; Carlos Marinelli y Jorge Alberti; Oscar Corso, Roberto Sbarra y Jorge Titonell; Norberto Méndez, Juan C Salvini, Ramón Guerra, Llamil Simes y Plácido Rodríguez.","Paz; Pini y Arrascaeta; Viana, Galvalissi y Gambetta; Castro, Ciocca, García, Porta y Zapirain.",foto,26 GOL Juan C Salvini (HUR)</br>52 GOL Llamil Simes (HUR)</br>63 GOL Ciocca (NAC),45,90,0,0
09/04/1944,Laguna,neutral,victoria,2,1,Vélez Sarsfield,1° rueda de Copa Competencia 1944,La Bombonera,Francisco Ghinzo,"Bruno Barrionuevo; Gilli y Jorge Alberti; Oscar Corso, Manuel Giúdice y Banchero; Juan C Salvini, Norberto Méndez, Atilio Mellone, Emilio Baldonedo y Plácido  Rodríguez.","Rugilo; Curutchet y Angrisano; Cuenya, Coccellato y Ovide; Heisecke, Di Bella, Ferraro, Bermúdez y Bottini.",foto,1° Tiempo: Huracán 0x0 Vélez</br>74 GOL Norberto Méndez (HUR)</br>82 GOL Heisecke (VEL)</br>84 GOL Emilio Baldonedo (HUR),45,90,0,0
16/04/1944,Laguna,local,victoria,5,1,San Lorenzo de Almagro,1° fecha del campeonato 1944,Caballito,Leopoldo Amoroso,"Bruno Barrionuevo; Adolfo Gilli y Jorge Alberti; Oscar Corso, Manuel Giúdice y Rubén Banchero; Juan C Salvini, Norberto Méndez, Atilio Mellone, Emilio Baldonedo y Plácido Rodríguez.","Muñiz; Vanzini y Crespi; Ángel Zubieta, Grecco y Colombo; De la Mata, Borgnia, Rinaldo Martino, Mariani y Enrico.",foto,9 GOL De la Mata (SLO)</br>10 GOL Juan C Salvini (HUR)</br>35 GOL Emilio Baldonedo (HUR)</br>58 GOL Rubén Banchero (HUR)</br>74 EXP Vanzini (SLO)</br>75 GOL Juan C Salvini (HUR)</br>89 GOL Juan C Salvini (HUR),45,90,0,0
23/04/1944,Laguna,visitante,derrota,3,5,River Plate,2° fecha del campeonato 1944,Monumental,Francisco Ghinzo,"Bruno Barrionuevo; Adolfo Gilli y Jorge Alberti; Oscar Corso, Manuel Giúdice y Rubén Banchero; Juan C Salvini, Norberto Méndez, Atilio Mellone, Emilio Baldonedo y Plácido Rodríguez.","Díaz; Kelly y Bermúdez; Yácono, Bruno Rodolfi y Ramos; Muñoz, Gallo, Adolfo Pedernera, Ángel Labruna y Félix Loustau.",foto,21 GOL Ángel Labruna (RPL)</br>28 GOL Norberto Méndez (HUR)</br>32 GOL Ángel Labruna (RPL)</br>41 GOL Atilio Mellone (HUR)</br>59 GOL Ángel Labruna (RPL)</br>50 GOL Adolfo Pedernera (RPL)</br>74 GOL Manuel Giúdice (HUR)</br>78 GOL Gallo (RPL),45,90,0,0
30/04/1944,Laguna,local,victoria,6,3,Banfield,3° fecha del Campeonato 1944,Caballito,Luis Pincirolli,"Bruno Barrionuevo; Adolfo Gilli y Enrique Brusatti; Oscar Corso, Manuel Giúdice y Rubén Banchero; Juan C Salvini, Norberto Méndez, Atilio Mellone, Llamil Simes y Plácido Rodríguez.","Ledesma; Trincavelli y De Sanctis; Puerta, Lemmi y Guzmán; Laporta, Álvarez, Farro, Alcalde y Silvera.",foto,10 GOL Farro (BAN)</br>32 GOL Plácido Rodríguez (HUR)</br>40 GOL Silvera (BAN)</br>44 GOL Llamil Simes (HUR)</br>57 GOL Manuel Giúdice (HUR)</br>59 GOL Norberto Méndez (HUR)</br>65 GOL Silvera (BAN)</br>88 GOL Atilio Mellone (HUR)</br>89 GOL Atilio Mellone (HUR),45,90,0,0
07/05/1944,Laguna,visitante,derrota,1,5,Newell's Old Boys (Rosario),4° fecha del campeonato 1944,Parque Independencia (Rosario),Domingo Solari,"Bruno Barrionuevo; Adolfo Gilli y Orlando Espeche; Rubén Banchero, Manuel Giúdice y Jorge Titonell; Juan C Salvini, Norberto Méndez, Atilio Mellone, Llamil Simes y Plácido Rodríguez.","López; N Gilli y Herrera; Carlucci, Perucca y Lizardo; Cámer, Fiore, René Pontoni, Cirico y Ferreyra.",foto,3 GOL Cirico (NOB)</br>7 GOL Fiore (NOB)</br>47 GOL Cirico (NOB)</br>69 GOL René Pontoni (NOB)</br>79 GOL Cirico (NOB)</br>87 GOL Juan C Salvini (HUR),45,90,0,0
14/05/1944,Laguna,local,derrota,3,4,Independiente,5° fecha del Campeonato 1944,Caballito,Juan J. Álvarez,"Bruno Barrionuevo; Adolfo Gilli y Orlando Espeche; Roberto Sbarra, Manuel Giúdice y Jorge Titonell; Juan C Salvini, Norberto Méndez, Atilio Mellone, Llamil Simes y Plácido Rodríguez.","Bello; Barraza y Sanguinetti; Sastre, Crucci y Battagliero; Maril, De la Mata, Arsenio Erico, Pairoux y Paranza.",foto,23 GOL De la Mata (IND)</br>37 GOL Pairoux (IND)</br>40 GOL Arsenio Erico (IND)</br>43 GOL Maril (IND)</br>59 GOL Juan C Salvini (HUR)</br>83 GOL Atilio Mellone (HUR)</br>88 GOL Plácido Rodríguez (HUR),45,90,0,0
21/05/1944,Laguna,local,victoria,5,2,Lanús,6° fecha del Campeonato 1944,Caballito,Valentín Rey,"Bruno Barrionuevo; Carlos Marinelli y Jorge Alberti; Roberto Sbarra, Manuel Giúdice y Jorge Titonell; Juan C Salvini, Norberto Méndez, Atilio Mellone, Llamil Simes y Plácido Rodríguez.","A Rodríguez; Salazar y Filippo; Díaz, Strembel y Ducca; Contreras, Ledesma, Arrieta, Orleans y Rosendo.",foto,1 GOL Juan C Salvini (HUR)</br>8 GOL Juan C Salvini (HUR)</br>47 GOL Salazar (HUR) -en contra-</br>55 GOL Atilio Mellone (HUR)</br>78 GOL Atilio Mellone (HUR)</br>75 GOL Arrieta (LAN)</br>85 GOL Ledesma (LAN),45,90,0,0
25/05/1944,Laguna,neutral,victoria,4,3,San Lorenzo de Almagro,1° rueda de Copa Competencia 1944,Chacarita Juniors,José Cángaro,"Bruno Barrionuevo; Carlos Marinelli y Jorge Alberti; Roberto Sbarra, Manuel Giúdice y Jorge Titonell; Juan C Salvini, Norberto Méndez, Crotti, Llamil Simes y Plácido Rodríguez.","Blazina; Ángel Zubieta y Crespi; D'Addario, Grecco y Colombo; Heredia, Alarcón, Fizel, Rinaldo Martino y Enrico.",foto,33 GOL Enrico (SLO)</br>36 GOL Plácido Rodríguez (HUR)</br>39 GOL Llamil Simes (HUR)</br>45 GOL Norberto Méndez (HUR)</br>1° Tiempo: Huracán 3x1 San Lorenzo</br>60 GOL Heredia (SLO)</br>74 GOL Alarcón (SLO)</br>76 EXP Roberto Ibarra (HUR)</br>85 GOL Crotti (HUR),45,90,0,0
28/05/1944,Laguna,visitante,derrota,1,2,Atlanta,7° fecha del Campeonato 1944,Villa Crespo,Leopoldo Amoroso,"Bruno Barrionuevo; Carlos Marinelli y Jorge Alberti; Roberto Sbarra, Manuel Giúdice y Jorge Titonell; Juan C Salvini, Norberto Méndez, Crotti, Llamil Simes y Plácido Rodríguez.","Carletti; Cruz y Bedia; Bertarelli, Espinosa y Aguirre; Turello, Zito, Agnolín, F Rodríguez y Rosell.",foto,12 GOL Manuel Giúdice (HUR)</br>22 EXP Bertarelli (ATL)</br>22 EXP Plácido Rodríguez (HUR)</br>25 GOL F Rodríguez (ATL)</br>74 GOL Rosell (ATL),45,90,0,0
04/06/1944,Laguna,local,empate,0,0,Estudiantes (La Plata),8° fecha del Campeonato 1944,Caballito,Francisco Ghinzo,"Bruno Barrionuevo; Carlos Marinelli y Jorge Alberti; Roberto Sbarra, Manuel Giúdice y Jorge Titonell; Juan C Salvini, Norberto Méndez, Atilio Mellone, Llamil Simes y Delfín Unzué.","Ogando; Eguiguren y Rodríguez; Villa, Ongaro y Sande; Martín, Barza, Gutiérrez, Negri y Manuel Pelegrina.",foto,1° Tiempo: Huracán 0x0 Estudiantes,45,90,0,0
11/06/1944,Laguna,visitante,derrota,2,5,Boca Juniors,9° fecha del Campeonato 1944,Bombonera,José Cángaro,"Bruno Barrionuevo; Carlos Marinelli y Jorge Alberti; Roberto Sbarra, Manuel Giúdice y Jorge Titonell; Juan C Salvini, Norberto Méndez, Atilio Mellone, Llamil Simes y Delfín Unzué.","Claudio Vacca; Marante y Valussi; Sosa, Lazzatti y Natalio Pescia; Mario Boyé, Rodríguez, Pío Corcuera, Valsecchi y Sánchez.",foto,16 GOL Pío Corcuera (BJU)</br>22 GOL Atilio Mellone (HUR)</br>31 LES Lazzatti (BJU)</br>44 GOL Mario Boyé (BJU)</br>58 GOL Mario Boyé (BJU)</br>56 GOL Plácido Rodríguez (HUR)</br>59 GOL Valsecchi (BJU)</br>88 GOL Norberto Méndez (HUR),45,90,0,0
18/06/1944,Laguna,local,empate,5,5,Platense,10° fecha del Campeonato 1944,Caballito,Juan J. Álvarez,"Bruno Barrionuevo; Pedro Castillo y Jorge Alberti; Oscar Corso, Manuel Giúdice y Jorge Titonell; Juan C Salvini, Norberto Méndez, Atilio Mellone, Emilio Baldonedo y Plácido Rodríguez.","Cozzi; Piano y Boero; Fonda, Toledo y Aarón Wergifker; Belén, Sandoval, Frutos, Ricagni y Torielli.",foto,1 GOL Atilio Mellone (HUR)</br>5 GOL Juan C Salvini (HUR)</br>21 GOL Frutos (PLA)</br>23 GOL Atilio Mellone (HUR)</br>35 GOL Frutos (PLA)</br>47 GOL Eduardo Ricagni (PLA)</br>53 GOL Emilio Baldonedo (HUR)</br>61 GOL Atilio Mellone (HUR)</br>78 GOL Belén (PLA)</br>80 GOL Eduardo Ricagni (PLA),45,90,0,0
25/06/1944,Laguna,visitante,empate,2,2,Rosario Central,11° fecha del Campeonato 1944,Arroyito (Rosario),Francisco Ghinzo,"Bruno Barrionuevo; Carlos Marinelli y Jorge Alberti; Oscar Corso, Manuel Giúdice y Jorge Titonell; Juan C Salvini, Norberto Méndez, Atilio Mellone, Emilio Baldonedo y Plácido Rodríguez.","Ricardo; Yebra y Dezorzi; Casalini, Rivero y Fogel; Vilariño, De Cicco, Bravo, Santos y Marracino.",foto,8 GOL Emilio Baldonedo (HUR)</br>10 GOL Marracino (RCE)</br>25 GOL Emilio Baldonedo (HUR)</br>47 GOL De Cicco (RCE),45,90,0,0
29/06/1944,Laguna,neutral,victoria,4,1,Newell's Old Boys (Rosario),Semifinal de Copa Competencia 1944,Gasómetro,José Cángaro,"Bruno Barrionuevo; Carlos Marinelli y Jorge Alberti; Oscar Corso, Manuel Giúdice y Jorge Titonell; Juan C Salvini, Norberto Méndez, Atilio Mellone, Emilio Baldonedo y Plácido Rodríguez.","López; Gilli y Sobrero; Bustos, Perucca y Lizardo; Pesarini, Fiore, René Pontoni, Cirico y Ferreyra.",foto,17 GOL Norberto Méndez (HUR)</br>43 GOL Emilio Baldonedo (HUR)</br>1° Tiempo: Huracán 2x0 Newell's</br>76 GOL Norberto Méndez (HUR)</br>81 GOL Ferreyra (NOB)</br>88 GOL Atilio Mellone (HUR)</br>89 EXP Plácido Rodríguez (HUR)</br>89 EXP Gilli (SLO),45,90,0,0
02/07/1944,Laguna,local,victoria,4,0,Racing Club,12° fecha del Campeonato 1944,Caballito,Leopoldo Amoroso,"Bruno Barrionuevo; Carlos Marinelli y Jorge Alberti; Oscar Corso, Manuel Giúdice y Jorge Titonell; Juan C Salvini, Norberto Méndez, Atilio Mellone, Emilio Baldonedo y Plácido Rodríguez.","Graneros; José Salomón y Juan M Filgueiras; Monestés, Fracuelli y J García; Reyes, Barreiro, Roberto D'Alessandro, Díaz y E García.",foto,12 GOL Atilio Mellone (HUR)</br>37 GOL Norberto Méndez (HUR)</br>69 GOL Juan C Salvini (HUR)</br>77 GOL Juan C Salvini (HUR),45,90,0,0
08/07/1944,Laguna,visitante,empate,1,1,Atl. Rafaela,Día de la Independencia 1944 (Amistoso),Monumental (Rafaela),Carlos Nai Foino,"Bruno Barrionuevo; Pedro Castillo y Jorge Alberti; Oscar Corso, Manuel Giúdice y Jorge Titonell; Juan C Salvini, Norberto Méndez, Guerra, Emilio Baldonedo y Plácido Rodríguez.","Polenta; Monutti y Barbero; Inardi, Segovia y Apenel; Magnarelli, Pérez, Vimo, Tiraboschi y Journade.",foto,60 GOL Emilio Baldonedo (HUR)</br>80 GOL Tiraboschi (RAF),45,90,0,0
09/07/1944,Laguna,visitante,victoria,3,0,9 de Julio (Rafaela),Día de la Independencia 1944 (amistoso),9 de Julio (Rafaela),Carlos Nai Foino,"Bruno Barrionuevo; Pedro Castillo y Jorge Alberti; Oscar Corso, Roberto Sbarra y Jorge Titonell; Juan C Salvini, Norberto Méndez, Atilio Mellone, Emilio Baldonedo y Delfín Unzué.","Ocampo; Moroni y Fernández; Godoy, Ldesma y Borini; Viscardi, Romero, C Borini, Mansilla y J Moroni.",foto,15 GOL Emilio Baldonedo (HUR)</br>50 GOL Atilio Mellone (HUR)</br>65 GOL Atilio Mellone (HUR),45,90,0,0
16/07/1944,Laguna,visitante,victoria,1,0,Ferro C. Oeste,13° fecha del campeonato 1944,Caballito,Rafael Carou,"Bruno Barrionuevo; Carlos Marinelli y Jorge Alberti; Oscar Corso, Manuel Giúdice y Jorge Titonell; Juan C Salvini, Norberto Méndez, Atilio Mellone, Emilio Baldonedo y Plácido Rodríguez.","Sebastián Gualco; Noceda y Garavano; Pont, Corvetto y Vázquez; Lazcano, Delfín Benítez Cáceres, Latorre, Bernardo Gandulla y Emeal.",foto,1 GOL Norberto Méndez (HUR),45,90,0,0
23/07/1944,Laguna,local,victoria,4,1,Chacarita Juniors,14° fecha del Campeonato 1944,Caballito,José Berdasco,"Bruno Barrionuevo; Carlos Marinelli y Jorge Alberti; Oscar Corso, Manuel Giúdice y Jorge Titonell; Juan C Salvini, Norberto Méndez, Atilio Mellone, Emilio Baldonedo y Plácido Rodríguez.","Fontana; Araguez y Emanuelli; Fazio, Díaz y Ligtherman; Sierro, Caserio, Lanchini, Franco y Bruno.",foto,15 GOL Jorge Alberti (HUR)</br>22 GOL Lanchini (CHJ)</br>47 GOL Atilio Mellone (HUR)</br>52 GOL Norberto Méndez (HUR)</br>81 GOL Emilio Baldonedo (HUR),45,90,0,0
30/07/1944,Laguna,visitante,victoria,3,1,Vélez Sarsfield,15° fecha del Campeonato 1944,Liniers,Osvaldo Cossio,"Bruno Barrionuevo; Carlos Marinelli y Jorge Alberti; Oscar Corso, Manuel Giúdice y Jorge Titonell; Juan C Salvini, Norberto Méndez, Atilio Mellone, Emilio Baldonedo y Plácido Rodríguez.","Rotman; Curutchet y Costa; Cuenya, Coccellato y Ovide; Heisecke, Scliar, Ferraro, Bermúdez y Fernández.",foto,26 GOL Atilio Mellone (HUR)</br>54 GOL Atilio Mellone (HUR)</br>55 EXP Costa (VEL)</br>80 GOL Ferraro (VEL)</br>88 GOL Jorge Alberti (HUR),45,90,0,0
06/08/1944,Laguna,visitante,empate,2,2,San Lorenzo de Almagro,16° fecha del campeonato 1944,Gasómetro,Valentín Rey,"Bruno Barrionuevo; Carlos Marinelli y Jorge Alberti; Oscar Corso, Manuel Giúdice y Jorge Titonell; Juan C Salvini, Norberto Méndez, Atilio Mellone, Emilio Baldonedo y Delfín Unzué.","Muñiz; Zubieta y Crespi; D'Addario, Grecco y Colombo; Heredia, Alarcón, Fizel, Martino y De la Mata.",foto,10 GOL Alarcón (SLO)</br>18 GOL Alarcón (SLO)</br>29 GOL Atilio Mellone (HUR)</br>31 GOL Emilio Baldonedo (HUR)</br>41 EXP Grecco (SLO)</br>41 EXP Norberto Méndez (HUR)</br>43 EXP Rinaldo Martino (SLO)</br>43 EXP Oscar Corso (HUR),45,90,0,0
13/08/1944,Laguna,local,victoria,4,1,River Plate,17° fecha del Campeonato 1944,Caballito,Jacobo Belachercovsky,"Bruno Barrionuevo; Carlos Marinelli y Jorge Alberti; Roberto Sbarra, Manuel Giúdice y Jorge Titonell; Juan C Salvini, Norberto Méndez, Atilio Mellone, Emilio Baldonedo y Delfín Unzué.","Soriano; Vaghi y Bermúdez; Yácono, Eusebio Videla y Ramos; Muñoz, Gallo, Adolfo Pedernera, Ángel Labruna y Félix Loustau.",foto,4 GOL Atilio Mellone (HUR)</br>25 EXP Delfín Unzué (HUR)</br>25 EXP Eusebio Videla (RPL)</br>60 GOL Norberto Méndez (HUR)</br>71 GOL Gallo (RPL)</br>80 GOL Juan C Salvini (HUR)</br>90 GOL Atilio Mellone (HUR),45,90,0,0
20/08/1944,Laguna,visitante,victoria,3,1,Banfield,18° fecha del campeonato 1944,Florencio Sola,Jacobo Belachercovsky,"Bruno Barrionuevo; Carlos Marinelli y Jorge Alberti; Roberto Sbarra, Manuel Giúdice y Jorge Titonell; Juan C Salvini, Norberto Méndez, Atilio Mellone, Emilio Baldonedo y Delfín Unzué.","Ledesma; Trincavelli y Gualdoni; Puerta, Lemmi y Sánchez; Lemos, Lourido, Walter, Farro y Silvera.",foto,2 GOL Emilio Baldoendo (HUR)</br>12 GOL Walter (BAN)</br>65 GOL Atilio Mellone (HUR)</br>72 GOL Delfín Unzué (HUR),45,90,0,0
27/08/1944,Cuesta Silva,local,victoria,5,3,Newell's Old Boys (Rosario),19° fecha del Campeonato 1944,Caballito,Leopoldo Garay,"Bruno Barrionuevo; Carlos Marinelli y Jorge Alberti; Oscar Corso, Manuel Giúdice y Jorge Titonell; Juan C Salvini, Norberto Méndez, Atilio Mellone, Emilio Baldonedo y Delfín Unzué.","López; Gilli y Sobrero; Nieres, Perucca y Bustos; Cámer, Fiore, Micci, Cirico y Ferreyra.",foto,11 GOL Cirico (NOB)</br>18 GOL Perucca (NOB)</br>21 GOL Bustos (HUR) -en contra-</br>23 GOL Atilio Mellone (HUR)</br>47 GOL Micci (NOB)</br>58 GOL Atilio Mellone (HUR)</br>67 GOL Jorge Alberti (HUR)</br>70 GOL Delfín Unzué (HUR),45,90,0,0
03/09/1944,Cuesta Silva,visitante,victoria,2,0,Independiente,20° fecha del Campeonato 1944,Doble Visera,Leopoldo Garay,"Bruno Barrionuevo; Carlos Marinelli y Jorge Alberti; Oscar Corso, Manuel Giúdice y Jorge Titonell; Juan C Salvini, Norberto Méndez, Atilio Mellone, Emilio Baldonedo y Delfín Unzué.","Cammarata; Crucci y Arrigó; Sastre, Leguizamón y Álvarez; Cervino, De la Mata, Arsenio Erico, Walter y Mourín.",foto,24 GOL Atilio Mellone (HUR)</br>86 GOL Norberto Méndez (HUR),45,90,0,0
10/09/1944,Cuesta Silva,visitante,victoria,3,2,Lanús,21° fecha del Campeonato 1944,Lanús,Gallegos,"Bruno Barrionuevo; Carlos Marinelli y Jorge Alberti; Oscar Corso, Manuel Giúdice y Jorge Titonell; Juan C Salvini, Norberto Méndez, Atilio Mellone, Emilio Baldonedo y Delfín Unzué.","Rodríguez; Álvarez y Filippo; Díaz, Strembel y Ducca; Orleans, Arrieta, Romay, Reynoso y Rosendo.",foto,21 GOL Norberto Méndez (HUR)</br>27 GOL Atilio Mellone (HUR)</br>40 GOL Reynoso (LAN)</br>81 GOL Rosendo (LAN)</br>88 GOL Atilio Mellone (HUR),45,90,0,0
17/09/1944,Cuesta Silva,local,empate,2,2,Atlanta,22° fecha del Campeonato 1944,Caballito,José Berdasco,"Bruno Barrionuevo; Carlos Marinelli y Jorge Alberti; Oscar Corso, Manuel Giúdice y Jorge Titonell; Juan C Salvini, Norberto Méndez, Atilio Mellone, Emilio Baldonedo y Delfín Unzué.","Carletti; Cruz y Bedia; Bertarelli, Espinosa y Aguirre; Turello, Zito, Agnolín, Rodríguez y Rosell.",foto,19 GOL Emilio Baldonedo (HUR)</br>56 GOL Agnolín (ATL)</br>71 GOL Atilio Mellone (HUR)</br>86 GOL Agnolín (ATL),45,90,0,0
24/09/1944,Cuesta Silva,visitante,derrota,1,3,Estudiantes (La Plata),23° fecha del Campeonato 1944,Uno (La Plata),Valentín Rey,"Bruno Barrionuevo; Carlos Marinelli y Jorge Alberti; Oscar Corso, Manuel Giúdice y Jorge Titonell; Juan C Salvini, Norberto Méndez, Atilio Mellone, Emilio Baldonedo y Delfín Unzué.","Ogando; Rodríguez y Palma; Blotto, Villa y Garcerón; Gagliardo, Negri, Ricardo Infante, Gutiérrez y Manuel Pelegrina.",foto,21 GOL Gagliardo (ELP)</br>35 GOL Emilio Baldonedo (HUR)</br>46 GOL Ricardo Infante (ELP)</br>70 GOL Manuel Pelegrina (ELP),45,90,0,0
08/10/1944,Cuesta Silva,local,derrota,2,4,Boca Juniors,24° fecha del Campeonato 1944,Caballito,Casís,"Bruno Barrionuevo; Carlos Marinelli y Jorge Alberti; Oscar Corso, Manuel Giúdice y Jorge Titonell; Juan C Salvini, Norberto Méndez, Atilio Mellone, Emilio Baldonedo y Plácido Rodríguez.","Claudio Vacca; Marante y Valussi; Sosa, Natalio Pescia y Vilanoba; Mario Boyé, Corcuera, Jaime Sarlanga, Varela y Sánchez.",foto,8 GOL Juan C Salvini (HUR)</br>18 GOL Mario Boyé (BJU)</br>24 GOL Atilio Mellone (HUR)</br>69 GOL Sánchez (BJU)</br>84 GOL Mario Boyé (BJU)</br>87 GOL Mario Boyé (BJU)</br>88 EXP Jorge Titonell (HUR)</br>88 EXP Sosa (BJU)</br>89 EXP Atilio Mellone (HUR)</br>89 Partido suspendido,45,89,0,0
12/10/1944,Cuesta Silva,visitante,derrota,1,2,Libertad (Paraguay),Amistoso 1944,Sajonia (Asunción),Hein,"Bruno Barrionuevo; Adolfo Gilli y Orlando Espeche; Oscar Corso, Roberto Sbarra y Jorge Titonell; Juan C Salvini, Cándido González, Atilio Mellone, Emilio Baldonedo y Plácido Rodríguez.","Ramos; Invernizzi y Casco; Gavilán, Meaurio y Fernández; Salinas, Esquivel, Espíndola, Rolón y Benítez.",foto,GOL Juan C Salvini (HUR)</br>35 GOL Espíndola (LIB)</br>GOL Rolón (LIB),45,90,0,0
15/10/1944,Cuesta Silva,visitante,derrota,2,3,Cerro Porteño (Paraguay),Amistoso 1944,Sajonia (Asunción),Ferreira,"Antonio Lentini; Adolfo Gilli y Jorge Alberti; Oscar Corso, Roberto Sbarra y Jorge Titonell; Juan C Salvini, Norberto Méndez, Atilio Mellone, Emilio Baldonedo y Plácido Rodríguez.","García; Gamarra y Silverio Rivas; Ramírez, Durand y Benegas; Fernández, Santiago Rivas, Sosa, Bobadilla y Severo Rivas.",foto,25 GOL Emilio Baldonedo (HUR)</br>27 GOL Norberto Méndez (HUR)</br>70 GOL Durand (CPO)</br>71 GOL Sosa (CPO)</br>84 GOL Santiago Rivas (CPO),45,90,0,0
22/10/1944,Cuesta Silva,visitante,derrota,1,3,Platense,25° fecha del Campeonato 1944,Saavedra,Domingo Solari,"Antonio Lentini; Carlos Marinelli y Jorge Alberti; Horacio Redondo, Roberto Sbarra y Oscar Corso; Juan C Salvini, Norberto Méndez, Alfredo Runzer, Emilio Baldonedo y Plácido Rodríguez.","Cozzi; Piano e Iglesias; Fonda, Toledo y Aarón Wergifker; Belén, Canteli, Luis Rongo, Prado y Dorado.",foto,60 GOL Alfredo Runzer (HUR)</br>70 GOL Prado (PLA)</br>80 GOL Prado (PLA)</br>87 GOL Luis Rongo (PLA),45,90,0,0
29/10/1944,Cuesta Silva,local,victoria,4,1,Rosario Central,26° fecha del Campeonato 1944,Caballito,Valentín Rey,"Antonio Lentini; Carlos Marinelli y Jorge Alberti; Roberto Sbarra, Manuel Giúdice y Oscar Corso; Juan C Salvini, Norberto Méndez, Atilio Mellone, Emilio Baldonedo y Plácido Rodríguez.","Ricardo; Yebra y Dezorzi; Casalini, Rivero y Fogel; De Cicco, Olivares, Bravo, Aguirre y Marracino.",foto,4 GOL Emilio Baldonedo (HUR)</br>27 GOL Emilio Baldonedo (HUR)</br>29 GOL Emilio Baldonedo (HUR)</br>37 GOL Plácido Rodríguez (HUR)</br>78 GOL Marracino (RCE),45,90,0,0
05/11/1944,Cuesta Silva,visitante,derrota,0,1,Racing Club,27° fecha del Campeonato 1944,Monumental,Osvaldo Cossio,"Antonio Lentini; Carlos Marinelli y Jorge Alberti; Oscar Corso, Manuel Giúdice y Jorge Titonell; Juan C Salvini, Norberto Méndez, Atilio Mellone, Emilio Baldonedo y Plácido Rodríguez.","Milone; José Salomón y Juan M Filgueiras; Monestés, Fracuelli y García; Reyes, Barreiro, Roberto D'Alessandro, Díaz y Sued.",foto,46 GOL Díaz (RAC),45,90,0,0
12/11/1944,Cuesta Silva,local,derrota,1,3,Ferro C. Oeste,28° fecha del Campeonato 1944,Gasómetro,Osvaldo Cossio,"Antonio Lentini; Carlos Marinelli y Jorge Alberti; Oscar Corso, Manuel Giúdice y Jorge Titonell; Juan C Salvini, Norberto Méndez, Atilio Mellone, Emilio Baldonedo y Plácido Rodríguez.","Rizzo; Noceda y Garavano; Pont, Corvetto y Cocimano; Lazcano, Páez, Latorre, Gandulla y Emeal.",foto,59 GOL Gandulla (FCO)</br>61 GOL Emilio Baldonedo (HUR)</br>76 GOL Lazcano (FCO)</br>78 GOL Pont (FCO),45,90,0,0
22/11/1944,Cuesta Silva,visitante,derrota,3,6,Chacarita Juniors,29° fecha del Campeonato 1944,Chacarita Juniors,Francisco Ghinzo,"Antonio Lentini; Carlos Marinelli y Jorge Alberti; Oscar Corso, Manuel Giúdice y Jorge Titonell; Delfín Unzué, Norberto Méndez, Atilio Mellone, Emilio Baldonedo y Plácido Rodríguez.","López; Araguez y Emanuelli; Fazio, Díaz y Ligtherman; Sierro, Lanchini, Cassán, Lorenzo y Busico.",foto,4 GOL Díaz (CHJ)</br>18 GOL Ligtherman (CHJ)</br>25 GOL Atilio Mellone (HUR)</br>27 GOL Cassán (CHJ)</br>39 GOL Atilio Mellone (HUR)</br>42 GOL Cassán (CHJ)</br>43 GOL Lanchini (CHJ)</br>47 GOL Carlos Marinelli (CHJ) -en contra-</br>76 GOL Emilio Baldonedo (HUR),45,90,0,0
26/11/1944,Cuesta Silva,local,derrota,2,4,Vélez Sarsfield,30° fecha del Campeonato 1944,Gasómetro,Valentín Rey,"Edgardo Quiroga; Pedro Castillo y Orlando Espeche; Roberto Sbarra, Manuel Giúdice y Rubén Banchero; Julio Rosales, Norberto Méndez, Atilio Mellone, Llamil Simes y Plácido Rodríguez.","Marcello; Curutchet y Angrisano; Cuenya, Coccellato y Ovide; Heisecke, Bottini, Ferraro, Scliar y Fernández.",foto,20 GOL Fernández (VEL)</br>46 GOL Atilio Mellone (HUR)</br>65 GOL Heisecke (VEL)</br>69 GOL Bottini (VEL)</br>70 GOL Cuenya (HUR) -en contra-</br>90 Bottini (VEL),45,90,0,0
30/11/1944,Pérez,neutral,victoria,2,1,Racing Club,1° fase de Copa Escobar 1944,Gasómetro,Jiménez,"E Quiroga; Gilli y Espeche; Redondo, Manuel Giúdice y Roberto Sbarra; Rosales, Norberto Méndez, Crotti, Llamil Simes y Plácido Rodríguez.","Milone; José Salomón y Juan M Filgueiras; Monestés, M Quiroga y Boero; Reyes, Barreiro, Iuzzolino, Díaz y Ezra Sued.",foto,5 GOL Llamil Simes (HUR)</br>11 GOL Iuzzolino (RAC)</br>1° Tiempo: Huracán 1x1 Racing</br>37 GOL Norberto Méndez (HUR),20,40,0,0
02/12/1944,Pérez,neutral,derrota,1,2,Estudiantes (La Plata),Semifinal de Copa Escobar 1944,Gasómetro,Francisco Ghinzo,"Quiroga; Gilli y Espeche; Redondo, Roberto Sbarra y Taboada; Rosales, Norberto Méndez, Atilio Mellone, Llamil Simes y Plácido Rodríguez.","Ogando; E Rodríguez y Palma; Villa, Ongaro y Garcerón; Martín, Negri, Ricardo Infante, De Sagastizábal y Manuel Pelegrina.",foto,13 GOL Negri (ELP)</br>14 GOL Plácido Rodríguez (HUR)</br>1° Tiempo: Huracán 1x1 Estudiantes</br>19 GOL Ricardo Infante (ELP),20,40,0,0
09/12/1944,Pérez,neutral,victoria,4,2,Boca Juniors,Final de Copa Competencia 1944,Gasómetro,Bartolomé Macías,"Bruno Barrionuevo; Gilli y Espeche; Redondo, Manuel Giúdice y Roberto Sbarra; Rosales, Norberto Méndez, Atilio Mellone, Llamil Simes y Plácido Rodríguez.","Claudio Vacca; Marante y Valussi; Sosa, Lazzatti y Pescia; Emilio Boyé, Pío Corcuera, Jaime Sarlanga, Varela y Lijé.",foto,5 GOL Norberto Méndez (HUR)</br>34 GOL Atilio Mellone (HUR)</br>1° Tiempo: Huracán 2x0 Boca Juniors</br>47 LES Se retira Marante (BJU)</br>51 GOL Llamil Simes (HUR)</br>56 EXP Natalio Pescia (BJU)</br>62 GOL Mario Boyé (BJU)</br>71 GOL Llamil Simes (HUR)</br>67 GOL Jaime Sarlanga (BJU)</br>88 EXP Roberto Sbarra (HUR)</br>88 EXP Mario Boyé (BJU),45,90,0,0
17/12/1944,Pérez,neutral,derrota,1,2,Sarmiento (Chaco),4to de final de Copa República 1944,Chaco For Ever (Resistencia),Higinio Vázquez,"Bruno Barrionuevo; Adolfo Gilli y Orlando Espeche; Horacio Redondo, Roberto Sbarra y Justo Taboada; Julio Rosales, Norberto Méndez, Atilio Mellone, Llamil Simes y Plácido Rodríguez.","Néstor Cimbaro; Zamudio y Rotger; De Pedro, Antonio Castellano y Orellano; Alarcón, Cardoso, Villarreal, Manuel Iturri y Bernardino Esquivel.",foto,25 GOL Llamil Simes (HUR)</br>40 GOL Bernardino Esquivel (SAR)</br>1° Tiempo: Huracán 1x1 Sarmiento</br>2° Tiempo: Huracán 1x1 Sarmiento</br>92 GOL Manuel Iturri (SAR)</br>1° Tiempo Extra: Huracán 1x2 Sarmiento,45,90,105,120
11/03/1945,Pérez,visitante,derrota,1,2,Peñarol (Uruguay),Amistoso,Centenario (Montevideo),-,-,"Máspoli; Prado y Possamai; González, Navarro y Prais; Ortiz, Gelpi, Schiaffino, Pino (46 Gutiérrez) y Vidal (46 Villamide).",foto,sin datos,45,90,0,0
25/03/1945,Pérez,neutral,empate,2,2,Boca Juniors,Amistoso 1945,Monumental,Bartolomé Macías,"Bruno Barrionuevo; Carlos Marinelli (61 Álvarez) y Jorge Alberti; Oscar Corso, Roberto Sbarra y Jorge Titonell (46 Redondo); Juan C Salvini (76 Rosales), Novo (46 Norberto Méndez), Atilio Mellone (Estrella), Emilio Baldonedo y Domínguez (46 Delfín Unzué).","Diano; Marante (76 Perronzino) y Dezorzi; Sosa, Lazzatti y Vilanoba; Boyé, Lorenzo (77 Lijé), Jaime Sarlanga, Varela y Sánchez.",foto,2 GOL Oscar Corso (HUR)</br>25 GOL Varela (BJU)</br>65 GOL Varela (BJU)</br>86 GOL Atilio Mellone (HUR),45,90,0,0
01/04/1945,Pérez,neutral,empate,3,3,River Plate,Amistoso 1945,Caballito,Jiménez,"Bruno Barrionuevo; Carlos Marinelli y Jorge Alberti; Redondo, Spósito y Oscar Corso; Juan C Salvini, Norberto Méndez, Atilio Mellone, Cabrera (46 Emilio Baldonedo) y Delfín Unzué.","Soriano; Vaghi y Rodríguez; Yácono, Rossi y Ramos; Deambrosi, Gallo (Martínez), Martínez (Di Stéfano), Labruna (Gallo) y Loustau.",foto,14 GOL Ángel Labruna (RPL)</br>32 Finaliza el 1° tiempo -el 2° tiempo tiene 58m-</br>1° Tiempo: Huracán 0x1 River</br>49 GOL Oscar Corso (HUR)</br>52 GOL Atilio Mellone (HUR)</br>56 GOL Emilio Baldonedo (HUR)</br>61 GOL Gallo (RPL)</br>70 GOL Di Stéfano (RPL)</br>83 LES Norberto Méndez (HUR),45,90,0,0
08/04/1945,Pérez,neutral,derrota,3,5,Racing Club,1° Rueda de Copa Competencia 1945,Gasómetro,Osvaldo Cossio,"Bruno Barrionuevo; Carlos Marinelli y Jorge Alberti; Oscar Corso, Eusebio Videla y Roberto Sbarra; Juan C Salvini, Norberto Méndez, Atilio Mellone, Emilio Baldonedo y Delfín Unzué.","Milone; José Salomón y Juan M Filgueiras; Monestés, Strembel y Quiroga; Reyes, Barreiro, Iuzzolino, Díaz y Sued.",foto,1 GOL Reyes (RAC)</br>8 GOL Iuzzolino (RAC)</br>11 GOL Iuzzolino (RAC)</br>13 GOL Norberto Méndez (HUR)</br>41 GOL Delfín Unzué (HUR)</br>58 GOL Juan C Salvini (HUR)</br>83 GOL Díaz (RAC)</br>89 GOL Iuzzolino (RAC),45,90,0,0
22/04/1945,Pérez,local,derrota,1,4,Estudiantes (La Plata),1° fecha del Campeonato 1945,Gasómetro,Fuster,"Bruno Barrionuevo; Carlos Marinelli y Jorge Alberti; Oscar Corso, Eusebio Videla y Roberto Sbarra; Juan C Salvini, Norberto Méndez, Atilio Mellone, Emilio Baldonedo y Delfín Unzué.","Ogando; Eguiguren y Palma; Villa, Ongaro y Garcerón; Gagliardo, Negri, Infante, Oroz y Manuel Pelegrina.",foto,20 GOL Infante (ELP)</br>82 GOL Norberto Méndez (HUR)</br>84 Infante (ELP)</br>88 GOL Oroz (ELP)</br>89 GOL Manuel Pelegrina (ELP),45,90,0,0
29/04/1945,Pérez,local,victoria,5,1,Gimnasia y Esgrima (La Plata),2° fecha del Campeonato 1945,Gasómetro,Eduardo Forte,"Bruno Barrionuevo; Carlos Marinelli y Jorge Alberti; Oscar Corso, Eusebio Videla y Jorge Titonell; Juan C Salvini, Norberto Méndez, Atilio Mellone, Emilio Baldonedo y Delfín Unzué.","Manceda; Chiarini y Montañes; Tombell, Bourlé y Cerioni; C Rodríguez de Lara, Santiago, Cisneros, R Rodríguez y Arregui.",foto,1 GOL Norberto Méndez (HUR)</br>30 GOL Rodríguez (GYE)</br>48 GOL Delfín Unzué (HUR)</br>70 GOL Juan C Salvini (HUR)</br>75 GOL Juan C Salvini (HUR)</br>77 GOL Norberto Méndez (HUR),45,90,0,0
06/05/1945,Pérez,visitante,victoria,4,3,Boca Juniors,3° fecha del Campeonato 1945,Monumental,Osvaldo Cossio,"Bruno Barrionuevo; Carlos Marinelli y Jorge Alberti; Oscar Corso, Eusebio Videla y Jorge Titonell; Juan C Salvini, Norberto Méndez, Atilio Mellone, Llamil Simes y Juan C Salvini.","Vacca; Marante y Laidlaw; Pascal, Lazzatti y Pescia; Boyé, Corcuera, Sarlanga, Varela y Sánchez.",foto,33 GOL Atilio Mellone (HUR)</br>50 GOL Ernesto Lazzatti (BJU)</br>65 GOL Atilio Mellone (HUR)</br>77 GOL Pío Corcuera (BJU)</br>81 GOL Atilio Mellone (HUR)</br>85 GOL Norberto Méndez (HUR)</br>88 GOL Jaime Sarlanga (BJU),45,90,0,0
13/05/1945,Pérez,local,victoria,5,2,Chacarita Juniors,4° fecha del Campeonato 1945,Gasómetro,Leopoldo Amoroso,"Bruno Barrionuevo; Carlos Marinelli y Jorge Alberti; Oscar Corso, Eusebio Videla y Jorge Titonell; Juan C Salvini, Norberto Méndez, Atilio Mellone, Llamil Simes y Delfín Unzué.","López; Emanuelli y González; Zanola, Díaz y Fazio; Caserio, Carniglia, Etchepare, Valsecchi y Herrera.",foto,29 GOL Norberto Méndez (HUR)</br>44 GOL Atilio Mellone (HUR)</br>47 GOL Delfín Unzué (HUR)</br>51 GOL Llamil Simes (HUR)</br>55 GOL Valsecchi (CHJ)</br>76 GOL Juan C Salvini (HUR)</br>78 GOL Carniglia (CHJ),45,90,0,0
20/05/1945,Pérez,visitante,derrota,1,2,Platense,5° fecha del Campeonato 1945,Saavedra,José Cángaro,"Bruno Barrionuevo; Carlos Marinelli y Jorge Alberti; Oscar Corso, Eusebio Videla y Jorge Titonell; Juan C Salvini, Norberto Méndez, Atilio Mellone, Llamil Simes y Delfín Unzué.","Cozzi; Piano e Iglesias; Fonda, Toledo y Wergifker; Belén, Canteli, Gallina, Prado y Dorado.",foto,25 GOL Jorge Alberti (HUR) -penal-</br>41 GOL Gallina (PLA)</br>54 GOL Prado (PLA)</br>80 EXP Fonda (PLA)</br>80 EXP Llamil Simes (HUR),45,90,0,0
27/05/1945,Pérez,local,victoria,2,1,Newell's Old Boys (Rosario),6° fecha del Campeonato 1945,Gasómetro,Bartolomé Macías,"Bruno Barrionuevo; Carlos Marinelli y Jorge Alberti; Oscar Corso, Eusebio Videla y Jorge Titonell; Rosales, González, Juan C Salvini, Novo y Delfín Unzué.","Musimessi; Cabrera y Sobrero; Arnaldo, Perucca y Boero; Pesarini, Fernández, Micci, Emilio Baldonedo y Ferreyra.",foto,32 GOL Fernández (NOB)</br>36 GOL Jorge Alberti (HUR) -penal-</br>68 GOL Jorge Alberti (HUR),45,90,0,0
03/06/1945,Pérez,visitante,victoria,2,1,Vélez Sarsfield,7° fecha del Campeonato 1945,Liniers,Carlini,"Bruno Barrionuevo; Carlos Marinelli y Jorge Alberti; Oscar Corso, Eusebio Videla y Jorge Titonell; Juan C Salvini, Norberto Méndez, Guerra, Llamil Simes y Delfín Unzué.","Marcello; Curutchet y Angrisano; Rossi, Santos y Ovide; Heisecke, Espinoza, Ferraro, Scliar y Cano.",foto,23 GOL Scliar (VEL)</br>37 EXP Heraldo Ferreyro (HUR)</br>44 GOL Llamil Simes (HUR)</br>54 GOL Curutchet (HUR) -en contra-,45,90,0,0
10/06/1945,Pérez,local,derrota,3,4,Independiente,8° fecha del Campeonato 1945,Gasómetro,Jiménez,"Bruno Barrionuevo; Carlos Marinelli y Jorge Alberti; Oscar Corso, Eusebio Videla y Jorge Titonell; Rosales, Norberto Méndez, Juan C Salvini, Llamil Simes y Delfín Unzué.","Cammarata; Crucci y Arrigó; Sastre, Leguizamón y Battagliero; Cervino, De la Mata, Erico, Pedaci y Mourín.",foto,7 GOL Cervino (IND)</br>8 GOL Llamil Simes (HUR)</br>17 GOL Norberto Méndez (HUR)</br>48 GOL Juan C Salvini</br>52 GOL Cervino (IND)</br>54 GOL Mourín (IND)</br>82 GOL Erico (IND),45,90,0,0
17/06/1945,Pérez,visitante,derrota,2,4,San Lorenzo de Almagro,9° fecha del Campeonato 1945,Gasómetro,Juan J. Álvarez,"Gualco; Carlos Marinelli y Jorge Alberti; Oscar Corso, Eusebio Videla y Jorge Titonell; Rosales, Norberto Méndez, Juan C Salvini, Llamil Simes y Delfín Unzué.","Peñalva; Vanzini y Crespi; Zubieta, Grecco y Colombo; Antuña, Farro, Pontoni, Martino y De la Mata.",foto,7 GOL Antuña (SLO)</br>9 GOL Pontoni (SLO)</br>38 GOL Farro (SLO)</br>42 GOL Llamil Simes (HUR)</br>69 GOL Pontoni (SLO)</br>73 GOL Norberto Méndez (HUR),45,90,0,0
24/06/1945,Pérez,local,victoria,2,1,Lanús,10° fecha del Campeonato 1945,Gasómetro,Eduardo Forte,"Gualco; Carlos Marinelli y Jorge Alberti; Oscar Corso, Eusebio Videla y Jorge Titonell; Rosales, Norberto Méndez, Juan C Salvini, Llamil Simes y Delfín Unzué.","Rodríguez; Álvarez y Filippo; Díaz, Fracuelli y Ducca; Contreras, Araujo, Romay, Condoleo y Ávalos.",foto,28 GOL Rosales (HUR)</br>65 GOL Araujo (LAN)</br>74 GOL Delfín Unzué (HUR),45,90,0,0
01/07/1945,Pérez,visitante,derrota,2,3,Ferro C. Oeste,11° fecha del Campeonato 1945,Villa Crespo,Bartolomé Macías,"Gualco; Carlos Marinelli y Al/berti; Oscar Corso, Eusebio Videla y Jorge Titonell; Juan C Salvini, Norberto Méndez, González, Llamil Simes y Delfín Unzué.","Rizzo; Noceda y Garavano; Pont, Corvetto y Gutiérrez; Natino, Borgnia, Arrieta, Gandulla y Danza.",foto,2 GOL Gandulla (FCO)</br>8 GOL Llamil Simes (HUR)</br>9 GOL Delfín Unzué (HUR)</br>56 GOL Borgnia (FCO)</br>66 GOL Arrieta (FCO),45,90,0,0
08/07/1945,Pérez,visitante,victoria,3,1,Liga de Paraná,Día de la Independencia 1945 (amistoso),(Paraná),-,-,-,foto,sin datos,45,90,0,0
09/07/1945,Pérez,visitante,derrota,2,5,Liga de Santa Fe,Día de la Independencia 1945 (amistoso),(Santa Fe),-,-,-,foto,sin datos,45,90,0,0
15/07/1945,Pérez,local,victoria,2,1,River Plate,12° fecha del Campeonato 1945,Gasómetro,Fuster,"Gualco; Carlos Marinelli y Al/berti; Banchero, Eusebio Videla y Jorge Titonell; Delfín Unzué, Norberto Méndez, Juan C Salvini, Llamil Simes y Heraldo Ferreyro.","Soriano; Vaghi y Ro/dríguez; Yácono, Giúdice y Ramos; Di Stéfano, Gallo, Adolfo Pedernera, Ángel Labruna y Félix Loustau.",foto,43 GOL Juan C Salvini (HUR) -penal-</br>49 GOL Gallo (RPL)</br>57 GOL Juan C Salvini (HUR),45,90,0,0
29/07/1945,Pérez,visitante,victoria,2,1,Rosario Central,13° fecha del Campeonato 1945,Arroyito (Rosario),Rafael Carou,"Gualco; Carlos Marinelli y Jorge Alberti; Banchero, Eusebio Videla y Jorge Titonell; Delfín Unzué, Norberto Méndez, Juan C Salvini, Llamil Simes y Heraldo Ferreyro.","Poy; Yebra y Sabotig; Casalini, Rivero y Gaetán; De Cicco, Bravo, Geronis, Aguirre y Marracino.",foto,23 GOL Llamil Simes (HUR)</br>41 GOL Bravo (RCE)</br>54 GOL Heraldo Ferreyro (HUR),45,90,0,0
05/08/1945,Cuesta Silva,local,victoria,3,2,Atlanta,14° fecha del Campeonato 1945,Gasómetro,José Cángaro,"Gualco; Carlos Marinelli y Jorge Alberti; Banchero, Eusebio Videla y Jorge Titonell; Juan C Salvini, Delfín Unzué, Herminio Masantonio, Llamil Simes y Heraldo Ferreyro.","Carletti; Cruz y Bedia; Bertarelli, M. Rodríguez y Aguirre; Rosell, Yorlano, Agnolín, F Rodríguez y Fernández.",foto,10 GOL Llamil Simes (HUR)</br>15 GOL Herminio Masantonio (HUR)</br>44 GOL Delfín Unzué (HUR)</br>54 GOL Agnolín (ATL)</br>84 GOL Rosell (ATL),45,90,0,0
12/08/1945,Cuesta Silva,visitante,derrota,0,2,Racing Club,15° fecha del Campeonato 1945,Racing,Juan J. Álvarez,"Gualco; Carlos Marinelli y Jorge Alberti; Banchero, Eusebio Videla y Jorge Titonell; Delfín Unzué, Norberto Méndez, Juan C Salvini, Llamil Simes y Heraldo Ferreyro.","Graneros; Salomón y Filgueiras; Monestés, Strembel y García; Cámer, Fiore, D’Alessandro, Barreiro y Sued.",foto,40 GOL Fiore (RAC)</br>67 GOL Fiore (RAC) -penal-,45,90,0,0
19/08/1945,Cuesta Silva,visitante,victoria,2,0,Estudiantes (La Plata),16° fecha del Campeonato 1945,Uno (La Plata),Rafael Carou,"Sebastián Gualco; Carlos Marinelli y Jorge Alberti; Banchero, Eusebio Videla y Jorge Titonell; Juan C Salvini, Norberto Méndez, Herminio Masantonio, Llamil Simes y Delfín Unzué.","Ogando; Eguiguren y Ferretti; Garcerón, Ongaro y Ardanaz; Gagliardo, Ribeiro Mora, Oroz, Arbios y Manuel Pelegrina.",foto,15 GOL Herminio Masantonio (HUR)</br>34 GOL Norberto Méndez (HUR),45,90,0,0
22/08/1945,Cuesta Silva,visitante,empate,2,2,Gimnasia y Esgrima (La Plata),17° fecha del Campeonato 1945,El Bosque (La Plata),Eduardo Forte,"Sebastián Gualco; Carlos Marinelli y Al/berti; Banchero, Eusebio Videla y Jorge Titonell; Juan C Salvini, Norberto Méndez, Herminio Masantonio, Llamil Simes y Delfín Unzué.","Manceda; Chiarini y Montañes; Tombell, Spósito y Cerioni; Rodríguez de Lara, Montes de Oca, Cisneros, Quevedo y Arregui.",foto,34 GOL Delfín Unzué (HUR)</br>48 GOL Plácido Rodríguez de Lara (GYE)</br>66 GOL Norberto Méndez (HUR)</br>89 GOL Cisneros (GYE),45,90,0,0
02/09/1945,Cuesta Silva,local,derrota,1,3,Boca Juniors,18° fecha del Campeonato 1945,Gasómetro,Jiménez,"Sebastián Gualco; Carlos Marinelli y Jorge Alberti; Banchero, Eusebio Videla y Jorge Titonell; Juan C Salvini, Norberto Méndez, Herminio Masantonio, Llamil Simes y Delfín Unzué.","Vacca; Romani y Dezorzi; Sosa, Lazzatti y Pescia; Boyé, Corcuera, Sarlanga, Varela y Sánchez.",foto,21 GOL Varela (BJU)</br>67 GOL Varela (BJU)</br>38 GOL Juan C Salvini (HUR) -penal-</br>88 GOL Mario Boyé (BJU),45,90,0,0
09/09/1945,Cuesta Silva,visitante,empate,2,2,Chacarita Juniors,19° fecha del Campeonato 1945,San Martín,Felicioli,"Sebastián Gualco; Carlos Marinelli y Gilli; Banchero, Eusebio Videla y Jorge Titonell; Juan C Salvini, Delfín Unzué, Herminio Masantonio, Llamil Simes y Heraldo Ferreyro.","López; Spinelli y González; Araguez, Díaz y Blomberg; Lanchini, Tanzi, Bruzzone, Campana y Busico.",foto,16 GOL Busico (CHJ)</br>42 GOL Delfín Unzué (HUR)</br>52 GOL Heraldo Ferreyro (HUR)</br>89 GOL Lanchini (CHJ),45,90,0,0
16/09/1945,Cuesta Silva,local,victoria,2,1,Platense,20° fecha del Campeonato 1945,Gasómetro,Ricardo Riestra,"Sebastián Gualco; Carlos Marinelli y Espeche; Banchero, Eusebio Videla y Jorge Titonell; Delfín Unzué, González, Herminio Masantonio, Llamil Simes y Heraldo Ferreyro.","Cozzi; Piano y Custodio; Fonda, Toledo e Iglesias; Belén, Canteli, Gallina, Prado y Dorado.",foto,47 GOL Dorado (PLA)</br>65 GOL González (HUR)</br>80 GOL Herminio Masantonio (HUR),45,90,0,0
23/09/1945,Cuesta Silva,visitante,derrota,1,2,Newell's Old Boys (Rosario),21° fecha del Campeonato 1945,Parque Independencia (Rosario),Humberto Dottori,"Sebastián Gualco; Carlos Marinelli y Jorge Alberti; Banchero, Eusebio Videla y Jorge Titonell; González, Delfín Unzué, Herminio Masantonio, Llamil Simes y Heraldo Ferreyro.","Quilici; Colman y Sobrero; Carlucci, Perucca y Lizardo; Buján, Díaz, R López, A López y Ferreyra.",foto,8 GOL Buján (NOB)</br>30 GOL Delfín Unzué (HUR)</br>56 R López (NOB),45,90,0,0
30/09/1945,Cuesta Silva,local,victoria,3,2,Vélez Sarsfield,22° fecha del Campeonato 1945,Gasómetro,José Cángaro,"Sebastián Gualco; Carlos Marinelli y Jorge Alberti; Banchero, Eusebio Videla y Jorge Titonell; Rosales, Delfín Unzué, Herminio Masantonio, Llamil Simes y Heraldo Ferreyro.","Marcello; Curutchet y Angrisano; Folgado, Coccellato y Ovide; Heisecke, Scliar, Ferraro, Bermúdez y Cano.",foto,19 GOL Scliar (VEL)</br>34 GOL Delfín Unzué (HUR)</br>46 GOL Bermúdez (VEL)</br>52 GOL Herminio Masantonio (HUR)</br>58 GOL Heraldo Ferreyro (HUR),45,90,0,0
07/10/1945,Cuesta Silva,visitante,derrota,3,4,Independiente,23° fecha del Campeonato 1945,Doble Visera,Francisco Ghinzo,"Sebastián Gualco; Carlos Marinelli y Jorge Alberti; Banchero, Eusebio Videla y Jorge Titonell; Rosales, Delfín Unzué, Herminio Masantonio, Llamil Simes y Heraldo Ferreyro.","Cammarata; Crucci y Arrigó; Álvarez, Leguizamón y Battagliero; Cervino, Sastre, Erico, De la Mata y Mourín.",foto,17 GOL Arsenio Erico (IND)</br>33 GOL Vicente De la Mata (IND)</br>34 GOL Vicente De la Mata (IND)</br>40 GOL Herminio Masantonio (HUR)</br>56 GOL Llamil Simes (RAC)</br>80 GOL Llamil Simes (HUR)</br>86 GOL Vicente De la Mata (IND),45,90,0,0
14/10/1945,Cuesta Silva,local,victoria,3,1,San Lorenzo de Almagro,24° fecha del campeonato 1945,Monumental,Ricardo Riestra,"Sebastián Gualco; Gilli y Jorge Alberti; Banchero, Eusebio Videla y Jorge Titonell; Delfín Unzué, Norberto Méndez, Herminio Masantonio, Llamil Simes y Heraldo Ferreyro.","Blazina; Vanzini y Basso; Zubieta, Gosende y Colombo; Antuña, Farro, Pontoni, Martino y De la Mata.",foto,5 GOL Gosende (SLO)</br>9 GOL Delfín Unzué (HUR)</br>23 GOL Llamil Simes (HUR)</br>85 GOL Llamil Simes (HUR),45,90,0,0
28/10/1945,Cuesta Silva,visitante,victoria,4,1,Lanús,25° fecha del Campeonato 1945,Lanús,J. Álvarez,"Sebastián Gualco; Carlos Marinelli y Jorge Alberti; Banchero, Eusebio Videla y Jorge Titonell; Delfín Unzué, Norberto Méndez, Herminio Masantonio, Llamil Simes y Heraldo Ferreyro.","Martínez; E Álvarez y Filippo; Díaz, Fracuelli y Ducca; Contreras, Romay, Lijé, Orleans y Ávalos.",foto,24 GOL Jorge Alberti (HUR) -penal-</br>29 GOL Ávalos (LAN)</br>45 GOL Delfín Unzué (HUR)</br>47 GOL Norberto Méndez (HUR)</br>65 GOL Herminio Masantonio (HUR),45,90,0,0
04/11/1945,Cuesta Silva,local,victoria,2,0,Ferro C. Oeste,26° fecha del Campeonato 1945,Gasómetro,Valentín Rey,"Sebastián Gualco; Carlos Marinelli y Jorge Alberti; Banchero, Eusebio Videla y Jorge Titonell; Juan C Salvini, Norberto Méndez, Delfín Unzué, Llamil Simes y Heraldo Ferreyro.","Rizzo; Noceda y Vázquez; Pont, Santamarina y Gutiérrez; Gugliermetti, Borgnia, Corvetto, Gandulla y Danza.",foto,33 GOL Llamil Simes (HUR)</br>70 GOL Juan C Salvini (HUR),45,90,0,0
11/11/1945,Cuesta Silva,visitante,derrota,1,3,River Plate,27° fecha del Campeonato 1945,Monumental,Fuster,"Sebastián Gualco; Carlos Marinelli y Jorge Alberti; Banchero, Eusebio Videla y Jorge Titonell; Juan C Salvini, Norberto Méndez, Herminio Masantonio, Llamil Simes y Heraldo Ferreyro.","Soriano; Vaghi y Rodríguez; Yácono, Rossi y Ramos; Muñoz, Gallo, Pedernera, Labruna y Loustau.",foto,6 GOL Muñoz (RPL)</br>14 GOL Ángel Labruna (RPL)</br>40 GOL Juan C Salvini (HUR) -penal-</br>43 GOL Félix Loustau (RPL),45,90,0,0
18/11/1945,Cuesta Silva,local,victoria,10,4,Rosario Central,28° fecha del Campeonato 1945,Gasómetro,Ricardo Riestra,"Sebastián Gualco; Carlos Marinelli y Jorge Alberti; Banchero, Eusebio Videla y Jorge Titonell; Delfín Unzué, Norberto Méndez, Juan C Salvini, Llamil Simes y Heraldo Ferreyro.","Ricardo; Maffei y Armándola; Julián, Mello y Fogel; De Cicco, Santos, Geronis, Waldino Aguirre y Marracino.",foto,10 GOL Llamil Simes (HUR)</br>16 GOL Delfín Unzué (HUR)</br>21 GOL Eusebio Videla (HUR)</br>27 GOL Llamil Simes (HUR)</br>31 GOL Waldino Aguirre (RCE)</br>37 GOL Norberto Méndez (HUR)</br>39 GOL Norberto Méndez (HUR)</br>41 GOL De Cicco (RCE)</br>1° Tiempo: Huracán 6x2 Central</br>53 GOL Delfín Unzué (HUR)</br>55 GOL Santos (RCE)</br>67 GOL Juan C Salvini (HUR)</br>68 GOL Llamil Simes</br>83 GOL Waldino Aguirre (RCE)</br>86 GOL Norberto Méndez (HUR),45,90,0,0
25/11/1945,Cuesta Silva,visitante,victoria,3,1,Atlanta,29° fecha del Campeonato 1945,Villa Crespo,José Cángaro,"Sebastián Gualco; Carlos Marinelli y Jorge Alberti; Banchero, Eusebio Videla y Jorge Titonell; Juan C Salvini, Norberto Méndez, Delfín Unzué, Llamil Simes y Heraldo Ferreyro.","Carletti; Cruz y Bedia; Bertarelli, Espinosa y M Rodríguez; Lapresa, F Rodríguez, Yorlano, Fernández y Rosell.",foto,52 GOL Juan C Salvini (HUR)</br>55 GOL Juan Carlos Salvini (HUR) -penal-</br>68 Juan C Salvini (HUR)</br>80 Bedia (ATL) -penal-,45,90,0,0
02/12/1945,Cuesta Silva,local,derrota,1,3,Racing Club,30° fecha del Campeonato 1945,Gasómetro,Ricardo Riestra,"Sebastián Gualco; Carlos Marinelli y Jorge Alberti; Banchero, Eusebio Videla y Jorge Titonell; Juan C Salvini, Norberto Méndez, Delfín Unzué, Llamil Simes y Heraldo Ferreyro.","Graneros; Salomón y Filgueiras; Scalamandre, Strembel y García; Castro, Monestés, D’Alessandro, Carrera y Sued.",foto,16 GOL Roberto D'Alessandro (RAC)</br>28 GOL Delfín Unzué (HUR)</br>34 GOL Carrera (RAC)</br>38 GOL Sued (RAC),45,90,0,0
15/12/1945,Cuesta Silva,visitante,derrota,1,2,Nacional (Uruguay),Amistoso 1945,Centenario (Montevideo),Valentini,"Bruno Barrionuevo; Gilli y Álvarez; Roberto Sbarra, Eusebio Videla y Jorge Titonell; Rosales, Delfín Unzué, González, Llamil Simes y Heraldo Ferreyro.","Paz; Pini y Arrascaeta; Viana (Tonelli), Galvalissi y Rodríguez Candales (Gambetta); Bugallo, Medina, García, Porta y Volpi.",foto,GOL Bugallo (NAC)</br>GOL Álvarez (NAC) -en contra-</br>GOL Delfín Unzué (HUR),45,90,0,0
09/03/1946,Cuesta Silva,local,-,-,-,Argentino de Quilmes,Amistoso 1946,-,-,-,-,foto,sin datos,45,90,0,0
10/03/1946,Cuesta Silva,local,desconocido,-,-,Lanús,Amistoso 1946,-,-,-,-,foto,sin datos,45,90,0,0
07/04/1946,Cuesta Silva,visitante,empate,2,2,San Lorenzo de Almagro,Amistoso 1946,Monumental,Ruggero,"Bruno Barrionuevo (Sebastián Gualco); Gilli (Álvarez) y Jorge Alberti; Ibáñez (Oscar Corso), Eusebio Videla y Jorge Titonell (Banchero); Rosales, Norberto Méndez, Peralta (Herminio Masantonio), Llamil Simes (Delfín Unzué) y Heraldo Ferreyro (González).","Blazina; Vanzini (Martínez) y Basso; Zubieta (Barchielli), Grecco (Hernández) y Colombo (Graziani); Antuña, Farro, Alarcón, Rinaldo Martino y Rivadeneira (De la Mata).",foto,16 GOL Peralta (HUR)</br>31 GOL Herminio Masantonio (HUR)</br>40 GOL Farro (SLO)</br>43 GOL Alarcón (SLO),45,90,0,0
14/04/1946,Cuesta Silva,neutral,victoria,2,1,Atlanta,1° ronda de Copa Competencia 1946,La Bombonera,Humberto Dottori,"Bruno Barrionuevo; Gilli y Jorge Alberti; Ibáñez, Eusebio Videla y Cerioni; Rosales, Norberto Méndez, Juan C Salvini, Llamil Simes y Delfín Unzué.","Carletti; Cruz y Bedia; Bertarelli, Espinosa y Aguirre; Lapresa, Díaz, Agnolin, Rodríguez y Rosell.",foto,5 GOL Norberto Méndez (HUR)</br>86 GOL Díaz (ATL)</br>88 GOL Juan C Salvini (HUR),45,90,0,0
21/04/1946,De los Santos,local,derrota,0,1,Chacarita Juniors,1° fecha del Campeonato 1946,Gasómetro,José Cángaro,"Bruno Barrionuevo; Gilli y Jorge Alberti; Ibáñez, Eusebio Videla y Cerioni; Juan C Salvini, Norberto Méndez, Alfredo Di Stéfano, Llamil Simes y Heraldo Ferreyro.","López; Spinelli y Laborde; Zanola, Díaz y Scriminacci; Caserio, Barreiro, Iuzzolino, Campana y Busico.",foto,5 LES Bruno Barrionuevo (HUR) -ataja Ibáñez-</br>28 GOL Campana (CHJ)</br>35 EXP Cerioni,45,90,0,0
05/05/1946,De los Santos,visitante,derrota,2,3,Racing Club,2° fecha del Campeonato 1946,Racing,López,"Sebastián Gualco; Álvarez y Jorge Alberti; Julio Ramírez, Eusebio Videla y Cerioni; Juan C Salvini, Norberto Méndez, Alfredo Di Stéfano, Llamil Simes y Heraldo Ferreyro.","Ricardo; Yebra y Juan M Filgueiras; Fonda, Strembel y Quiroga; Villalba, Drago, Bravo, D’Alessandro y Sued.",foto,14 GOL Bravo (RAC)</br>17 GOL Roberto D'Alessandro (RAC)</br>41 GOL Juan C Salvini (HUR) -penal-</br>42 GOL Villalba (RAC)</br>82 GOL Juan C Salvini (HUR),45,90,0,0
12/05/1946,De los Santos,local,empate,1,1,Newell's Old Boys (Rosario),3° fecha del Campeonato 1946,Gasómetro,J. Álvarez,"Sebastián Gualco; A Álvarez y Jorge Alberti; Julio Ramírez, Eusebio Videla y Cerioni; Juan C Salvini, Norberto Méndez, Alfredo Di Stéfano, Llamil Simes y Heraldo Ferreyro.","Julio Musimessi; Juan Colman y Juan Sobrero; Antonio Carlucci, Ángel Perucca y José Arnaldo; E Ferreyra, José Coll, Micci, Antonio Martino y J Ferreyra.",foto,61 GOL Micci (NOB)</br>80 GOL Llamil Simes (HUR),45,90,0,0
19/05/1946,De los Santos,visitante,derrota,1,3,Platense,4° fecha del Campeonato 1946,Saavedra,Valentín Rey,"Sebastián Gualco; Álvarez y Jorge Alberti; Julio Ramírez, Eusebio Videla y Cerioni; Juan C Salvini, Norberto Méndez, Alfredo Di Stéfano, Llamil Simes y Heraldo Ferreyro.","Cozzi; Piano e Iglesias; Sandoval, Toledo y Mammana; Belén, Eduardo Ricagni, Gallina, Dorado y Torielli.",foto,1 GOL Gallina (PLA)</br>48 GOL Eduardo Ricagni (PLA)</br>66 GOL Norberto Méndez (HUR)</br>67 GOL Eduardo Ricagni (PLA),45,90,0,0
26/05/1946,De los Santos,local,victoria,3,1,Estudiantes (La Plata),5° fecha del Campeonato 1946,Gasómetro,José Cángaro,"Rebagliati; Carlos Marinelli y Jorge Alberti; Julio Ramírez, Eusebio Videla y Oscar Corso; Juan C Salvini, Norberto Méndez, Alfredo Di Stéfano, Llamil Simes y Delfín Unzué.","Ogando; Violini y Ferretti; Garcerón, Ongaro y Ardanaz; Gagliardo, Negri, Ricardo Infante, Oroz y Manuel Pelegrina.",foto,22 GOL Llamil Simes (HUR)</br>27 GOL Gagliardo (ELP)</br>66 GOL Alfredo Di Stéfano (HUR)</br>71 GOL Alfredo Di Stéfano (HUR),45,90,0,0
02/06/1946,De los Santos,visitante,victoria,3,2,San Lorenzo de Almagro,6° fecha del Campeonato 1946,Gasómetro,Ricardo Riestra,"Rebagliati; Carlos Marinelli y Jorge Alberti; Julio Ramírez, Eusebio Videla y Oscar Corso; Juan C Salvini, Norberto Méndez, Alfredo Di Stéfano, Llamil Simes y Delfín Unzué.","Blazina; Vanzini y Basso; Ángel Zubieta, Grecco y Rodríguez; Antuña, Farro, René Pontoni, Rinaldo Martino y Silva.",foto,33 GOL Farro (SLO)</br>36 GOL Norberto Méndez (HUR)</br>38 GOL Alfredo Di Stéfano (HUR)</br>48 GOL Alfredo Di Stéfano (HUR)</br>55 GOL Ángel Zubieta (SLO),45,90,0,0
09/06/1946,De los Santos,local,victoria,3,0,Vélez Sarsfield,7° fecha del Campeonato 1946,Gasómetro,Eduardo Forte,"Rebagliati; Carlos Marinelli y Jorge Alberti; Julio Ramírez, Eusebio Videla y Oscar Corso; Juan C Salvini, Mén/dez, Alfredo Di Stéfano, Delfín Unzué y Heraldo Ferreyro.","Marcello; Curutchet y Huss; Folgado, Coccellato y Ovide; Heisecke, Scliar, Di Bella, Bermúdez y Cano.",foto,9 GOL Delfín Unzué (HUR)</br>26 GOL Heraldo Ferreyro (HUR)</br>34 GOL Heraldo Ferreyro (HUR),45,90,0,0
16/06/1946,De los Santos,visitante,victoria,2,1,Ferro C. Oeste,8° fecha del Campeonato 1946,Caballito,Juan J. Álvarez,"Rebagliati; Carlos Marinelli y Jorge Alberti; Julio Ramírez, Eusebio Videla y Oscar Corso; Rosales, Norberto Méndez, Alfredo Di Stéfano, Delfín Unzué y Heraldo Ferreyro.","Rizzo; Noceda y Vázquez; Pont, Corvetto y Gutiérrez; Maril, Alison, Romani, Rodríguez y Lemos.",foto,12 GOL Norberto Méndez (HUR)</br>34 GOL Delfín Unzué (HUR)</br>75 GOL Romani (FCO),45,90,0,0
20/06/1946,De los Santos,neutral,derrota,0,2,San Lorenzo de Almagro,2° ronda de Copa Competencia 1946,Caballito,Ricardo Riestra,"Rebagliati; Carlos Marinelli y Jorge Alberti; Banchero, Eusebio Videla y Cerioni; Rosales, Parachú, Alfredo Di Stéfano, González y Delfín Unzué.","Peñalva; Vanzini y Basso; Ángel Zubieta, Grecco y Rodríguez; Tablada, Farro, Pontoni, Martino y De la Mata.",foto,1° Tiempo: Huracán 0x0 San Lorenzo</br>59 GOL Rinaldo Martino (SLO)</br>87 GOL Rinaldo Martino (SLO),45,90,0,0
23/06/1946,De los Santos,local,empate,3,3,Tigre,9° fecha del Campeonato 1946,Gasómetro,Valentín Rey,"Rebagliati; Carlos Marinelli y Jorge Alberti; Julio Ramírez, Eusebio Videla y Cerioni; Juan C Salvini, Norberto Méndez, Alfredo Di Stéfano, Llamil Simes y Delfín Unzué.","Villafañe; García y Brusatti; Rico, Mauriño y Poletti; Aguilar, Giorgetti, Cóllere, Ribeiro Mora y Lazarte.",foto,18 GOL Norberto Méndez (HUR)</br>25 GOL Giorgetti (TIG)</br>30 GOL Llamil Simes (HUR)</br>34 GOL Mauriño (TIG)</br>35 GOL Llamil Simes (HUR)</br>42 GOL Aguilar (TIG),45,90,0,0
30/06/1946,De los Santos,visitante,derrota,3,4,Independiente,10° fecha del Campeonato 1946,Doble Visera,Osvaldo Cossio,"Bruno Barrionuevo; Carlos Marinelli y Jorge Alberti; Julio Ramírez, Eusebio Videla y Oscar Corso; González, Norberto Norberto Méndez, Alfredo Di Stéfano, Delfín Unzué y Heraldo Ferreyro.","Cammarata; Crucci y Arrigó; Sastre, Leguizamón y Álvarez; Cervino, Elena, Arsenio Erico, Vicente De la Mata y Mourín.",foto,3 GOL Alfredo Di Stéfano (HUR)</br>12 GOL Mourín (IND)</br>23 GOL González (HUR)</br>56 GOL Leguizamón (IND)</br>63 GOL Cervino (IND)</br>64 GOL Alfredo Di Stéfano (HUR)</br>65 GOL Arsenio Erico (IND),45,90,0,0
07/07/1946,De los Santos,visitante,victoria,6,3,Liga de Tres Arroyos,Día de la Independencia 1946 (amistoso),-,-,-,-,foto,sin datos,45,90,0,0
09/07/1946,De los Santos,visitante,victoria,3,0,Liga de Bahía Blanca,Día de la Independencia 1946 (amistoso),(Bahía Blanca),-,-,-,foto,sin datos,45,90,0,0
14/07/1946,De los Santos,local,victoria,5,2,Rosario Central,11° fecha del Campeonato 1946,Gasómetro,Ricardo Riestra,"Rebagliati; Carlos Marinelli y Jorge Alberti; Julio Ramírez, Eusebio Videla y Oscar Corso; Dauría, Norberto Méndez, Alfredo Di Stéfano, González y Delfín Unzué.","Quatrocchi; Maffei y Armándola; Casalini, Castagno y Fogel; Cámer, Santos, Geronis, Aguirre y Marracino.",foto,11 GOL Dauría (HUR)</br>25 GOL Norberto Méndez (HUR)</br>36 GOL Alfredo Di Stéfano (HUR)</br>48 GOL Waldino Aguirre (RCE)</br>55 GOL Delfín Unzué (HUR) -penal-</br>81 GOL Geronis (RCE)</br>89 GOL Dauría (HUR),45,90,0,0
21/07/1946,De los Santos,visitante,derrota,1,3,River Plate,12° fecha del Campeonato 1946,Monumental,Valentín Rey,"Rebagliati; Carlos Marinelli y Jorge Alberti; Julio Ramírez, Eusebio Videla y Oscar Corso; Juan C Salvini, Norberto Méndez, Alfredo Di Stéfano, Llamil Simes y Delfín Unzué.","Grisetti; Vaghi y Rodríguez; Yácono, Néstor Rossi y Ramos; Muñoz, Báez, Martínez, Adolfo Pedernera y Félix Loustau.",foto,1 GOL Alfredo Di Stéfano (HUR)</br>32 GOL Muñoz (RPL)</br>75 GOL Báez (RPL)</br>76 EXP Juan C Salvini (HUR)</br>82 EXP Llamil Simes (HUR)</br>83 GOL Adolfo Pedernera (RPL) -penal-,45,90,0,0
28/07/1946,De los Santos,local,victoria,3,2,Lanús,13° fecha del Campeonato 1946,Gasómetro,Jiménez,"Rebagliati; Carlos Marinelli y Jorge Alberti; Julio Ramírez, Eusebio Videla y Oscar Corso; Dauría, Norberto Méndez, Alfredo Di Stéfano, González y Delfín Unzué.","Busanich; Salvador Calvente y Filippo; Carreras, Ubiré Durán y Díaz; Cittadino, Araujo, Romay, Reynoso y Marángelo.",foto,9 GOL González (HUR)</br>11 GOL Romay (LAN)</br>28 GOL Alfredo Di Stéfano (HUR)</br>48 GOL Delfín Unzué (HUR)</br>89 GOL Ubiré Durán (LAN),45,90,0,0
11/08/1946,De los Santos,local,derrota,2,3,Boca Juniors,14° fecha del Campeonato 1946,Gasómetro,Bartolomé Macías,"Rebagliati; Carlos Marinelli y Jorge Alberti; Julio Ramírez, Eusebio Videla y Oscar Corso; Dauría, Norberto Méndez, Alfredo Di Stéfano, González y Delfín Unzué.","Claudio Vacca; Marante y Dezorzi; Sosa, Natalio Pescia y Bendazzi; Mario Boyé, Pío Corcuera, Jaime Sarlanga, Ferrari y Pin.",foto,4 GOL Marante (BJU) -penal-</br>6 GOL Delfín Unzué (HUR)</br>34 GOL Mario Boyé (BJU)</br>41 GOL Eusebio Videla (HUR)</br>44 GOL Mario Boyé (BJU)</br>60 EXP Norberto Méndez (HUR)</br>85 EXP Bendazzi (BJU),45,90,0,0
18/08/1946,De los Santos,visitante,derrota,4,5,Atlanta,15° fecha del Campeonato 1946,Caballito,Valentín Rey,"Rebagliati; Carlos Marinelli y Jorge Alberti; Julio Ramírez, Eusebio Videla y Oscar Corso; Juan C Salvini, Norberto Méndez, Alfredo Di Stéfano, González y Heraldo Ferreyro.","Carletti; Cruz y Bedia; Bertarelli, Espinosa y Vaccarezza; Turello, Díaz, Yorlano, Rodríguez y Rosell.",foto,9 GOL González (HUR)</br>19 GOL Rosell (ATL)</br>30 GOL Juan C Salvini (HUR)</br>34 GOL Yorlano (ATL)</br>36 GOL Yorlano (ATL)</br>66 GOL Yorlano (ATL)</br>74 GOL F Díaz (ATL)</br>86 GOL Oscar Corso (HUR)</br>87 GOL Juan C Salvini (HUR)</br>89 EXP Eusebio Videla (HUR)</br>89 EXP Alfredo Di Stéfano (HUR)</br>90 EXP Vaccarezza (ATL),45,90,0,0
25/08/1946,Onzari,visitante,victoria,2,0,Chacarita Juniors,16° fecha del Campeonato 1946,San Martín,Francisco Ghinzo,"Bruno Barrionuevo; Carlos Marinelli y Jorge Alberti; Julio Ramírez, Eusebio Videla y Oscar Corso; Dauría, Norberto Norberto Méndez, Juan C Salvini, González y Heraldo Ferreyro.","Fontana; Spinelli y J. González; Zanola, Díaz y Araiz; Caserio, Barreiro, Iuzzolino, Lanchini y Busico.",foto,35 GOL Norberto Méndez (HUR)</br>54 GOL Juan C Salvini (HUR),45,90,0,0
01/09/1946,Onzari,local,derrota,1,2,Racing Club,17° fecha del Campeonato 1946,Gasómetro,Higinio Vázquez,"Bruno Barrionuevo; Carlos Marinelli y Jorge Alberti; Julio Ramírez, Eusebio Videla y Oscar Corso; González, Norberto Norberto Méndez, Juan C Salvini, Delfín Unzué y Heraldo Ferreyro.","Favalli; Yebra y Palma; Fonda, Strembel y Juan M Filgueiras; Reyes, Di Pace, Bravo, Carrera y Danza.",foto,12 GOL Bravo (RAC)</br>44 GOL Juan C Salvini (HUR)</br>84 GOL Danza (RAC),45,90,0,0
08/09/1946,Onzari,visitante,derrota,0,4,Newell's Old Boys (Rosario),18° fecha del Campeonato 1946,Parque Independencia (Rosario),José Cángaro,"Bruno Barrionuevo; Gilli y Jorge Alberti; Julio Ramírez, Cerioni y Oscar Corso; Dauría, Norberto Méndez, Juan C Salvini, José Vigo y Heraldo Ferreyro.","Julio Musimessi; Colman y Sobrero; Carlucci, Nieres y Arnaldo; Buján, Coll, López, Antonio Martino y Moyano.",foto,3 GOL López (NOB)</br>59 GOL Antonio Martino (NOB)</br>66 GOL Antonio Martino (NOB)</br>85 GOL Moyano (NOB),45,90,0,0
15/09/1946,Onzari,local,victoria,3,0,Platense,19° fecha del Campeonato 1946,Gasómetro,Francisco Ghinzo,"Bruno Barrionuevo; Carlos Marinelli y Jorge Alberti; Julio Ramírez, Cerioni y Oscar Corso; Juan C Salvini, Norberto Norberto Méndez, Parachú, González y Heraldo Ferreyro.","Cozzi; Piano e Iglesias; Capucelli, Toledo y Mammana; Belén, Canteli, Gallina, Eduardo Ricagni y Dorado.",foto,7 GOL Norberto Méndez (HUR)</br>13 GOL Juan C Salvini (HUR)</br>42 GOL Juan C Salvini (HUR),45,90,0,0
22/09/1946,Onzari,visitante,derrota,1,5,Estudiantes (La Plata),20° fecha del Campeonato 1946,Uno (La Plata),Fuster,"Bruno Barrionuevo; Carlos Marinelli y Jorge Alberti; Julio Ramírez, Cerioni y Oscar Corso; Juan C Salvini, Norberto Méndez, Parachú, González y Heraldo Ferreyro.","Ogando; Eguiguren y Ferretti; Garcerón, Villa y Bouché; Gagliardo, Negri, Ricardo Infante, Oroz y Manuel Pelegrina.",foto,4 GOL Ricardo Infante (ELP)</br>31 GOL Parachú (HUR)</br>39 GOL Negri (ELP)</br>54 GOL Ricardo Infante (ELP)</br>80 GOL Negri (ELP)</br>90 GOL Oroz (ELP),45,90,0,0
29/09/1946,Onzari,local,derrota,0,2,San Lorenzo de Almagro,21° fecha del Campeonato 1946,Caballito,Ricardo Riestra,"Bruno Barrionuevo; Gilli y Varaldo; Julio Ramírez, Juan C Giménez y Jorge Titonell; Juan C Salvini, Norberto Norberto Méndez, Alfredo Di Stéfano, González y Heraldo Ferreyro.","Blazina; Vanzini y Basso; Ángel Zubieta, Rodríguez y Colombo; De la Mata, Farro, René Pontoni, Rinaldo Martino y Silva.",foto,6 GOL Farro (SLO)</br>61 GOL Ángel Zubieta (SLO),45,90,0,0
06/10/1946,Onzari,visitante,derrota,0,4,Vélez Sarsfield,22° fecha del Campeonato 1946,Liniers,Higinio Vázquez,"Bruno Barrionuevo; Gilli y Varaldo; Julio Ramírez, Juan C Giménez y Oscar Corso; Juan C Salvini, Norberto Méndez, Alfredo Di Stéfano, Parachú y José Vigo.","Rugilo; Huss y Angrisano; Pérez, Coccellato y Ovide; Heisecke, Scliar, Ferraro, Bermúdez y Cano.",foto,39 GOL Ferraro (VEL)</br>48 GOL Ferraro (VEL)</br>52 GOL Scliar (VEL)</br>54 GOL Heisecke (VEL)</br>79 LES Norberto Méndez (HUR),45,90,0,0
13/10/1946,Onzari,local,victoria,2,1,Ferro C. Oeste,23° fecha del Campeonato 1946,José Amalfitani,Fuster,"Bruno Barrionuevo; Carlos Marinelli y Gilli; Julio Ramírez, Eusebio Videla y Oscar Corso; Dauría, Parachú, Alfredo Di Stéfano, González y Lanza.","Duro; Vázquez y Garavano; Cocimano, Corvetto y Gutiérrez; Gugliermetti, Borgnia, Cacheiro, Resquín y Maril.",foto,9 GOL Garavano (HUR) -en contra-</br>22 GOL Cacheiro (FCO)</br>42 GOL Alfredo Di Stéfano (HUR),45,90,0,0
20/10/1946,Onzari,visitante,empate,2,2,Tigre,24° fecha del Campeonato 1946,San Martín,Humberto Dottori,"Bruno Barrionuevo; Carlos Marinelli y Gilli; Julio Ramírez, Eusebio Videla y Oscar Corso; Dauría, Parachú, Alfredo Di Stéfano, González y Lanza.","Villafañe; García y Passarín; Arcos, Mauriño y Poletti; Fiore, Baum, Cóllere, Ribeiro Mora y Lazarte.",foto,6 GOL Fiore (TIG)</br>19 GOL Fiore (TIG)</br>40 GOL Dauría (HUR)</br>87 GOL Parachú (HUR),45,90,0,0
27/10/1946,Onzari,local,victoria,4,1,Independiente,25° fecha el Campeonato 1946,Gasómetro,Francisco Ghinzo,"Bruno Barrionuevo; Carlos Marinelli y Gilli; Julio Ramírez, Eusebio Videla y Oscar Corso; Rosales, Norberto Méndez, Alfredo Di Stéfano, Llamil Simes y Delfín Unzué.","Cammarata; Crucci y Arrigó; Sastre, Leguizamón y Bustos; Cervino, Zambrano, Erico, De la Mata y Mourín.",foto,20 GOL Llamil Simes (HUR)</br>48 GOL Llamil Simes (HUR)</br>82 GOL Llamil Simes (HUR)</br>42 GOL Rosales (HUR)</br>70 GOL Cervino (IND),45,90,0,0
10/11/1946,Onzari,visitante,derrota,0,5,Rosario Central,26° fecha del Campeonato 1946,Arroyito (Rosario),Bartolomé Macías,"Bruno Barrionuevo; Carlos Marinelli y Gilli; Julio Ramírez, Juan C Giménez y Oscar Corso; Rosales, González, Alfredo Di Stéfano, Llamil Simes y Delfín Unzué.","Quatrocchi; Armándola y Soria; Desimoni, R Ramírez y Gaetán; Pérez, Santos, Geronis, Waldino Aguirre y Marracino.",foto,5 GOL Waldino Aguirre (RCE) -penal-</br>21 GOL Santos (RCE)</br>58 GOL Geronis (RCE) -penal-</br>65 GOL Geronis (RCE)</br>80 GOL Pérez (RCE),45,90,0,0
17/11/1946,Onzari,local,empate,2,2,River Plate,27° fecha del Campeonato 1946,Gasómetro,José Cángaro,"Bruno Barrionuevo; Carlos Marinelli y Gilli; Banchero, Eusebio Videla y Oscar Corso; Juan C Salvini, Norberto Méndez, Alfredo Di Stéfano, Llamil Simes y Delfín Unzué.","Soriano; Vaghi y Rodríguez; Yácono, Néstor Rossi y Ferrari; Muñoz, José Moreno, Adolfo Pedernera, Ángel Labruna y Félix Loustau.",foto,21 GOL Llamil Simes (HUR)</br>27 GOL Ángel Labruna (RPL)</br>38 GOL Delfín Unzué (HUR)</br>41 GOL Ángel Labruna (RPL),45,90,0,0
24/11/1946,Onzari,visitante,victoria,3,2,Lanús,28° fecha del Campeonato 1946,Bombonera,Leopoldo Amoroso,"Bruno Barrionuevo; Carlos Marinelli y Gilli; Banchero, Eusebio Videla y Oscar Corso; Juan C Salvini, Norberto Méndez, Alfredo Di Stéfano, Llamil Simes y Delfín Unzué.","Rodríguez; Salvador Calvente y Filippo; Carreras, Ubiré Durán y Díaz; Contreras, Araujo, Lijé, Reynoso y Marángelo.",foto,14 GOL Norberto Méndez (HUR)</br>44 GOL Araujo (LAN)</br>69 GOL Delfín Unzué (HUR)</br>80 GOL Araujo (LAN)</br>83 GOL Juan C Salvini (HUR),45,90,0,0
01/12/1946,Onzari,visitante,derrota,0,4,Boca Juniors,29° fecha del Campeonato 1946,Bombonera,Ricardo Riestra,"Bruno Barrionuevo; Carlos Marinelli y Gilli; Banchero, Eusebio Videla y Oscar Corso; Juan C Salvini, Delfín Unzué, Alfredo Di Stéfano, Llamil Simes y Heraldo Ferreyro.","Claudio Vacca; Perroncino y Dezorzi; Sosa, Lazzatti y Natalio Pescia; Mario Boyé, Pío Corcuera, Jaime Sarlanga, Juan C Lorenzo y Pin.",foto,18 GOL Mario Boyé (BJU)</br>21 GOL Juan C Lorenzo (BJU)</br>29 GOL Pío Corcuera (BJU)</br>50 GOL Pío Corcuera (BJU),45,90,0,0
08/12/1946,Onzari,local,victoria,1,0,Atlanta,30° fecha del Campeonato 1946,Gasómetro,Valentín Rey,"Bruno Barrionuevo; Carlos Marinelli y Gilli; Julio Ramírez, Eusebio Videla y Oscar Corso; Juan C Salvini, Delfín Unzué, Alfredo Di Stéfano, Llamil Simes y Heraldo Ferreyro.","Carletti; Cruz y Kauffman; Bertarelli, Adamo y Ottagio; Romero, Zito, Riccardi, Bernardo Gandulla y Rosell.",foto,60 GOL Heraldo Ferreyro (HUR),45,90,0,0
04/03/1947,Monti,local,-,-,-,Temperley,Amistoso 1947,-,desconocido,-,-,foto,sin datos,45,90,0,0
06/04/1947,Monti,local,-,-,-,Tigre,Amistoso 1947,-,desconocido,-,-,foto,sin datos,45,90,0,0
13/04/1947,Monti,visitante,victoria,4,2,Rosario Central,1° fecha del Campeonato 1947,Arroyito (Rosario),Humberto Dottori,"Bruno Barrionuevo; Adolfo Gilli y Jorge Alberti; Julio Ramírez, Eusebio Videla y Oscar Corso; Juan C Salvini, Norberto Méndez, Bernardo Parachú, Llamil Simes y Delfín Unzué.","Quatrocchi; Armándola y Soria; Gaetán, Castagno y Fogel; Pérez, Santos, Hohberg, Bravo y Valentini.",foto,11 GOL Castagno (RCE)</br>37 GOL Norberto Méndez (HUR)</br>44 GOL Juan C Salvini (HUR)</br>48 GOL Llamil Simes (HUR)</br>85 GOL Llamil Simes (HUR)</br>77 GOL Hohberg (RCE),45,90,0,0
20/04/1947,Monti,local,victoria,4,0,Atlanta,2° fecha del Campeonato 1947,Gasómetro,Ricardo Riestra,"Bruno Barrionuevo; Adolfo Gilli y Jorge Alberti; Julio Ramírez, Eusebio Videla y Oscar Corso; Juan C Salvini, Norberto Méndez, Arsenio Erico, Llamil Simes y Delfín Unzué.","Carletti; García y Bedia; Corbalán, Santamarina y Bertarelli; Antuña, Desagastizábal, Adolfo Pedernera, Burgueño y Rosell.",foto,44 GOL Llamil Simes (HUR)</br>62 GOL Juan C Salvini (HUR)</br>76 GOL Norberto Méndez (HUR)</br>89 GOL Juan C Salvini (HUR),45,90,0,0
27/04/1947,Monti,visitante,derrota,1,2,Lanús,3° fecha del Campeonato 1947,Lanús,Eduardo Forte,"Bruno Barrionuevo; Adolfo Gilli y Jorge Alberti; Julio Ramírez, Eusebio Videla y Oscar Corso; Juan C Salvini, Norberto Méndez, Arsenio Erico, Llamil Simes y Delfín Unzué.","Gioffré; Álvarez y Filippo; Defelippe, Ubiré Durán y Díaz; Contreras, Semper, Romay, Reynoso y Marángelo.",foto,17 GOL Semper (HUR)</br>47 GOL Delfín Unzué (HUR)</br>59 GOL Contreras (HUR),45,90,0,0
04/05/1947,Monti,local,derrota,0,1,Platense,4° fecha del Campeonato 1947,Gasómetro,Juan J. Álvarez,"Bruno Barrionuevo; Adolfo Gilli y Jorge Alberti; Julio Ramírez, Eusebio Videla y Oscar Corso; Juan C Salvini, Norberto Méndez, Arsenio Erico, Llamil Simes y Delfín Unzué.","Cozzi; Piano e Iglesias; Sandoval, Giúdice y Mammana; Vernazza, Pedaci, Vázquez, Francini y Villalba.",foto,75 GOL Villalba (PLA),45,90,0,0
18/05/1947,Monti,visitante,empate,4,4,Boca Juniors,5° fecha del Campeonato 1947,La Bombonera,Eduardo Forte,"Bruno Barrionuevo; Adolfo Gilli y Jorge Alberti; Julio Ramírez, Eusebio Videla y Oscar Corso; Juan C Salvini, Norberto Méndez, Arsenio Erico, Llamil Simes y Delfín Unzué.","Claudio Vacca; Marante y Dezorzi; Sosa, Lazzatti y Pescia; Mario Boyé, Pío Corcuera, Geronis, Eduardo Ricagni y Pin.",foto,5 GOL Delfín Unzué (HUR)</br>8 GOL Mario Boyé (BJU)</br>22 GOL Pin (BJU)</br>25 GOL Pescia (BJU)</br>38 GOL Delfín Unzué (HUR)</br>47 GOL Juan C Salvini (HUR)</br>48 GOL Eduardo Ricagni (BJU)</br>85 GOL Juan C Salvini (HUR) -penal-,45,90,0,0
25/05/1947,Monti,local,empate,1,1,San Lorenzo de Almagro,6° fecha del Campeonato 1947,Gasómetro,José Cángaro,"Bruno Barrionuevo; Adolfo Gilli y Jorge Alberti; Julio Ramírez, Eusebio Videla y Oscar Corso; Juan C Salvini, Norberto Méndez, Pedro Gallina, Llamil Simes y Delfín Unzué.","Blazina; Martínez y Oscar Basso; Ángel Zubieta, Grecco y Colombo; Imbelloni, Farro, René Pontoni, Rinaldo Martino y Silva.",foto,44 Ángel Zubieta (SLA)</br>47 Pedro Gallina (HUR),45,90,0,0
01/06/1947,Monti,visitante,derrota,0,3,Chacarita Juniors,7° fecha del Campeonato 1947,San Martín,Osvaldo Cossio,"Bruno Barrionuevo; Adolfo Gilli y Jorge Alberti; Julio Ramírez, Eusebio Videla y Oscar Corso; Julio Rosales, Norberto Méndez, Arsenio Erico, Llamil Simes y Heraldo Ferreyro.","Díaz; Spinelli y González; Aguirre, Dutruel y Aráiz; Pesarini, Coll, De Luca, Campana y Busico.",foto,21 GOL Busico (CHJ)</br>66 GOL Pesarini (CHJ)</br>89 GOL De Luca (CHJ),45,90,0,0
08/06/1947,Monti,local,victoria,5,1,Newell's Old Boys (Rosario),8° fecha del Campeonato 1947,Gasómetro,Juan J. Álvarez,"Bruno Barrionuevo; Adolfo Gilli y Jorge Alberti; Julio Ramírez, Eusebio Videla y Justo Taboada; Julio Rosales, Norberto Méndez, Pedro Gallina, Llamil Simes y Heraldo Ferreyro.","Musimessi; Colman y Sobrero; Carlucci, Perucca y Arnaldo; Giosa, Benavídez, López, Carrera y Moyano.",foto,3 GOL Pedro Gallina (HUR)</br>51 GOL Eusebio Videla (HUR)</br>57 GOL Julio Rosales (HUR)</br>71 GOL Carrera (NOB)</br>82 GOL Norberto Méndez (HUR)</br>85 GOL Llamil Simes (HUR),45,90,0,0
15/06/1947,Monti,visitante,empate,3,3,Vélez Sarsfield,8° fecha del Campeonato 1947,Liniers,Jiménez,"Bruno Barrionuevo; Alberto Pascal y Jorge Alberti; Julio Ramírez, Eusebio Videla y Oscar Corso; Julio Rosales, Norberto Méndez, Pedro Gallina, Llamil Simes y Heraldo Ferreyro.","Rugilo; Huss y Allegri; Scrugli, Coccellato y Ovide; Heisecke, Bottini, Ferraro, Bermúdez y Fernández.",foto,40 GOL Pedro Gallina (HUR)</br>46 GOL Oscar Corso (HUR)</br>53 GOL Norberto Méndez (HUR)</br>58 GOL Heisecke (VSA)</br>70 GOL Bottini (VSA)</br>88 GOL Fernández (VSA),45,90,0,0
22/06/1947,Monti,local,victoria,1,0,Banfield,10° fecha del Campeonato 1947,Gasómetro,José Cángaro,"Bruno Barrionuevo; Adolfo Gilli y Jorge Alberti; Julio Ramírez, Eusebio Videla y Justo Taboada; Delfín Unzué, Norberto Méndez, Pedro Gallina, Juan E Elena y Heraldo Ferreyro.","Sánchez; Laidlaw y Bagnato; Puerta, Gómez y Tolosa; Mongelli, Techera, Ameal, Sanz y Silvera.",foto,22 GOL Pedro Gallina (HUR),45,90,0,0
29/06/1947,Monti,visitante,derrota,2,3,River Plate,11° fecha del Campeonato 1947,Monumental,Eduardo Forte,"Bruno Barrionuevo; Alberto Pascal y Adolfo Gilli; Julio Ramírez, Eusebio Videla y Enrique Cerioni; Juan C Salvini, Norberto Méndez, Pedro Gallina, Llamil Simes y Delfín Unzué.","Grisetti; Vaghi y Ferreyra; Yácono, Rossi y Ramos; Reyes, José Moreno, Alfredo Di Stéfano, Rodríguez y Félix Loustau.",foto,24 GOL Félix Loustau (RPL)</br>35 GOL Llamil Simes (HUR)</br>38 GOL Alfredo Di Stéfano (RPL)</br>43 EXP Norberto Méndez (HUR)</br>62 GOL Rodríguez (RPL)</br>77 GOL Pedro Gallina (HUR),45,90,0,0
06/07/1947,Monti,local,derrota,1,3,Racing Club,12° fecha del Campeonato 1947,Gasómetro,Humberto Dottori,"Bruno Barrionuevo; Alberto Pascal y Adolfo Gilli; Julio Ramírez, Eusebio Videla y Enrique Cerioni; Juan C Salvini, Bernardo Parachú, Pedro Gallina, Llamil Simes y Delfín Unzué.","Favalli; Yebra y Palma; Fonda, Ongaro y Gutiérrez; Di Pace, Gallo, Bravo, D’Alessandro y Sued.",foto,9 GOL Julio Ramírez (HUR)</br>34 GOL Gallo (RAC)</br>49 GOL Di Pace (RAC)</br>73 GOL Sued (RAC),45,90,0,0
09/07/1947,Monti,visitante,victoria,2,1,Liga de Santiago del Estero,Amistoso 1947 (Día de la Independencia),Liga Cultural (Santiago del Estero),desconocido,-,-,foto,sin datos,45,90,0,0
20/07/1947,Monti,visitante,derrota,0,2,Estudiantes (La Plata),13° fecha del Campeonato 1947,El Bosque (La Plata),Fuster,"Bruno Barrionuevo; Alberto Pascal y Jorge Alberti; Julio Ramírez, Eusebio Videla y Enrique Cerioni; Julio Rosales, Juan C Salvini, Arsenio Erico, Llamil Simes y Delfín Unzué.","Ogando; Violini y Ferretti; Garcerón, Villa y Bouché; Ferreyra, Negri, Ricardo Infante, Arbios y Manuel Pelegrina.",foto,58 GOL Manuel Pelegrina (ELP)</br>60 EXP Alberto Pascal (HUR)</br>85 GOL Ricardo Infante (ELP),45,90,0,0
27/07/1947,Monti,visitante,derrota,0,3,Independiente,14° fecha del Campeonato 1947,Doble Visera,José Cángaro,"Bruno Barrionuevo; Alberto Pascal y Jorge Alberti; Julio Ramírez, Eusebio Videla y Enrique Cerioni; Juan C Salvini, Delfín Unzué, Arsenio Erico, Llamil Simes y Heraldo Ferreyro.","Simonetti; Barraza y Arrigó; Sastre, Gil y Rivas; Cervino, De la Mata, Deleva, Fernández y Mourín.",foto,42 GOL Fernández (IND)</br>72 EXP Arrigó (IND)</br>72 EXP Llamil Simes (HUR)</br>78 GOL Cervino (IND)</br>79 GOL Cervino (IND),45,90,0,0
03/08/1947,Monti,local,victoria,3,1,Tigre,15° fecha del Campeonato 1947,Gasómetro,Mauri,"Bruno Barrionuevo; Alberto Pascal y Jorge Alberti; Julio Ramírez, Eusebio Videla y Enrique Cerioni; Julio Rosales, Norberto Méndez, Pedro Gallina, Llamil Simes y Delfín Unzué.","Botto; Passarín y García Pérez; Rubio, Arcos y Poletti; Fiore, Giorgetti, Gómez, López y Lazarte.",foto,6 GOL Gómez (TIG)</br>44 GOL Llamil Simes (HUR)</br>63 GOL Pedro Gallina (HUR)</br>88 GOL Delfín Unzué (HUR),45,90,0,0
10/08/1947,Monti,local,derrota,3,4,Rosario Central,16° fecha del Campeonato 1947,Gasómetro,Coluccio,"Paulo Rodríguez; Adolfo Gilli y Jorge Alberti; Julio Ramírez, Eusebio Videla y Alberto Pascal; Juan C Salvini, Norberto Méndez, Pedro Gallina, Llamil Simes y Delfín Unzué.","Quatrocchi; Armándola y Gentile; Gaetán, Castagno y Fogel; Pérez, Hohberg, Funes, Santos y Vilariño.",foto,2 GOL Funes (RCE)</br>8 GOL Juan C Salvini (HUR)</br>13 GOL Funes (RCE)</br>30 GOL Jorge Alberti (HUR)</br>48 GOL Funes (RCE)</br>61 GOL Vilariño (RCE)</br>78 LES Juan C Salvini (HUR)</br>81 GOL Norberto Méndez (HUR),45,90,0,0
17/08/1947,Monti,visitante,victoria,2,1,Atlanta,17° fecha del Campeonato 1947,Villa Crespo,Jiménez,"Edgardo Quiroga; Alberto Pascal y Jorge Alberti; Julio Ramírez, Juan C Giménez y Enrique Cerioni; Julio Rosales, Norberto Méndez, Pedro Gallina, Llamil Simes y Delfín Unzué.","Ledesma; Cruz y Bedia; Corvalán, Bertarelli y Modernell; Romero, Adolfo Pedernera, Yorlano, Gandulla y Rosell.",foto,68 GOL Julio Rosales (HUR)</br>72 GOL Yorlano (ATL)</br>87 GOL Corvalán (ATL) -en contra-,45,90,0,0
24/08/1947,Monti,local,empate,1,1,Lanús,18° fecha del Campeonato 1947,Gasómetro,Leopoldo Amoroso,"Edgardo Quiroga; Alberto Pascal y Jorge Alberti; Julio Ramírez, Juan C Giménez y Enrique Cerioni; Julio Rosales, Norberto Méndez, Pedro Gallina, Llamil Simes y Delfín Unzué.","Rodríguez; Álvarez y Filippo; Barchielli, Ubiré Durán y Díaz; Contreras, Lijé, Florio, Reynoso y Castiglia.",foto,22 GOL Llamil Simes (HUR),45,90,0,0
31/08/1947,Monti,visitante,derrota,0,1,Platense,19° fecha del Campeonato 1947,Saavedra,Humberto Dottori,"Edgardo Quiroga; Alberto Pascal y Jorge Alberti; Julio Ramírez, Juan C Giménez y Enrique Cerioni; Julio Rosales, Norberto Méndez, Juan C Salvini, Llamil Simes y Delfín Unzué.","Cozzi; Quevedo y Iglesias; Sandoval, Giúdice y Mammana; Santiago Vernazza, Pedaci, Frutos, Francini y Villalba.",foto,9 GOL Pedaci (PLA),45,90,0,0
07/09/1947,Monti,local,victoria,4,3,Boca Juniors,20° fecha del Campeonato 1947,El Palacio,Valentín Rey,"Edgardo Quiroga; Alberto Pascal y Jorge Alberti; Néstor Naya, Juan C Giménez y Enrique Cerioni; Delfín Unzué, Norberto Méndez, Juan C Salvini, Llamil Simes y Heraldo Ferreyro.","Diano; José Marante y De Zorzi; Vendáis, Espinoza y Pescia; Mario Boyé, Pío Corcuera, Jaime Sarlanga, Eduardo Ricagni y Pin.",foto,15 GOL Heraldo Ferreyro (HUR)</br>19 GOL Juan C Salvini (HUR)</br>41 GOL Pío Corcuera (BJU)</br>48 GOL Juan C Salvini (HUR)</br>53 GOL Juan C Salvini (HUR)</br>56 GOL Mario Boyé (BJU)</br>75 GOL Mario Boyé (BJU),45,90,0,0
14/09/1947,Monti,visitante,empate,3,3,San Lorenzo de Almagro,21° fecha del Campeonato 1947,Gasómetro,Leopoldo Amoroso,"Edgardo Quiroga; Alberto Pascal y Jorge Alberti; Néstor Naya, Juan C Giménez y Enrique Cerioni; Delfín Unzué, Norberto Méndez, Juan C Salvini, Llamil Simes y Heraldo Ferreyro.","Blazina; Vanzini y Basso; Benegas, Grecco y Colombo; Imbelloni, Farro, René Pontoni, Rinaldo Martino y Silva.",foto,6 GOL Llamil Simes (HUR)</br>15 GOL Silva (SLA)</br>54 GOL Norberto Méndez (HUR)</br>57 GOL Llamil Simes (HUR)</br>72 GOL René Pontoni (SLA)</br>89 GOL Rinaldo Martino (SLA),45,90,0,0
21/09/1947,Monti,local,derrota,1,3,Chacarita Juniors,22° fecha del Campeonato 1947,El Palacio,Mauri,"Bruno Barrionuevo; Alberto Pascal y Adolfo Gilli; Néstor Naya, Juan C Giménez y Enrique Cerioni; Julio Rosales, Norberto Méndez, Juan C Salvini, Llamil Simes y Heraldo Ferreyro.","Díaz; Spinelli y Pizarro; Scriminacci, Dutruel y Aráiz; Pesarini, Coll, De Luca, Campana y Busico.",foto,29 GOL Campana (CHJ)</br>32 GOL Llamil Simes (HUR)</br>55 GOL Campana (CHJ)</br>84 GOL De Luca (CHJ),45,90,0,0
28/09/1947,Monti,visitante,derrota,1,5,Newell's Old Boys (Rosario),23° fecha del Campeonato 1947,Parque Independencia (Rosario),José Cángaro,"Edgardo Quiroga; Alberto Pascal y Enrique Cerioni; Néstor Naya, Juan C Giménez y Oscar Corso; Julio Rosales, Norberto Méndez, Juan C Salvini, Llamil Simes y Heraldo Ferreyro.","Chamorro; Colman y Sobrero; Martínez, Perucca y Arnaldo; Giosa, López, Medina, Buján y Moyano.",foto,4 GOL López (NOB)</br>44 GOL Moyano (NOB) -penal-</br>47 GOL Norberto Méndez (HUR) -penal-</br>66 GOL López (NOB)</br>68 GOL Giosa (NOB)</br>76 GOL Buján (NOB),45,90,0,0
05/10/1947,Monti,local,victoria,4,2,Vélez Sarsfield,24° fecha del Campeonato 1947,El Palacio,Fuster,"Bruno Barrionuevo; Alberto Pascal y Orlando Espeche; Julio Ramírez, Juan C Giménez y Enrique Cerioni; Julio Rosales, Norberto Méndez, Pedro Gallina, Llamil Simes y Heraldo Ferreyro.","Marcello; Curutchet y Allegri; Scrugli, Coccellato y Ovide; Heisecke, Scliar, Ferraro, Bottini y Barbales.",foto,14 GOL Pedro Gallina (HUR)</br>19 GOL Scliar (VSA)</br>22 GOL Scliar (VSA)</br>30 Se retira Pascal (regresa a los 50)</br>37 GOL Norberto Méndez (HUR)</br>82 GOL Llamil Simes (HUR)</br>89 GOL Pedro Gallina (HUR),45,90,0,0
12/10/1947,Monti,visitante,derrota,2,4,Banfield,25° fecha del Campeonato 1947,Florencio Sola,Leopoldo Amoroso,"Bruno Barrionuevo; Alberto Pascal y Orlando Espeche; Julio Ramírez, Juan C Giménez y Enrique Cerioni; Julio Rosales, Norberto Méndez, Pedro Gallina, Llamil Simes y Heraldo Ferreyro.","J Sánchez; Laidlaw y Bagnato; Puerta, Gómez y F Sánchez; Mongelli, R. Sánchez, Albella, Ameal y Silvera.",foto,36 GOL Ameal (BAN)</br>44 GOL Pedro Gallina (HUR)</br>52 GOL R Sánchez (BAN) -penal-</br>79 GOL R Sánchez (BAN) -penal-</br>86 GOL Ameal (BAN)</br>89 GOL Llamil Simes (HUR),45,90,0,0
19/10/1947,Monti,local,victoria,3,2,River Plate,26° fecha del Campeonato 1947,El Palacio,Coluccio,"Bruno Barrionuevo; Alberto Pascal y Orlando Espeche; Julio Ramírez, Juan C Giménez y Enrique Cerioni; Juan C Salvini, Norberto Méndez, Pedro Gallina, Llamil Simes y Heraldo Ferreyro.","Grisetti; Vaghi y Ferreyra; Yácono, Rossi y Ramos; Reyes, Moreno, Alfredo Di Stéfano, Ángel Labruna y Félix Loustau.",foto,7 GOL Juan C Salvini (HUR)</br>20 GOL Julio Ramírez (HUR)</br>37 GOL Alfredo Di Stéfano (RPL)</br>54 GOL Yácono (HUR) -en contra-</br>79 GOL José Moreno (RPL)</br>80 EXP Pedro Gallina (HUR)</br>80 EXP Vaghi (RPL),45,90,0,0
26/10/1947,Monti,visitante,derrota,1,3,Racing Club,27° fecha del Campeonato 1947,La Bombonera,Humberto Dottori,"Bruno Barrionuevo; Alberto Pascal y Orlando Espeche; Julio Ramírez, Juan C Giménez y Enrique Cerioni; Juan C Salvini, Norberto Méndez, Pedro Gallina, Llamil Simes y Heraldo Ferreyro.","Favalli; Héctor Uzal y Juan M Filgueiras; Fonda, Ongaro y Gutiérrez; Octavio Caserio, Gallo, Di Pace, Waldino Aguirre y Sued.",foto,60 GOL Ongaro (RAC)</br>67 GOL Sued (RAC)</br>75 GOL Llamil Simes (HUR)</br>85 GOL Waldino Aguirre (RAC),45,90,0,0
02/11/1947,Monti,local,derrota,0,5,Estudiantes (La Plata),28° fecha del Campeonato 1947,El Palacio,Valentín Rey,"Bruno Barrionuevo; Alberto Pascal y Orlando Espeche; Julio Ramírez, Juan C Giménez y Enrique Cerioni; Juan C Salvini, Norberto Méndez, Llamil Simes, José Vigo y Heraldo Ferreyro.","Ogando; Guzmán y Violini; Rodríguez, Villa y Garcerón; Gagliardo, Negri, Infante, Arbios y Ferreyra.",foto,2 GOL Ricardo Infante (ELP)</br>12 GOL Ricardo Infante (ELP)</br>18 GOL Ferreyra (ELP)</br>44 GOL Enrique Cerioni (ELP) -en contra-</br>59 GOL Ricardo Infante (ELP),45,90,0,0
09/11/1947,Monti,local,derrota,4,5,Independiente,29° fecha del Campeonato 1947,El Palacio,Jiménez,"Edgardo Quiroga; Alberto Pascal y Ernesto Varaldo; Néstor Naya, Julio Ramírez y Enrique Cerioni; Juan C Salvini, Norberto Méndez, Pedro Gallina, Llamil Simes y Heraldo Ferreyro.","Simonetti; Barraza y Arrigó; Sastre, Gil y Battagliero; Cervino, De la Mata, Fernández, Walter y Reula.",foto,4 GOL Walter (IND)</br>37 GOL Cervino (IND)</br>41 GOL Walter (IND)</br>44 GOL Cervino (IND)</br>53 GOL Enrique Cerioni (HUR)</br>78 GOL Pedro Gallina (HUR)</br>83 GOL Enrique Cerioni (HUR)</br>88 GOL Juan C Salvini (HUR)</br>89 GOL Reula (IND),45,90,0,0
16/11/1947,Monti,visitante,derrota,1,3,Tigre,30° fecha del Campeonato 1947,Victoria,Eduardo Forte,"Paulo Rodríguez; Alberto Pascal y Ernesto Varaldo; Néstor Naya, Juan C Giménez y Julio Ramírez; Juan C Salvini, Norberto Méndez, Bernardo Parachú, Llamil Simes y Heraldo Ferreyro.","Villafañe; Passarín y García Pérez; Rubio, Arcos y Rico; Fiore, Giorgetti, Gómez, Ingunza y Cardona.",foto,27 LES Paulo Rodríguez -Juan C Salvini va al arco-62 GOL Ingunza (TIG)</br>73 GOL Ingunza (TIG)</br>70 GOL Gómez (TIG)</br>88 GOL Bernardo Parachú (HUR),45,90,0,0
04/04/1948,Baldonedo,neutral,victoria,2,0,Banfield,1° ronda de Copa Competencia 1948,Gasómetro,Cox,"Héctor Ricardo; Héctor Uzal y Juan M Filgueiras; Julio Ramírez, Ubiré Durán y Enrique Cerioni; Octavio Caserio, Waldino Aguirre, Adolfo Pedernera, Alejandrino Genés y Juan B Villalba.","Jaime; Laidlaw y Ángel Pezzutti; Guzmán, Quiroga y Tolosa; Di Pace, Gallo, Albella, Walter y Silvera.",foto,39 GOL Adolfo Pedernera (HUR)</br><b>1° Tiempo: Huracán 1x0 Banfield</b></br>76 GOL Waldino Aguirre (HUR),45,90,0,0
18/04/1948,Baldonedo,visitante,victoria,1,0,San Lorenzo de Almagro,1° fecha del Campeonato 1948,Gasómetro,Hartles,"Héctor Ricardo; Héctor Uzal y Juan M Filgueiras; Julio Ramírez, Ubiré Durán y Enrique Cerioni; Octavio Caserio, José Vigo, Adolfo Pedernera, Waldino Aguirre y Juan B Villalba.","Blazina; Terra y Basso; Benegas, Perucca y Piñeiro; Reggi, Farro, Pontoni, Martino y Silva.",foto,51 GOL Waldino Aguirre (HUR),45,90,0,0
25/04/1948,Baldonedo,local,empate,1,1,Boca Juniors,2° fecha del Campeonato 1948,El Palacio,Gibbs,"Héctor Ricardo; Héctor Uzal y Juan M Filgueiras; Julio Ramírez, Ubiré Durán y Enrique Cerioni; Octavio Caserio, José Vigo, Adolfo Pedernera, Waldino Aguirre y Juan B Villalba.","Diano; Marante y Dezorzi; Sosa, Castellani y Pescia; Boyé, Negri, Gómez Sánchez, Ricagni y Pin.",foto,19 GOL Waldino Aguirre (HUR)</br>44 GOL Gómez Sánchez (BJU),45,90,0,0
02/05/1948,Baldonedo,visitante,victoria,1,0,Estudiantes (La Plata),3° fecha del Campeonato 1948,Uno (La Plata),Cox,"Héctor Ricardo; Héctor Uzal y Juan M Filgueiras; Julio Ramírez, Ubiré Durán y Enrique Cerioni; Octavio Caserio, Patiño, Adolfo Pedernera, José Vigo y Juan B Villalba.","Ogando; Guzmán y Pirone; Garcerón, Villa y Bouché; Martegani, Reynoso, Ricardo Infante, Arbios y Manuel Pelegrina.",foto,53 GOL Octavio Caserio (HUR),45,90,0,0
09/05/1948,Baldonedo,local,victoria,4,0,Tigre,4° fecha del Campeonato 1948,El Palacio,Dean,"Héctor Ricardo; Héctor Uzal y Juan M Filgueiras; Julio Ramírez, Ubiré Durán y Enrique Cerioni; Octavio Caserio, Patiño, Adolfo Pedernera, Waldino Aguirre y Juan B Villalba.","Villafañe; Passarín y García Pérez; Rico, Arcos y Poletti; Montes, Giorgetti, Gómez, González y Cardona.",foto,8 GOL Francisco Solano Patiño (HUR)</br>37 GOL Adolfo Pedernera (HUR)</br>63 GOL Adolfo Pedernera (HUR)</br>77 GOL Juan B Villalba (HUR),45,90,0,0
16/05/1948,Baldonedo,visitante,derrota,0,2,Vélez Sarsfield,5° fecha del Campeonato 1948,San Martín,Brown,"Héctor Ricardo; Héctor Uzal y Juan M Filgueiras; Julio Ramírez, Ubiré Durán y Enrique Cerioni; Octavio Caserio, Francisco Solano Patiño, Adolfo Pedernera, Waldino Aguirre y Juan B Villalba.","Rugilo; Huss y Allegri; Scrugli, Coccellato y Ovide; Heisecke, Scliar, Espinoza, Bermúdez y Barbeito.",foto,30 GOL Espinoza (VSA)</br>48 GOL Bermúdez (VSA),45,90,0,0
23/05/1948,Baldonedo,local,victoria,2,0,River Plate,6° fecha del Campeonato 1948,El Palacio,Cox,"Héctor Ricardo; Héctor Uzal y Juan M Filgueiras; Julio Ramírez, Ubiré Durán y Enrique Cerioni; Octavio Caserio, Francisco Solano Patiño, Adolfo Pedernera, Waldino Aguirre y Juan B Villalba.","Amadeo Carrizo; Vaghi y Rodríguez; Yácono, Rossi y Ramos; Reyes, José Moreno, Alfredo Di Stéfano, Ángel Labruna y Félix Loustau.",foto,15 GOL Octavio Caserio (HUR)</br>17 GOL Ubiré Durán (HUR),45,90,0,0
30/05/1948,Baldonedo,visitante,derrota,0,1,Lanús,7° fecha del Campeonato 1948,Lanús,Provan,"Héctor Ricardo; Héctor Uzal y Juan M Filgueiras; Julio Ramírez, Ubiré Durán y Enrique Cerioni; Octavio Caserio, Francisco Solano Patiño, Adolfo Pedernera, Waldino Aguirre y Juan B Villalba.","Gioffré; Calvente y Vázquez; Barchielli, Corvetto y Díaz; Tablada, López, Lijé, González y De la Mata.",foto,25 GOL Lijé (LAN),45,90,0,0
06/06/1948,Baldonedo,local,victoria,3,1,Racing Club,8° fecha del Campeonato 1948,El Palacio,Hartles,"Héctor Ricardo; Héctor Uzal y Juan M Filgueiras; Julio Ramírez, Ubiré Durán y Enrique Cerioni; Octavio Caserio, Patiño, Adolfo Pedernera, Waldino Aguirre y Juan B Villalba.","Rodríguez; García y Filippo; Fonda, Ongaro y Gutiérrez; Juan C Salvini, Norberto Méndez, Bravo, Llamil Simes y Sued.",foto,30 Waldino Aguirre (HUR)</br>39 Enrique Cerioni (HUR) -penal-</br>73 Juan B Villalba (HUR)</br>81 Norberto Méndez (RAC),45,90,0,0
13/06/1948,Baldonedo,visitante,empate,0,0,Newell's Old Boys (Rosario),9° fecha del Campeonato 1948,Parque Independencia (Rosario),Brown,"Héctor Ricardo; Héctor Uzal y Juan M Filgueiras; Julio Ramírez, Ubiré Durán y Enrique Cerioni; Octavio Caserio, Francisco Solano Patiño, Adolfo Pedernera, Waldino Aguirre y Juan B Villalba.","Musimessi; Colman y Sobrero; Lombardo, Juan B Romo y Arnaldo; Contini, Benavídez, Alarcón, Buján y R Durán.",foto,66 LES Juan B Romo (NOB),45,90,0,0
20/06/1948,Baldonedo,visitante,derrota,1,3,Gimnasia y Esgrima (La Plata),10° fecha del Campeonato 1948,El Bosque (La Plata),Provan,"Héctor Ricardo; Héctor Uzal y Juan M Filgueiras; Julio Ramírez, Ubiré Durán y Enrique Cerioni; Octavio Caserio, Francisco Solano Patiño, Adolfo Pedernera, Waldino Aguirre y Juan B Villalba.","Manceda; Eiras y Chiarini; Bustos, Rastelli y Calzoni; Camacho, Santiago, Martínez, Walter y Heredia.",foto,2 Francisco Solano Patiño (HUR)</br>22 Walter (GLP)</br>49 Heredia (GLP)</br>89 Walter (GLP),45,90,0,0
27/06/1948,Baldonedo,local,victoria,3,2,Chacarita Juniors,11° fecha del Campeonato 1948,El Palacio,Gregory,"Héctor Ricardo; Héctor Uzal y Juan M Filgueiras; Julio Ramírez, Ubiré Durán y Enrique Cerioni; Octavio Caserio, Francisco Solano Patiño, Adolfo Pedernera, José Vigo y Heraldo Ferreyro.","Goncebatt; Spinelli y Pizarro; Scriminacci, Dutruel y Araiz; Pesarini, Coll, Martegani, Campana y Busico.",foto,43 GOL Busico (CHJ)</br>46 GOL José Vigo (HUR)</br>54 GOL Martegani (CHJ)</br>64 GOL Heraldo Ferreyro (HUR)</br>87 GOL Francisco Solano Patiño (HUR),45,90,0,0
18/07/1948,Baldonedo,visitante,derrota,0,7,Rosario Central,12° fecha del Campeonato 1948,Arroyito (Rosario),Dean,"Héctor Ricardo; Héctor Uzal y Juan M Filgueiras; Julio Ramírez, Ubiré Durán y Enrique Cerioni; Octavio Caserio, Francisco Solano Patiño, Adolfo Pedernera, José Vigo y Heraldo Ferreyro.","Quatrocchi; Armándola y Soria; Sosa, Castagno y Fogel; Pérez, Santos, Mur, Bravo y Vilariño.",foto,8 GOL Vilariño (RCE)</br>14 GOL Santos (RCE)</br>30 GOL Bravo (RCE)</br>39 GOL Bravo (RCE)</br>43 GOL Mur (RCE)</br>52 GOL Vilariño (RCE)</br>87 GOL Santos (RCE),45,90,0,0
25/07/1948,Baldonedo,local,empate,0,0,Independiente,13° fecha del Campeonato 1948,El Palacio,Brown,"Héctor Ricardo; Héctor Uzal y Juan M Filgueiras; Julio Ramírez, Ubiré Durán y Enrique Cerioni; Octavio Caserio, Adolfo Pedernera, Antonio Zamaro, Waldino Aguirre y Heraldo Ferreyro.","Simonetti; Crucci y Arrigó; Rivas, Bissutti y Gil; Cervino, Vicente De la Mata, Romay, Fernández y Mourín.",foto,1° Tiempo: Huracán 0x0 Independiente,45,90,0,0
01/08/1948,Baldonedo,visitante,victoria,4,1,Platense,14° fecha del Campeonato 1948,Saavedra,Dean,"Héctor Ricardo; Héctor Uzal y Juan M Filgueiras; Julio Ramírez, Ubiré Durán y Enrique Cerioni; Octavio Caserio, Francisco Solano Patiño, Antonio Zamaro, Waldino Aguirre y Heraldo Ferreyro.","Cozzi; Piano e Iglesias; Bufatelli, Vukusich y Sandoval; Vernazza, Rodríguez, Deleva, Báez y Sayago.",foto,32 GOL Deleva (PLA)</br>35 GOL Waldino Aguirre (HUR)</br>60 GOL Antonio Zamaro (HUR)</br>79 GOL Waldino Aguirre (HUR)</br>81 GOL Heraldo Ferreyro (HUR),45,90,0,0
08/08/1948,Baldonedo,local,empate,1,1,Banfield,15° fecha del Campeonato 1948,El Palacio,White,"Héctor Ricardo; Aniceto López y Juan M Filgueiras; Julio Ramírez, Ubiré Durán y Enrique Cerioni; Octavio Caserio, Francisco Solano Patiño, Antonio Zamaro, Waldino Aguirre y Heraldo Ferreyro.","Jaime; Yebra y Pezzutti; Guzmán, Gobbo y Tolosa; Moreno, Di Pace, Albella, Walter y Panasci.",foto,67 GOL Octavio Caserio (HUR)</br>74 GOL Yebra -penal- (BAN),45,90,0,0
15/08/1948,Baldonedo,local,derota,1,2,San Lorenzo de Almagro,16° fecha del Campeonato 1948,El Palacio,Provan,"Héctor Ricardo; Aniceto López y Juan M Filgueiras; Julio Ramírez, Ubiré Durán y Enrique Cerioni; Octavio Caserio, Francisco Solano Patiño, Antonio Zamaro, Waldino Aguirre y Heraldo Ferreyro.","Sánchez; Ángel Zubieta y Oscar Basso; Resquín, Perucca y Benegas; Reggi, Farro, Aballay, Rinaldo Martino y Silva.",foto,86 GOL Reggi (SLA)</br>88 GOL Farro (SLA)</br>89 GOL Waldino Aguirre (HUR),45,90,0,0
17/08/1948,Baldonedo,neutral,derrota,1,3,San Lorenzo de Almagro,Amistoso 1948 (Fundación Eva Perón),La Bombonera,Jaoo,"Héctor Ricardo (46 Díaz); Enrique Cerioni y Juan M Filgueiras; Julio Ramírez, Ubiré Durán y Bernasconi; Octavio Caserio (46 Joaquín Fernández), José Vigo, Antonio Zamaro (Marino), José Montagnoli (Alejandrino Genés) y José Lanza (Juan B Villalba).","Blazina; Ángel Zubieta y Oscar Basso (46 González); Resquín, Perucca (46 Grecco) y Benegas (46 Berterano); Reggi, Farro, Aballay (46 Gambina), Rinaldo Martino (46 Rial) y Silva (46 Imbelloni).",foto,7 GOL Aballay (SLA)</br>11 GOL Farro (SLA)</br>14 GOL Antonio Zamaro (HUR)</br>69 GOL Gambina (SLA),45,90,0,0
22/08/1948,Baldonedo,visitante,empate,1,1,Boca Juniors,17° fecha del Campeonato 1948,La Bombonera,Brown,"Héctor Ricardo; Aniceto López y Juan M Filgueiras; Julio Ramírez, Ubiré Durán y Enrique Cerioni; Joaquín Fernández, José Vigo, Antonio Zamaro, Octavio Caserio y José Lanza.","Claudio Vacca; Marante y Dezorzi; Sosa, Bratina y Pescia; Mario Boyé, Jaime Sarlanga, Heleno de Freitas, Gómez Sánchez y Eduardo Ricagni.",foto,13 GOL Gómez Sánchez (BJU)</br>36 GOL Fernández (HUR),45,90,0,0
29/08/1948,Baldonedo,local,derrota,0,3,Estudiantes (La Plata),18° fecha del Campeonato 1948,El Palacio,Gibbs,"Héctor Ricardo; Aniceto López y Juan M Filgueiras; Julio Ramírez, Ubiré Durán y Oscar Corso; Joaquín Fernández, José Vigo, Adolfo Pedernera, Octavio Caserio y José Lanza.","Ogando; Guzmán y Violini; Garcerón, Villa y Bouché; Vidal, Barreiro, Ricardo Infante, Reynoso y Manuel Pelegrina.",foto,69 GOL Reynoso (ELP)</br>74 GOL Ricardo Infante (ELP)</br>86 GOL Reynoso (ELP),45,90,0,0
05/09/1948,Baldonedo,visitante,empate,2,2,Tigre,19° fecha del Campeonato 1948,Victoria,Cox,"Héctor Ricardo; Héctor Uzal y Juan M Filgueiras; Oscar Corso, Ubiré Durán y Enrique Cerioni; Octavio Caserio, Francisco Solano Patiño, Antonio Zamaro, José Vigo y Heraldo Ferreyro.","Botto; Passarín y García Pérez; Rico, Arcos y Poletti; Montes, González, Gómez, Cesáreo y Cardona.",foto,41 GOL González (TIG)</br>64 GOL José Vigo (HUR)</br>72 GOL Antonio Zamaro (HUR)</br>83 GOL Gómez (TIG),45,90,0,0
12/09/1948,Baldonedo,local,empate,2,2,Vélez Sarsfield,20° fecha del Campeonato 1948,El Palacio,Dean,"Héctor Ricardo; Héctor Uzal y Juan M Filgueiras; Oscar Corso, Ubiré Durán y Enrique Cerioni; Octavio Caserio, Francisco Solano Patiño, Antonio Zamaro, José Vigo y Heraldo Ferreyro.","Rugilo; Huss y Allegri; J. Heraldo Ferreyro, Santos y Ovide; Heisecke, Scliar, Ferraro, Bermúdez y Fernández.",foto,37 GOL José Vigo (HUR)</br>55 GOL Ferraro (VSA)</br>57 GOL José Vigo (HUR)</br>79 GOL Ferraro (VSA),45,90,0,0
19/09/1948,Baldonedo,visitante,derrota,3,4,River Plate,21° fecha del Campeonato 1948,Monumental,Jaoo,"Héctor Ricardo; Héctor Uzal y Juan M Filgueiras; Julio Ramírez, Ubiré Durán y Enrique Cerioni; Octavio Caserio, José Vigo, Adolfo Pedernera, Waldino Aguirre y Juan B Villalba.","Antonio Carrizo; Vaghi y Kelly; Yácono, Néstor Rossi y Ramos; Muñoz, José Moreno, Di Stéfano, Ángel Labruna y Félix Loustau.",foto,17 GOL Alfredo Di Stéfano (RPL)</br>62 GOL Félix Loustau (RPL)</br>69 GOL Héctor Uzal (RPL) -en contra-</br>72 GOL Octavio Caserio (HUR)</br>75 GOL Félix Loustau (RPL)</br>80 GOL Octavio Caserio (HUR)</br>88 GOL Octavio Caserio (HUR),45,90,0,0
26/09/1948,Baldonedo,local,victoria,3,1,Lanús,22° fecha del Campeonato 1948,El Palacio,Hartles,"Héctor Ricardo; Héctor Uzal y Juan M Filgueiras; Julio Ramírez, Ubiré Durán y Enrique Cerioni; Octavio Caserio, José Vigo, Adolfo Pedernera, Waldino Aguirre y Juan B Villalba.","Gioffré; Calvente y Vázquez; Díaz, Corvetto y M Rodríguez; Oscar Contreras, R Rodríguez, Pérez, Pedaci y De la Mata.",foto,22 GOL Waldino Aguirre (HUR)</br>43 GOL Pérez (LAN)</br>68 GOL Octavio Caserio (HUR)</br>71 GOL Juan B Villalba (HUR),45,90,0,0
18/10/1948,Baldonedo,visitante,derrota,1,4,Racing Club,23° fecha del Campeonato 1948,Gasómetro,Gibbs,"Héctor Ricardo; Héctor Uzal y Juan M Filgueiras; Julio Ramírez, Ubiré Durán y Enrique Cerioni; Octavio Caserio, José Vigo, Adolfo Pedernera, Waldino Aguirre y Juan B Villalba.","Rodríguez; García y Palma; Fonda, Ongaro y Gutiérrez; Juan C Salvini, Norberto Méndez, Bravo, Llamil Simes y Sued.",foto,18 GOL Enrique Cerioni (RAC) -en contra-</br>20 GOL García (RAC)</br>35 GOL Llamil Simes (RAC)</br>50 GOL Waldino Aguirre (HUR)</br>86 GOL Llamil Simes (RAC),45,90,0,0
24/10/1948,Baldonedo,local,derrota,0,1,Newell's Old Boys (Rosario),24° fecha del Campeonato 1948,El Palacio,Cox,"Héctor Ricardo; Héctor Uzal y Juan M Filgueiras; Julio Ramírez, Ubiré Durán y Enrique Cerioni; Octavio Caserio, José Montagnoli, Antonio Zamaro, José Vigo y Juan B Villalba.","Musimessi; Colman y Sobrero; Lombardo, Faina y Puissegur; Contini, Costa, Mardiza, Benavídez y Moyano.",foto,24 GOL Contini (NOB),45,90,0,0
31/10/1948,Baldonedo,local,victoria,2,1,Gimnasia y Esgrima (La Plata),25° fecha del Campeonato 1948,El Palacio,Brown,"Héctor Ricardo; Héctor Uzal y Juan M Filgueiras; Julio Ramírez, Ubiré Durán y Enrique Cerioni; Octavio Caserio, José Vigo, Antonio Zamaro, Alejandrino Genés y Juan B Villalba.","Poggi; Eiras y Chiarini; Calzoni, Rastelli y Bustos; Camacho, Alarcón, Martínez, Walter y Marracino.",foto,25 GOL José Vigo (HUR)</br>30 GOL José Vigo (HUR)</br>28 GOL Martínez (GLP),45,90,0,0
14/11/1948,Baldonedo,visitante,victoria,4,0,Chacarita Juniors,26° fecha del Campeonato 1948,San Martín,Gregory,"Enrique Ferro; Juan A Romeral y Modesto Salina; Rodolfo L De Santis, Carlos Vadell y Samuel Resnik; Oscar Del Castillo, Omar Muraco, José Acosta, Cesáreo Corton y José Lanza.","Torres; Moreno y Deambrosio; Barros, Menéndez y Stomas; Medina, César, Morello, Sanso y De Lorenzo.",foto,23 GOL Omar Muraco (HUR)</br>47 GOL Cesáreo Corton (HUR)</br>80 GOL Oscar Del Castillo (HUR)</br>89 GOL Omar Muraco (HUR),45,90,0,0
21/11/1948,Baldonedo,local,victoria,2,0,Rosario Central,27° fecha del Campeonato 1948,El Palacio,Calder,"Enrique Ferro; Juan A Romeral y Modesto Salina; Rodolfo L De Santis, Carlos Vadell y Samuel Resnik; Oscar Del Castillo, Omar Muraco, José Acosta, Cesáreo Corton y José Lanza.","Tissera; Lorenzo y Cuello; Gentile, Inveninato y Raneri; Hidalgo, Gauna, La Spina, L'Epíscopo y Cazaubón.",foto,82 GOL Cesáreo Cortón (HUR)</br>87 GOL Oscar Del Castillo (HUR),45,90,0,0
28/11/1948,Baldonedo,visitante,derrota,1,2,Independiente,28° fecha del Campeonato 1948,Doble Visera,Gibbs,"Enrique Ferro; Juan A Romeral y Modesto Salina; Rodolfo L De Santis, Carlos Vadell y Samuel Resnik; Oscar Del Castillo, Omar Muraco, José Acosta, Cesáreo Cortón y José Lanza.","López; Veiga y Riera; Arias, Gil y Lago; Berdía, Paramidani, Bianco, Lorenzo y Timmler.",foto,1 GOL Berdía (IND) -penal-</br>23 GOL Rodolfo L De Santis (HUR) -penal-</br>28 GOL Bianco (IND),45,90,0,0
08/12/1948,Baldonedo,local,derrota,1,2,Platense,29° fecha del Campeonato 1948,El Palacio,Provan,"Enrique Ferro; Juan A Romeral y Modesto Salina; Rodolfo L De Santis, Carlos Vadell y Samuel Resnik; Oscar Del Castillo, Omar Muraco, José Acosta, Cesáreo Cortón y José Lanza.","Domínguez; Menéndez y Gallardo; Díaz, Maldonado y Santillán; Blázquez, Cadaval, Hoffmann, Padrón y D'Intino.",foto,21 GOL Padrón (PLA)</br>32 GOL Slina (PLA)</br>85 GOL Rodolfo L De Santis (HUR),45,90,0,0
12/12/1948,Baldonedo,visitante,derrota,1,5,Banfield,30° fecha del Campeonato 1948,Florencio Sola,Brown,"Enrique Ferro; Juan A Romeral y Modesto Salina; Rodolfo L De Santis, Ángel Julio y Samuel Resnik; Oscar Del Castillo, Omar Muraco, José Acosta, Cesáreo Corton y José Lanza.","Jaime; Ferretti y Brasile; Grillo, D’Angelo y Caballero; Armoa, Moreno, Arias, Álvarez y Castro.",foto,4 GOL Arias (BAN)</br>17 GOL Arias (BAN)</br>39 GOL Cesáreo Cortón (HUR)</br>53 GOL Moreno (BAN)</br>70 EXP Omar Muraco (HUR)</br>78 GOL Arias (BAN)</br>82 GOL Moreno (BAN),45,90,0,0
02/04/1949,Baldonedo,visitante,derrota,1,5,Colón (Santa Fe),Pretemporada 1949 (amistoso por Ilumninación de Estadio),Colón (Santa Fe),Bartolomé Macías,"Enrique Ferro; Juan A Romeral y Machión; Néstor Naya (Rodolfo L De Santis), Carlos Vadell (Ángel Julio) y Samuel Resnik; Fernández, Moralejos, Loiácono, Cesáreo Corton y José Lanza.","Tenutta (Vidal); Gómez (Portillo) y Sabolig (Traversi); Gaetán (Miralles), Ramírez y Bonacci; Belén (Di Luca), Martini (L Sejas), Frutos (C Sejas (Escarbajal)), Elías y Valentini (Pilón).",foto,12 GOL Moralejos (HUR)</br>14 GOL Ramírez (COL)</br>47 GOL C Sejas (COL)</br>57 GOL C Sejas (COL)</br>60 GOL Belén (COL)</br>65 GOL Valentini (COL),45,90,0,0
24/04/1949,Baldonedo,visitante,derrota,1,2,Tigre,1° fecha del Campeonato 1949,Victoria,Maddison,"Enrique Ferro; Modesto Salina y Héctor Torino; Néstor Naya, Rodolfo L De Santis y Samuel Resnik; Joaquín Fernández, Omar Muraco, Roberto Marino, Cesáreo Corton y José Lanza.","Cerrutti; Passarín y Rubio; Hidalgo, Navarro y Rico; Sánchez, Cesáreo, Ingunza, González y Cardona.",foto,3 GOL González (TIG) -penal-</br>32 GOL Roberto Marino (HUR)</br>54 GOL Omar Muraco (HUR),45,90,0,0
08/05/1949,Baldonedo,visitante,derrota,2,4,Racing Club,2° fecha del Campeonato 1949,Gasómetro,Dean,"Enrique Ferro; Modesto Salina y Héctor Torino; Néstor Naya, Rodolfo L De Santis y Samuel Resnik; Joaquín Fernández, Omar Muraco, Roberto Marino, Cesáreo Corton y José Lanza.","Rodríguez; H García y García Pérez; Fonda, Arcos y Gutiérrez; Juan C Salvini, Norberto Méndez, Bravo, Llamil Simes y Sued.",foto,20 GOL Omar Muraco (HUR)</br>23 GOL Llamil Simes (TIG)</br>38 GOL Llamil Simes (TIG)</br>69 GOL Llamil Simes (TIG)</br>75 GOL Llamil Simes (TIG)</br>80 GOL Omar Muraco (HUR),45,90,0,0
15/05/1949,Baldonedo,local,derrota,1,2,Vélez Sarsfield,3° fecha del Campeonato 1949,El Palacio,Bartolomé Macías,"Enrique Ferro; Héctor Uzal y Juan M Filgueiras; Néstor Naya, Ubiré Durán y Enrique Cerioni; Joaquín Fernández, Omar Muraco, Roberto Marino, Cesáreo Corton y José Lanza.","Rugilo; Huss y Allegri; Heraldo Ferreyro, Santos y Ovide; Nápoli, Costa, Ferraro, Bermúdez y E Fernández.",foto,12 GOL Omar Muraco (HUR)</br>31 GOL Allegri (VSA)</br>44 GOL Allegri (VSA),45,90,0,0
22/05/1949,Baldonedo,visitante,derrota,0,5,River Plate,4° fecha del Campeonato 1949,Monumental,Osvaldo Cossio,"Enrique Ferro; Héctor Uzal y Juan M Filgueiras; Rodolfo L De Santis, Ubiré Durán y Enrique Cerioni; Octavio Caserio, José Vigo, Waldino Aguirre, Cesáreo Corton y José Lanza.","Amadeo Carrizo; Vaghi y Soria; Yácono, Néstor Rossi y Ramos; De Cicco, Coll, Alfredo Di Stéfano, Ángel Labruna y Félix Loustau.",foto,33 GOL Alfredo Di Stéfano (RPL)</br>69 GOL De Cicco (RPL)</br>88 GOL Ángel Labruna (RPL),45,90,0,0
29/05/1949,Baldonedo,local,victoria,7,2,Newell's Old Boys (Rosario),5° fecha del Campeonato 1949,El Palacio,Berry,"Enrique Ferro; Héctor Uzal y Juan M Filgueiras; Rodolfo L De Santis, Ubiré Durán y Enrique Cerioni; Oscar Del Castillo, Omar Muraco, Roberto Marino, José Vigo y José Lanza.","Musimessi; Colman y Sobrero; Peloso, Faina y Puissegur; Contini, Benavídez, Montalbetti, Elio Montaño y Ortigüela.",foto,19 GOL Montalbetti (NOB)</br>20 GOL Roberto Marino (HUR)</br>24 GOL Omar Muraco (HUR)</br>44 GOL Omar Muraco (HUR)</br>45 EXP Colman (NOB)</br>56 GOL José Vigo (HUR)</br>70 GOL José Lanza (HUR)</br>82 GOL Benavídez (NOB)</br>87 GOL Enrique Cerioni (HUR)</br>89 GOL Roberto Marino (HUR),45,90,0,0
05/06/1949,Baldonedo,visitante,derrota,1,2,Gimnasia y Esgrima (La Plata),6° fecha del Campeonato 1949,El Bosque (La Plata),Crawford,"Enrique Ferro; Héctor Uzal y Juan M Filgueiras; Rodolfo L De Santis, Ubiré Durán y Enrique Cerioni; Oscar Del Castillo, Omar Muraco, Roberto Marino, José Vigo y José Lanza.","Cammarata; Eiras y Chiarini; Calzoni, Rastelli y Bustos; Camacho, Pío Corcuera, Martínez, Walter y Mourín.",foto,14 GOL Héctor Uzal (GLP) -en contra-</br>30 GOL José Vigo (HUR)</br>89 EXP Ubiré Durán (HUR)</br>90 GOL Pío Corcuera (GLP),45,90,0,0
12/06/1949,Baldonedo,local,derrota,1,2,Chacarita Juniors,7° fecha del Campeonato 1949,El Palacio,Hartles,"Enrique Ferro; Héctor Uzal y Juan M Filgueiras; Rodolfo L De Santis, Juan C Giménez y Enrique Cerioni; Oscar Del Castillo, Omar Muraco, Roberto Marino, José Vigo y José Lanza.","López; Spinelli y Pizarro; Scriminacci, Araiz y Torres; Pesarini, Coll, De Luca, Campana y Neri Soto.",foto,25 GOL José Vigo (HUR)</br>56 GOL De Luca (CHJ)</br>83 GOL De Luca (CHJ),45,90,0,0
19/06/1949,Baldonedo,visitante,derrota,0,1,Lanús,8° fecha del Campeonato 1949,Lanús,Dean,"Héctor Ricardo; Héctor Uzal y Juan M Filgueiras; Rodolfo L De Santis, José Gastaldo y Enrique Cerioni; Octavio Caserio, Waldino Aguirre, Roberto Marino, José Vigo y José Lanza.","Marcello; Calvente y Vázquez; Defelippe, Guisamonde y Díaz; Contreras, Daponte, Gómez, Pedaci y Ribichini.",foto,48 GOL Daponte (LAN),45,90,0,0
26/06/1949,Baldonedo,local,derrota,2,4,Independiente,9° fecha del Campeonato 1949,El Palacio,Osvaldo Cossio,"Héctor Ricardo; Héctor Uzal y Juan M Filgueiras; Rodolfo L De Santis, Diego Ruiz y Enrique Cerioni; Octavio Caserio, Miguel Di Pace, Adolfo Trejo, José Vigo y José Lanza.","Simonetti; Barraza y Riera; Sastre, Castro y Vilanoba; Cervino, Vicente De la Mata, Romay, Fernández y Ubiré Durán.",foto,10 GOL Vicente De la Mata (IND)</br>30 GOL Romay (IND)</br>34 GOL Fernández (IND)</br>46 GOL Miguel Di Pace (HUR)</br>57 GOL Fernández (IND) -penal-</br>81 GOL Miguel Di Pace (HUR),45,90,0,0
03/07/1949,Casanovas,visitante,empate,2,2,Boca Juniors,10° fecha del Campeonato 1949,La Bombonera,Gregory,"Héctor Ricardo; Héctor Uzal y Juan M Filgueiras; Rodolfo L De Santis, Diego Ruiz y Enrique Cerioni; Octavio Caserio, Miguel Di Pace, Adolfo Trejo, José Vigo y José Lanza.","Claudio Vacca; Marante y Bendazzi; Domínguez, Zelaya y Pescia; Sánchez, Scliar, Espinoza, Benítez y González.",foto,44 GOL Espinoza (BJU)</br>51 GOL José Vigo (HUR)</br>62 GOL Scliar (BJU)</br>66 GOL Adolfo Trejo (HUR),45,90,0,0
10/07/1949,Casanovas,visitante,victoria,3,1,Liga de Junín,Amistoso 1949 (Día de la Independencia),Liga del Oeste (Junín),desconocido,-,-,foto,sin datos,45,90,0,0
17/07/1949,Casanovas,local,empate,1,1,San Lorenzo de Almagro,11° fecha del Campeonato 1949,El Palacio,Berry,"Enrique Ferro; Héctor Uzal y Juan M Filgueiras; Rodolfo L De Santis, Diego Ruiz y Enrique Cerioni; Octavio Caserio, Miguel Di Pace, Adolfo Trejo, José Vigo y José Lanza.","Carletti; Zubieta y González; Resquín, Perucca y Benegas; Sánchez, Sará, Uñate, Martorelli y Silva.",foto,2 GOL Uñate (SLA)</br>53 GOL José Lanza (HUR),45,90,0,0
24/07/1949,Casanovas,visitante,empate,2,2,Ferro C. Oeste,12° fecha del Campeonato 1949,Caballito,Hartles,"Héctor Ricardo; Héctor Uzal y Juan M Filgueiras; Néstor Naya, Diego Ruiz y Enrique Cerioni; Octavio Caserio, Miguel Di Pace, Adolfo Trejo, José Vigo y José Lanza.","Marapodi; González y Filippo; Bufatelli, Diez y Ardanaz; Carbone, Baum, Bruno Barrionuevo, Gauna y Piovano.",foto,28 GOL José Lanza (HUR)</br>57 GOL José Lanza (HUR)</br>59 GOL Piovano (FCO)</br>75 GOL Diez (FCO),45,90,0,0
31/07/1949,Casanovas,local,victoria,2,1,Platense,13° fecha del Campeonato 1949,El Palacio,Dean,"Enrique Ferro; Héctor Uzal y Juan M Filgueiras; Néstor Naya, Diego Ruiz y Enrique Cerioni; Octavio Caserio, Miguel Di Pace, Adolfo Trejo, José Vigo y José Lanza.","Cozzi; Iglesias y Gallardo; García, Rodríguez y Mammana; Hoffman, Báez, Geronis, Deleva y Sayago.",foto,22 GOL Juan M Filgueiras (HUR) -penal-</br>42 GOL José Lanza (HUR)</br>46 GOL Geronis (PLA),45,90,0,0
07/08/1949,Casanovas,visitante,derrota,1,3,Rosario Central,14° fecha del Campeonato 1949,Arroyito (Rosario),Mackena,"Enrique Ferro; Héctor Uzal y Juan M Filgueiras; Néstor Naya, Diego Ruiz y Enrique Cerioni; Octavio Caserio, Miguel Di Pace, Adolfo Trejo, José Vigo y José Lanza.","Stáffora; Virginio y Mansilla; Sosa, Brito y Fogel; Dezorzi, Gauna, Mur, Waldino Aguirre y Vilariño.",foto,32 GOL Miguel Di Pace (HUR)</br>35 GOL Dezorzi (RCE)</br>58 GOL Waldino Aguirre (RCE)</br>72 GOL Brito (RCE) -penal-,45,90,0,0
14/08/1949,Casanovas,local,victoria,5,1,Estudiantes (La Plata),15° fecha del Campeonato 1949,El Palacio,Vecchio,"Héctor Ricardo; Héctor Uzal y Juan M Filgueiras; Néstor Naya, Diego Ruiz y Enrique Cerioni; Octavio Caserio, Miguel Di Pace, Adolfo Trejo, José Vigo y José Lanza.","Ogando; Guzmán y Ferretti; Garcerón, Villa y Bouché; Giosa, Barreiro, Ricardo Infante, Gallo y Manuel Pelegrina.",foto,15 GOL Ricardo Infante (ELP)</br>26 GOL Adolfo Trejo (HUR)</br>44 GOL Adolfo Trejo (HUR)</br>48 GOL Miguel Di Pace (HUR)</br>80 GOL José Vigo (HUR)</br>89 GOL Juan M Filgueiras (HUR) -penal-,45,90,0,0
17/08/1949,Casanovas,visitante,empate,1,1,Atlanta,16° fecha del Campeonato 1949,Villa Crespo,Crawford,"Héctor Ricardo; Héctor Uzal y Juan M Filgueiras; Néstor Naya, Diego Ruiz y Enrique Cerioni; Octavio Caserio, Miguel Di Pace, Adolfo Trejo, José Vigo y José Lanza.","Feliciani; Cruz y Masciarelli; Bertarelli, Pellegrino y Ottagio; Antuña, González, Runzer, Buján y Pin.",foto,53 GOL González (ATL)</br>89 GOL Juan M Filgueiras (HUR) -penal-,45,90,0,0
21/08/1949,Casanovas,local,empate,1,1,Banfield,17° fecha del Campeonato 1949,El Palacio,Gregory,"Héctor Ricardo; Héctor Uzal y Juan M Filgueiras; Néstor Naya, Diego Ruiz y Enrique Cerioni; Octavio Caserio, Miguel Di Pace, Adolfo Trejo, José Vigo y José Lanza.","Grisetti; Ferretti y Bagnato; Guzmán, Mouriño y Caballero; Imbelloni, Pizzuti, Albella, Álvarez y Hernández.",foto,51 GOL Albella (BAN)</br>75 GOL Octavio Caserio (HUR),45,90,0,0
28/08/1949,Casanovas,local,empate,2,2,Tigre,18° fecha del Campeonato 1949,El Palacio,Bartolomé Macías,"Héctor Ricardo; Héctor Uzal y Juan M Filgueiras; Néstor Naya, Diego Ruiz y Enrique Cerioni; Octavio Caserio, Miguel Di Pace, Adolfo Trejo, José Vigo y José Lanza.","Villafañe; Fiori y Passarín; Hidalgo, Rubio y Rico; Montes, Scliar, Bianco, González y Cardona.",foto,6 GOL José Lanza (HUR)</br>28 GOL Miguel Di Pace (HUR)</br>66 GOL Scliar (TIG)</br>70 GOL Scliar (TIG),45,90,0,0
30/08/1949,Casanovas,local,derrota,0,1,Racing Club,19° fecha del Campeonato 1949,El Palacio,Berry,"Gabriel Rebagliatti; René Cabrera y Juan M Filgueiras; Néstor Naya, Diego Ruiz y Enrique Cerioni; Octavio Caserio, Miguel Di Pace, Adolfo Trejo, José Vigo y José Lanza.","Rodríguez; García y Palma; Fonda, Rastelli y Gutiérrez; Gagliardo, Norberto Méndez, Bravo, Llamil Simes y Sued.",foto,9 GOL Llamil Simes (RAC),45,90,0,0
04/09/1949,Casanovas,visitante,derrota,1,3,Vélez Sarsfield,20° fecha del Campeonato 1949,Caballito,Bartolomé Macías,"Héctor Ricardo; René Cabrera y Juan M Filgueiras; Néstor Naya, Diego Ruiz y Enrique Cerioni; Octavio Caserio, Miguel Di Pace, Adolfo Trejo, José Ayala y José Lanza.","Miguel Rugilo; Huss y Allegri; Scrugli, Jorge Ruiz y Jesús Ferreyro; Heisecke, Bottini, Costa, Zubeldía y Menéndez.",foto,5 GOL José Ayala (HUR)</br>6 GOL Menéndez (VSA)</br>12 GOL Allegri (VSA)</br>86 GOL Menéndez (VSA),45,90,0,0
11/09/1949,Casanovas,local,empate,1,1,River Plate,21° fecha del Campeonato 1949,El Palacio,Maddison,"Héctor Ricardo; Héctor Uzal y Juan M Filgueiras; Néstor Naya, Diego Ruiz y Enrique Cerioni; Octavio Caserio, José Ayala, Miguel Di Pace, José Vigo y Oscar Del Castillo.","Amadeo Carrizo; Vaghi y Rodríguez; Yácono, Gobbo y Stemberg; Muñoz, Negri, Fizel, Ángel Labruna y Félix Loustau.",foto,44 GOL José Vigo (HUR)</br>79 GOL Fizel (RPL),45,90,0,0
18/09/1949,Casanovas,visitante,derrota,0,2,Newell's Old Boys (Rosario),22° fecha del Campeonato 1949,Parque Independencia (Rosario),Crawford,"Enrique Ferro; Héctor Uzal y Juan M Filgueiras; Néstor Naya, Diego Ruiz y Enrique Cerioni; Octavio Caserio, Miguel Di Pace, Adolfo Trejo, José Vigo y Oscar Del Castillo.","Chamorro; Cabrera y Miotti; Lombardo, Faina y Martínez; Contini, Mardiza, Benavídez, Elio Montaño y Orlando Peloso.",foto,2 GOL Orlando Peloso (NOB)</br>57 GOL Elio Montaño (NOB),45,90,0,0
25/09/1949,Casanovas,local,victoria,1,0,Gimnasia y Esgrima (La Plata),23° fecha del Campeonato 1949,El Palacio,Gregory,"Héctor Ricardo; Héctor Uzal y Juan M Filgueiras; Néstor Naya, Diego Ruiz y Samuel Resnik; Octavio Caserio, Miguel Di Pace, Adolfo Trejo, José Vigo y José Lanza.","Cammarata; Eiras y Chiarini; Novo, Arcos y Smargiassi; Camacho, Sarlanga, Oroz, Walter y Mourín.",foto,57 GOL Juan M Filgueiras (HUR) -penal-,45,90,0,0
02/10/1949,Casanovas,visitante,derrota,0,2,Chacarita Juniors,24° fecha del Campeonato 1949,San Martín,Berry,"Héctor Ricardo; Héctor Uzal y Juan M Filgueiras; Néstor Naya, Diego Ruiz y Samuel Resnik; René Randón, José Vigo, Adolfo Trejo, Octavio Caserio y Zaleckio.","López; Spinelli y Pizarro; García, Dutruel y Araiz; Pesarini, Coll, De Luca, Eduardo Ricagni y Torres.",foto,48 GOL Pasarini (CHJ)</br>59 GOL De Luca (CHJ),45,90,0,0
09/10/1949,Casanovas,local,victoria,4,1,Lanús,25° fecha del Campeonato 1949,El Palacio,Crawford,"Héctor Ricardo; Héctor Uzal y Juan M Filgueiras; Samuel Resnik, Diego Ruiz y Enrique Cerioni; Octavio Caserio, Miguel Di Pace, Adolfo Trejo, José Vigo y José Lanza.","Marcello; Estévez y González; Díaz, Strembel y Guisamonde; Contreras, Gil, Pairoux, Lacasia y Moyano.",foto,12 GOL Adolfo Trejo (HUR)</br>33 GOL Octavio Caserio (HUR)</br>49 GOL Juan M Filgueiras (HUR) -penal-</br>83 GOL Adolfo Trejo (HUR)</br>84 GOL Contreras (LAN),45,90,0,0
16/10/1949,Casanovas,visitante,derrota,0,1,Independiente,26° fecha del Campeonato 1949,Doble Visera,Gregory,"Héctor Ricardo; Héctor Uzal y Juan M Filgueiras; Samuel Resnik, Diego Ruiz y Enrique Cerioni; Octavio Caserio, Miguel Di Pace, Adolfo Trejo, José Vigo y José Lanza.","Simonetti; Barraza y Vázquez; Sastre, Castro y Gil; Cervino, Vicente De la Mata, Romay, Ferrari y Panasci.",foto,28 GOL Ferrari (IND),45,90,0,0
23/10/1949,Casanovas,local,derrota,0,2,Boca Juniors,27° fecha del Campeonato 1949,El Palacio,Dean,"Héctor Ricardo; Héctor Uzal y Juan M Filgueiras; Rodolfo L De Santis, Diego Ruiz y Enrique Cerioni; Octavio Caserio, Miguel Di Pace, Adolfo Trejo, José Vigo y José Lanza.","Claudio Vacca; Marante y Perroncino; Sosa, Grecco y Grima; Espinoza, Benítez, Ferraro, Campana y Busico.",foto,11 GOL Campana (BJU)</br>48 GOL Campana (BJU)</br>79 LES Rodolfo L De Santis (HUR),45,90,0,0
30/10/1949,Casanovas,visitante,victoria,1,0,San Lorenzo de Almagro,28° fecha del Campeonato 1949,Gasómetro,Hartles,"Héctor Ricardo; Héctor Uzal y Juan M Filgueiras; Samuel Resnik, Juan C Giménez y Enrique Cerioni; René Randón, Omar Muraco, Modesto Salina, Cesáreo Corton y Oscar Del Castillo.","Carletti; Martínez y González; Ángel Zubieta, Resquín y Berterame; Reggi, Martorelli, Gambina, Rial y Silva.",foto,14 GOL Modesto Salina (HUR),45,90,0,0
06/11/1949,Casanovas,local,derrota,0,2,Ferro C. Oeste,29° fecha del Campeonato 1949,El Palacio,Bartolomé Macías,"Héctor Ricardo; Héctor Uzal y Juan M Filgueiras; Néstor Naya, Juan C Giménez y Samuel Resnik; René Randón, Omar Muraco, Modesto Salina, Cesáreo Corton y Oscar Del Castillo.","Marapodi; González y Filippo; Romero, Diez y Ardanaz; Baum, Raele, Barrionuevo, Gauna y Piovano.",foto,35 GOL Barrionuevo (FCO)</br>71 GOL Barrionuevo (FCO),45,90,0,0
11/11/1949,Casanovas,local,victoria,4,1,Peñarol (Uruguay),Amistoso 1949 (Inauguración del Palacio),El Palacio,desconocido,"Enrique Ferro (Jacinto Díaz); Héctor Uzal y Juan M Filgueiras; Néstor Naya, Diego Ruiz (Juan C Giménez) y Samuel Resnik; René Randón, José Ayala (Miguel Di Pace), Adolfo Trejo (Modesto Salina (Adolfo Trejo)), Cesáreo Corton (José Vigo) y Oscar Del Castillo.","Pereyra Nattero; Hugo y Possamai (46 Rodríguez); González, Rodríguez (24 Da Silva) y Colturi; Ghiggia (72 Britos), Hohberg (72 Yeso), Míguez (72 Falero), Schiaffino (72 Riephoff) y Vidal (72 Villamil).",foto,4 GOL Adolfo Trejo (HUR)</br>15 GOL Cesáreo Corton (HUR)</br>36 GOL Schiaffino (PEÑ)</br>71 GOL Adolfo Trejo (HUR)</br>78 GOL Adolfo Trejo (HUR),45,90,0,0
13/11/1949,Casanovas,visitante,derrota,2,4,Platense,30° fecha del Campeonato 1949,Saavedra,Gregory,"Enrique Ferro; Héctor Uzal y Juan M Filgueiras; Néstor Naya, Diego Ruiz y Samuel Resnik; René Randón, José Ayala, Adolfo Trejo, José Vigo y Oscar Del Castillo.","Cozzi; Menéndez y Gallardo; García, M. Rodríguez y Croas; Vernazza, Báez, Geronis, F. Rodríguez y Sayago.",foto,25 GOL Báez (PLA)</br>56 GOL Báez (PLA)</br>46 GOL Adolfo Trejo (HUR)</br>65 GOL José Ayala (HUR)</br>74 GOL Sayago (PLA)</br>77 GOL F Rodríguez (PLA),45,90,0,0
20/11/1949,Casanovas,local,empate,1,1,Rosario Central,31° fecha del Campeonato 1949,El Palacio,Hartles,"Enrique Ferro; Héctor Uzal y Juan M Filgueiras; Néstor Naya, Diego Ruiz y Samuel Resnik; René Randón, José Ayala, Adolfo Trejo, Cesáreo Corton y José Lanza.","Quatrocchi; Pérez y Blanco; Sosa, Brito y Fogel; Dezorzi, Waldino Aguirre, Fleitas, L'Epíscopo y Vilariño.",foto,43 GOL Juan M Filgueiras (HUR)</br>89 GOL Dezorzi (RCE),45,90,0,0
26/11/1949,Casanovas,visitante,derrota,0,1,Estudiantes (La Plata),32° fecha del Campeonato 1949,Uno (La Plata),Maddison,"Enrique Ferro; Héctor Uzal y Juan M Filgueiras; Néstor Naya, Diego Ruiz y Enrique Cerioni; Octavio Caserio, José Ayala, Adolfo Trejo, Cesáreo Corton y José Lanza.","Gabriel Ogando; Ferretti y Violini; Rodríguez, Villa y Bouché; Ferreyra, Antonio, Ricardo Infante, Reynoso y Manuel Pelegrina.",foto,22 GOL Manuel Pelegrina (ELP),45,90,0,0
04/12/1949,Casanovas,local,victoria,2,1,Atlanta,33° fecha del Campeonato 1949,El Palacio,Hartles,"Enrique Ferro; Héctor Uzal y Juan M Filgueiras; Néstor Naya, Diego Ruiz y Enrique Cerioni; Octavio Caserio, Miguel Di Pace, Adolfo Trejo, José Vigo y José Lanza.","Feliciani; Cruz y Masciarelli; Mantegari, Pellegrino y Battagliero; Buján, Ingunza, Runzer, Carrera y Pin.",foto,8 GOL José Vigo (HUR)</br>64 GOL Adolfo Trejo (HUR)</br>70 GOL Runzer (ATL),45,90,0,0
08/12/1949,Casanovas,visitante,victoria,1,0,Banfield,34° fecha del Campeonato 1949,Florencio Sola,Bartolomé Macías,"Enrique Ferro; Héctor Uzal y Juan M Filgueiras; Néstor Naya, Diego Ruiz y Enrique Cerioni; Octavio Caserio, Miguel Di Pace, Adolfo Trejo, José Vigo y José Lanza.","Grisetti; Ferretti y Bagnato; Guzmán, Mouriño y Tolosa; Converti, Pizzuti, Albella, Moreno y Hernández.",foto,47 GOL Adolfo Trejo (HUR),45,90,0,0
18/12/1949,Fleitas Solich,neutral,victoria,1,0,Lanús,1° desempate por Segundo descenso 1949,Gasómetro,Hartles,"Enrique Ferro; Héctor Uzal y Juan M Filgueiras; Néstor Naya, Diego Ruiz y Enrique Cerioni; Octavio Caserio, Miguel Di Pace, Adolfo Trejo, José Vigo y José Lanza.","Marcello; Calvente y González; Díaz, Strembel y Daponte; Contreras, Gil, Pairoux, Lacasia y Moyano.",foto,60 GOL José Vigo (HUR),45,90,0,0
24/12/1949,Fleitas Solich,neutral,derrota,1,4,Lanús,2° desempate por Segundo descenso 1949,Doble Visera,Dean,"Enrique Ferro; Héctor Uzal y Juan M Filgueiras; Néstor Naya, Diego Ruiz y Enrique Cerioni; Octavio Caserio, Omar Muraco, Adolfo Trejo, José Vigo y José Lanza.","Marcello; Estévez y González; Díaz, Strembel y Defelippe; Contreras, Martínez, Florio, Pairoux y Daponte.",foto,18 GOL Adolfo Trejo (HUR)</br>24 GOL Martínez (LAN)</br>50 GOL Martínez (LAN)</br>87 GOL Contreras (LAN)</br>89 GOL Martínez (LAN),45,90,0,0
08/01/1950,Fleitas Solich,neutral,empate,3,3,Lanús,3° desempate por Segundo descenso 1949,Gasómetro,Cross,"Enrique Ferro; Romeral y Juan M Filgueiras; Néstor Naya, Julio y Enrique Cerioni; Octavio Caserio, Omar Muraco, Adolfo Trejo, José Vigo y José Lanza.","Marcello; Estévez y González; Díaz, Strembel y Defelippe; Contreras, Martínez, Florio, Pairoux y Daponte.",foto,13 GOL Pairoux (LAN)</br>32 GOL Pairoux (LAN) -penal-</br>41 GOL José Vigo (HUR)</br>42 GOL Juan M Filgueiras (HUR) -penal-</br>57 GOL José Lanza (HUR)</br>76 GOL Pairoux (LAN) -penal-</br>88 Partido finalizado,45,88,0,0
16/02/1950,Fleitas Solich,neutral,victoria,3,2,Lanús,4° desempate por Segundo descenso 1949,Monumental,Muller,"Enrique Ferro; Héctor Uzal y Juan M Filgueiras; Néstor Naya, Juan C Giménez y Enrique Cerioni; Octavio Caserio, Omar Muraco, Adolfo Trejo, José Vigo y José Lanza.","Gioffré; Calvente y González; Díaz, Strembel y Daponte; Lacasia, Gil, Pairoux, Martínez y Moyano.",foto,22 GOL Lacasia (LAN)</br>36 GOL Adolfo Trejo (HUR)</br>39 GOL Pairoux (LAN) -penal-</br>50 GOL Adolfo Trejo (HUR)</br>80 GOL Omar Muraco (HUR)</br>82 EXP Calvente (LAN)</br>82 EXP González (LAN)</br>82 Partido suspendido,45,82,0,0
11/03/1950,Bartolucci,local,victoria,6,1,Tigre,Pretemporada 1950 (amistoso),El Palacio,desconocido,-,-,foto,sin datos,45,90,0,0
02/04/1950,Bartolucci,local,victoria,3,1,Chacarita Juniors,1° fecha del Campeonato 1950,El Palacio,Barker,"Héctor Ricardo; Héctor Uzal y Juan M Filgueiras; Julio Ramírez, Juan C Giménez y Enrique Cerioni; Hugo Reyes, Luis Bravo, Héctor López, José Vigo y Ricardo Quiñones.","I López; Spinelli y Pizarro; García, Dutruel y Araiz; Pesarini, Coll, Sánchez, Eduardo Ricagni y Esquide.",foto,31 GOL Ricardo Quiñones (HUR)</br>85 GOL Ricardo Quiñones (HUR)</br>61 GOL Eduardo Ricagni (CHJ)</br>83 GOL Juan M Filgueiras (HUR),45,90,0,0
09/04/1950,Bartolucci,visitante,derrota,1,4,Vélez Sarsfield,2° fecha del Campeonato 1950,Caballito,Meade,"Héctor Ricardo; Héctor Uzal y Juan M Filgueiras; Julio Ramírez, Juan C Giménez y Enrique Cerioni; Hugo Reyes, Luis Bravo, Héctor López, José Vigo y Ricardo Quiñones.","Miguel Rugilo; Huss y Allegri; Scrugli, Ruiz y Ovide; Nápoli, Mallegni, Russo, Zubeldía y Fernández.",foto,13 GOL Zubeldía (VSA)</br>20 GOL Mallegni (VSA)</br>34 GOL Allegri (VSA)</br>43 GOL Russo (VSA)</br>70 GOL Juan M Filgueiras (HUR) -penal-,45,90,0,0
16/04/1950,Bartolucci,local,derrota,1,3,San Lorenzo de Almagro,3° fecha del Campeonato 1950,El Palacio,Aldridge,"Héctor Ricardo; Héctor Uzal y Juan M Filgueiras; Néstor Naya, Juan B Romo y Enrique Cerioni; Alejandro Armoa, Luis Bravo, Héctor López, José Vigo y Ricardo Quiñones.","Blazina; Martínez y González; Ángel Zubieta, Cívico y Berterame; Reggi, Papa, Uñate, Seoane y Silva.",foto,4 GOL Papa (SLA)</br>15 GOL Héctor López (HUR)</br>42 GOL Seoane (SLA)</br>68 GOL Papa (SLA),45,90,0,0
30/04/1950,Bartolucci,visitante,empate,1,1,Tigre,4° fecha del Campeonato 1950,José Dellagiovanna,Cross,"Héctor Ricardo; Héctor Uzal y Juan M Filgueiras; Julio Ramírez, Juan B Romo y Enrique Cerioni; Octavio Caserio, Luis Bravo, Héctor López, Francisco Arbios y Ricardo Quiñones.","Panciroli; Fiori e Iglesias; Rico, Bissutti y Castellani; Agotegaray, Francini, Bianco, Ferrari y Paz.",foto,40 GOL Paz (TIG)</br>64 GOL Juan M Filgueiras (HUR) -penal-,45,90,0,0
07/05/1950,Bartolucci,local,victoria,2,0,Independiente,5° fecha del Campeonato 1950,El Palacio,Muller,"Héctor Ricardo; Héctor Uzal y Juan M Filgueiras; Julio Ramírez, Juan B Romo y Enrique Cerioni; Octavio Caserio, Luis Bravo, Héctor López, Francisco Arbios y Ricardo Quiñones.","Simonetti; Barraza y Arrigó; Rubio, Saba y Amaya; Hernández, Grillo, Omarini, González y Panasci.",foto,55 GOL Juan M Filgueiras (HUR) -penal-</br>87 GOL Juan M Filgueiras (HUR)</br>89 EXP Barraza (IND),45,90,0,0
18/05/1950,Bartolucci,visitante,empate,2,2,River Plate,6° fecha del Campeonato 1950,Monumental,Hartles,"Héctor Ricardo; Héctor Uzal y Juan M Filgueiras; Julio Ramírez, Juan B Romo y Enrique Cerioni; Octavio Caserio, Luis Bravo, Héctor López, Francisco Arbios y Ricardo Quiñones.","Amadeo Carrizo; Kelly y Soria; Yácono, Castagno y Ramos; Muñoz, Gómez, Fizel, Ángel Labruna y Félix Loustau.",foto,5 GOL Octavio Caserio (HUR)</br>34 GOL Luis Bravo (HUR)</br>52 GOL Fizel (RPL)</br>67 GOL Loustau (RPL) -penal-,45,90,0,0
21/05/1950,Bartolucci,local,derrota,1,3,Newell's Old Boys (Rosario),7° fecha del Campeonato 1950,El Palacio,Wood,"Héctor Ricardo; Héctor Uzal y Juan M Filgueiras; Julio Ramírez, Juan C Giménez y Enrique Cerioni; Octavio Caserio, Luis Bravo, Adolfo Trejo, Francisco Arbios y Ricardo Quiñones.","Musimessi; Cabrera y Miotti; Martínez, Faina y Puissegur; Contini, Montaño, Benavídez, Cappella y Ortigüela.",foto,45 GOL Contini (NOB)</br>48 GOL Octavio Caserio (HUR)</br>53 GOL Contini (NOB) -penal-</br>75 GOL Cappella (NOB),45,90,0,0
28/05/1950,Bartolucci,visitante,victoria,2,0,Quilmes,8° fecha del Campeonato 1950,Quilmes,Meade,"Héctor Ricardo; Héctor Uzal y Juan M Filgueiras; Julio Ramírez, Juan C Giménez y Enrique Cerioni; Hugo Reyes, Luis Bravo, Adolfo Trejo, Francisco Arbios y Ricardo Quiñones.","Alberto Favalli; Santiago Armándola y Jorge Carboni; Osvaldo Méndez, José Coccellato y Julio Baldovino; Victorio Cantatore, Alberto Gallo, Adolfo Paraja, José Santiago y Juan R Santos.",foto,37 GOL Adolfo Trejo (HUR)</br>69 GOL Adolfo Trejo (HUR),45,90,0,0
04/06/1950,Bartolucci,local,victoria,3,1,Estudiantes (La Plata),9° fecha del Campeonato 1950,El Palacio,Dean,"Héctor Ricardo; Héctor Uzal y Juan M Filgueiras; Julio Ramírez, Juan C Giménez y Enrique Cerioni; Hugo Reyes, Luis Bravo, Adolfo Trejo, Francisco Arbios y Ricardo Quiñones.","Gabriel Ogando; Ferretti y Lorenzo; Garcerón, Villa y Carriquiri; Giosa, Barreiro, Ricardo Infante, Antonio y Manuel Pelegrina.",foto,7 GOL Adolfo Trejo (HUR)</br>13 GOL Antonio (ELP)</br>75 GOL Francisco Arbios (HUR)</br>89 GOL Ricardo Quiñones (HUR),45,90,0,0
11/06/1950,Bartolucci,visitante,victoria,2,1,Atlanta,10° fecha del Campeonato 1950,Villa Crespo,Hockney,"Héctor Ricardo; Héctor Uzal y Juan M Filgueiras; Julio Ramírez, Juan C Giménez y Enrique Cerioni; Octavio Caserio, Miguel Di Pace, Adolfo Trejo, Francisco Arbios y Ricardo Quiñones.","Feliciani; Aguirre y Masciarelli; Mantegari, Leguizamón y Battagliero; Buján, Ingunza, Runzer, Carrera y Pin.",foto,7 GOL Miguel Di Pace (HUR)</br>11 GOL Ricardo Quiñones (HUR)</br>29 GOL Carrera (ATL),45,90,0,0
18/06/1950,Bartolucci,local,derrota,0,2,Ferro C. Oeste,11° fecha del Campeonato 1950,El Palacio,Muller,"Héctor Ricardo; Héctor Uzal y Juan M Filgueiras; Julio Ramírez, Juan C Giménez y Enrique Cerioni; Octavio Caserio, Miguel Di Pace, Adolfo Trejo, Francisco Arbios y Ricardo Quiñones.","Marapodi; González y Filippo; Bufatelli, Diez y Ardanaz; Raele, López, Bruno Barrionuevo, García y Piovano.",foto,59 GOL Piovano (FCO)</br>89 GOL López (FCO),45,90,0,0
25/06/1950,Bartolucci,local,victoria,2,1,Platense,12° fecha del Campeonato 1950,El Palacio,Wood,"Héctor Ricardo; Héctor Uzal y Juan M Filgueiras; Néstor Naya, Julio Ramírez y Enrique Cerioni; Hugo Reyes, Miguel Di Pace, Cesáreo Corton, Francisco Arbios y Ricardo Quiñones.","Villafañe; Menéndez y Vázquez; Sandoval, M. Rodríguez y Mammana; Vernazza, Báez, Geronis, F. Rodríguez y Sayago.",foto,31 GOL Corton (HUR)</br>51 GOL Corton (HUR)</br>58 GOL Báez (PLA),45,90,0,0
02/07/1950,Bartolucci,visitante,derrota,2,3,Banfield,13° fecha del Campeonato 1950,Florencio Sola,Hartles,"Héctor Ricardo; Héctor Uzal y Juan M Filgueiras; Néstor Naya, Julio Ramírez y Enrique Cerioni; Hugo Reyes, Miguel Di Pace, Cesáreo Corton, Francisco Arbios y Ricardo Quiñones.","Grisetti; Ferretti y Bagnato; Corvetto, Mouriño y Tolosa; Converti, Pizzuti, Álvarez, Moreno y Hernández.",foto,29 GOL Moreno (BAN)</br>34 GOL Francisco Arbios (HUR)</br>60 GOL Hugo Reyes (HUR)</br>66 GOL Álvarez (BAN)</br>70 GOL Tolosa (BAN),45,90,0,0
08/07/1950,Bartolucci,visitante,victoria,3,1,Liga de Tres Arroyos,Amistoso 1950 (Día de la Independencia),(Tres Arroyos),desconocido,-,-,foto,sin datos,45,90,0,0
09/07/1950,Bartolucci,visitante,empate,6,6,Liga de Bahía Blanca,Amistoso 1950 (Día de la Independencia),(Bahía Blanca),desconocido,-,"Würst; Sánchez y González; Texeira, Romano y Arregui; Rossetti, Scipio, Giorgetti, Aldaz y González.  Caparrós, D'Agostino, Borelli, Heredia y Benegas.",foto,sin datos,45,90,0,0
16/07/1950,Bartolucci,local,victoria,2,1,Racing Club,14° fecha del Campeonato 1950,El Palacio,Cross,"Héctor Ricardo; Héctor Uzal y Juan M Filgueiras; Néstor Naya, Juan C Giménez y Enrique Cerioni; Hugo Reyes, Miguel Di Pace, Héctor López, Cesáreo Corton y Ricardo Quiñones.","Graneros; H García y García Pérez; Fonda, Rastelli y Gutiérrez; Mario Boyé, Norberto Méndez, Rubén Bravo, Llamil Simes y Sued.",foto,5 GOL Hugo Reyes (HUR)</br>50 GOL H García (RAC) -penal-</br>82 GOL Héctor López (HUR),45,90,0,0
23/07/1950,Bartolucci,visitante,empate,1,1,Rosario Central,15° fecha del Campeonato 1950,Arroyito (Rosario),Wilbraham,"Héctor Ricardo; Héctor Uzal y Juan M Filgueiras; Néstor Naya, Juan C Giménez y Enrique Cerioni; Hugo Reyes, Miguel Di Pace, Héctor López, Cesáreo Corton y Ricardo Quiñones.","Quatrocchi; Aresi y Cuello; Vairo, Pérez y Altomonte; Dezorzi, Mur, Gauna, L'Epíscopo y Portaluppi.",foto,38 GOL Vairo (RCE)</br>68 GOL Juan M Filgueiras (HUR) -penal-,45,90,0,0
30/07/1950,Bartolucci,local,derrota,0,2,Boca Juniors,16° fecha del Campeonato 1950,El Palacio,Aldridge,"Héctor Ricardo; Héctor Uzal y Juan M Filgueiras; Néstor Naya, Juan C Giménez y Enrique Cerioni; Hugo Reyes, Miguel Di Pace, Héctor López, Luis Bravo y Ricardo Quiñones.","Claudio Vacca; Colman y Otero; Sosa, Magnelli y Pescia; González, Moreno, Ferraro, Campana y Busico.",foto,31 GOL Moreno (BJU)</br>71 GOL Campana (BJU),45,90,0,0
06/08/1950,Bartolucci,visitante,derrota,1,4,Gimnasia y Esgrima (La Plata),17° fecha del Campeonato 1950,El Bosque (La Plata),Cross,"Héctor Ricardo; Héctor Uzal y Juan M Filgueiras; Néstor Naya, Juan C Giménez y Enrique Cerioni; Hugo Reyes, Luis Bravo, Cesáreo Corton, José Vigo y Ricardo Quiñones.","Cammarata; Eiras y Chiarini; Nazionale, Arcos y Smargiassi; Camacho, Corcuera, Gambina, Oroz y Mourín.",foto,18 GOL Gambina (GLP)</br>25 GOL Camacho (GLP)</br>30 GOL Gambina (GLP)</br>40 GOL Gambina (GLP)</br>54 GOL Cesáreo Corton (HUR),45,90,0,0
13/08/1950,Bartolucci,visitante,derrota,0,2,Chacarita Juniors,18° fecha del Campeonato 1950,San Martín,Muller,"Héctor Ricardo; Héctor Uzal y Juan M Filgueiras; Néstor Naya, Juan C Giménez y Enrique Cerioni; Miguel Di Pace, Luis Bravo, Cesáreo Corton, Francisco Arbios y Ricardo Quiñones.","I López; Spinelli y Pizarro; Stomas, Montero y Araiz; Pesarini, Coll, Costa, Ricagni y De Lorenzo.",foto,5 GOL Pesarini (CHJ) -penal-</br>85 GOL Costa (CHJ),45,90,0,0
19/08/1950,Bartolucci,local,derrota,1,3,Vélez Sarsfield,19° fecha del Campeonato 1950,El Palacio,Meade,"Héctor Ricardo; Héctor Uzal y Juan M Filgueiras; Néstor Naya, Juan C Giménez y Lino Badín; Miguel Di Pace, Luis Bravo, Cesáreo Corton, Francisco Arbios y Ricardo Quiñones.","Rugilo; Curutchet y Allegri; Scrugli, Ruiz y Ovide; Nápoli, Mallegni, Costa, Zubeldía y Menéndez.",foto,2 GOL Luis Bravo (HUR)</br>21 GOL Menéndez (VSA)</br>76 GOL Menéndez (VSA)</br>85 GOL Napoli (VSA)</br>87 EXP Héctor Ricardo (HUR)</br>87 EXP Héctor Uzal (HUR)</br>87 EXP Juan M Filgueiras (HUR)</br>87 EXP Néstor Naya (HUR)</br>87 EXP Juan C Giménez (HUR)</br>87 EXP Lino Badín (HUR)</br>87 EXP Miguel Di Pace (HUR)</br>87 EXP Luis Bravo (HUR)</br>87 EXP Cesáreo Corton (HUR)</br>87 EXP Francisco Arbios (HUR)</br>87 EXP Ricardo Quiñones (HUR)</br>87 EXP Rugilo (VSA)</br>87 EXP Curutchet (VSA)</br>87 EXP Allegri (VSA)</br>87 EXP Scrugli (VSA)</br>87 EXP Ruiz (VSA)</br>87 EXP Ovide (VSA)</br>87 EXP Napoli (VSA)</br>87 EXP Mallegni (VSA)</br>87 EXP Costa (VSA)</br>87 EXP Zubeldía (VSA)</br>87 EXP Menéndez (VSA)</br>87 Partido suspendido por pelea entre jugadores,45,87,0,0
27/08/1950,J Alberti,visitante,victoria,3,2,San Lorenzo de Almagro,20° fecha del Campeonato 1950,Gasómetro,Berry,"Jacinto Díaz; Juan A Romeral y Joel Romero; Antonio Stauskas, Orlando Nappe y Enrique Cerioni; Alejandro Armoa, Omar Muraco, Roberto Marino, José Vigo y José Lanza.","Blazina; Martínez y González; Ángel Zubieta, Cívico y Berterame; Reggi, Papa, Uñate, Farro y Seoane.",foto,42 GOL Uñate (SLA)</br>51 GOL Orlando Nappe (SLA) -en contra-</br>64 GOL José Vigo (HUR)</br>73 GOL José Vigo (HUR)</br>82 GOL José Vigo (HUR),45,90,0,0
03/09/1950,J Alberti,local,derrota,0,1,Tigre,21° fecha del Campeonato 1950,El Palacio,Hartles,"Jacinto Díaz; Juan A Romeral y Joel Romero; Antonio Stauskas, Orlando Nappe y Enrique Cerioni; Alejandro Armoa, Omar Muraco, Roberto Marino, José Vigo y José Lanza.","Panciroli; Rupar y Guzmán; Rico, Zorzenón y Castellani; Paz, Scliar, Ferrari, Bianco y Cucchiaroni.",foto,12 GOL Cucchiaroni (TIG),45,90,0,0
10/09/1950,J Alberti,visitante,derrota,2,3,Independiente,22° fecha del Campeonato 1950,Doble Visera,Wilbraham,"Jacinto Díaz; Juan A Romeral y Joel Romero; Antonio Stauskas, Orlando Nappe y Enrique Cerioni; Alejandro Armoa, Omar Muraco, Roberto Marino, José Vigo y José Lanza.","Simonetti; Crucci y Arrigó; Amaya, Rubio y Mansilla; Navarro, González, Lacasia, Grillo y Santos.",foto,35 GOL Navarro (IND)</br>53 GOL José Vigo (HUR)</br>61 GOL José Vigo (HUR)</br>69 GOL González (IND)</br>79 GOL Lacasia (IND),45,90,0,0
17/09/1950,J Alberti,local,derrota,1,3,River Plate,23° fecha del Campeonato 1950,El Palacio,Maddison,"Jacinto Díaz; Juan A Romeral y Joel Romero; Rodolfo L De Santis, Orlando Nappe y Antonio Stauskas; Alejandro Armoa, Omar Muraco, Roberto Marino, José Vigo y José Lanza.","Amadeo Carrizo; Kelly y Soria; Yácono, Castagno y Faín; Castro, Coll, Gómez, Ángel Labruna y Félix Loustau.",foto,2 GOL Gómez (RPL)</br>7 GOL Loustau (RPL)</br>40 GOL José Vigo (HUR)</br>89 GOL Loustau (RPL),45,90,0,0
24/09/1950,J Alberti,visitante,derrota,0,3,Newell's Old Boys (Rosario),24° fecha del Campeonato 1950,Parque Independencia (Rosario),Dean,"Jacinto Díaz; Juan A Romeral y Joel Romero; Rodolfo L De Santis, Ángel Julio y Antonio Stauskas; Alejandro Armoa, Omar Muraco, Jorge Martín, José Vigo y José Lanza.","Musimessi; Cabrera y Pérez; Lombardo, Faina y Puissegur; Contini, Mardiza, Benavídez, Montaño y Ortigüela.",foto,23 GOL Ortigüela (NOB)</br>76 GOL Contini (NOB)</br>78 GOL Benavídez (NOB),45,90,0,0
01/10/1950,J Alberti,local,victoria,4,3,Quilmes,25° fecha del Campeonato 1950,El Palacio,Cross,"Jacinto Díaz; Juan A Romeral y Joel Romero; Antonio Stauskas, Juan C Giménez y Lino Badín; Alejandro Armoa, Oscar Rossi, Luis Bravo, José Vigo y Ricardo Quiñones.","Favalli; Dellacha y Costa; Osvaldo Méndez, Coccellato y Baldovino; Victorio Cantatore, Gallo, Paraja, Santiago y De Cicco.",foto,48 GOL José Vigo (HUR)</br>63 GOL José Vigo (HUR)</br>79 GOL José Vigo (HUR)</br>49 GOL Gallo (QAC)</br>57 GOL Alejandro Armoa (HUR)</br>81 GOL Santiago (QAC)</br>83 GOL Victorio Cantatore (QAC),45,90,0,0
08/10/1950,J Alberti,visitante,derrota,1,3,Estudiantes (La Plata),26° fecha del Campeonato 1950,Uno (La Plata),Barker,"Jacinto Díaz; Juan A Romeral y Juan M Filgueiras; Néstor Naya, Juan C Giménez y Antonio Stauskas; Alejandro Armoa, Oscar Rossi, Luis Bravo, José Vigo y Ricardo Quiñones.","Gabriel Ogando; Casanueva y Carriquiri; Lorenzo, Garcerón y Venini; Giosa, Antonio, Ricardo Infante, Burgos y Manuel Pelegrina.",foto,2 GOL Ricardo Infante (ELP)</br>11 GOL Juan M Filgueiras (HUR) -penal-</br>65 GOL Ricardo Infante (ELP)</br>85 GOL Ricardo Infante (ELP),45,90,0,0
12/10/1950,J Alberti,local,derrota,0,1,Atlanta,27° fecha del Campeonato 1950,El Palacio,Berry,"Jacinto Díaz; Juan A Romeral y Juan M Filgueiras; Néstor Naya, Juan C Giménez y Antonio Stauskas; Alejandro Armoa, Oscar Rossi, Luis Bravo, José Vigo y Ricardo Quiñones.","Feliciani; Cruz y Aguirre; Bertarelli, Mantegari y Riccardini; Antuña, Carrera, Runzer, Buján y Pin.",foto,52 GOL Runzer (ATL),45,90,0,0
15/10/1950,J Alberti,visitante,victoria,6,1,Ferro C. Oeste,28° fecha del Campeonato 1950,Caballito,Dean,"Jacinto Díaz; Héctor Uzal y Juan M Filgueiras; Néstor Naya, Juan C Giménez y Antonio Stauskas; Octavio Caserio, Oscar Rossi, Héctor López, José Vigo y Ricardo Quiñones.","Marapodi; González y Filippo; Bufatelli, Diez y Ardanaz; Raele, Carbone, R López, Bruno Barrionuevo y Piovano.",foto,15 GOL Octavio Caserio (HUR)</br>38 GOL Héctor López (HUR)</br>40 GOL Juan M Filgueiras (HUR)</br>58 GOL Raele (FCO)</br>75 GOL José Vigo (HUR)</br>83 GOL José Vigo (HUR)</br>85 GOL Juan M Filgueiras (HUR),45,90,0,0
22/10/1950,J Alberti,visitante,derrota,2,3,Platense,29° fecha del Campeonato 1950,Saavedra,Wilbraham,"Jacinto Díaz; Héctor Uzal y Juan M Filgueiras; Antonio Stauskas, Juan C Giménez y Enrique Cerioni; Octavio Caserio, Oscar Rossi, Héctor López, José Vigo y Ricardo Quiñones.","Villafañe; Jorge Alberti y Menéndez; Sandoval, Rodríguez y Croas; Vernazza, Báez, Geronis, A López y Sayago.",foto,15 GOL A López (PLA)</br>16 GOL Octavio Caserio (HUR)</br>21 GOL José Vigo (HUR)</br>66 EXP Octavio Caserio (HUR)</br>67 GOL Santiago Vernazza (PLA) -penal-</br>87 GOL A López (PLA),45,90,0,0
29/10/1950,J Alberti,local,victoria,5,3,Banfield,30° fecha del Campeonato 1950,El Palacio,Dean,"Héctor Ricardo; Héctor Uzal y Juan M Filgueiras; Antonio Stauskas, Juan C Giménez y Enrique Cerioni; Octavio Caserio, Oscar Rossi, Héctor López, José Vigo y Ricardo Quiñones.","Grisetti; Ferretti y Bagnato; Corvetto, Mouriño y D’Angelo; Converti, Pizzuti, Albella, Álvarez y Tolosa.",foto,3 GOL Ricardo Quiñones (HUR)</br>17 GOL Juan M Filgueiras (HUR) -penal-</br>26 GOL Oscar Rossi (HUR)</br>42 GOL Octavio Caserio (HUR)</br>44 GOL Álvarez (BAN)</br>47 GOL Albella (BAN)</br>50 GOL Ricardo Quiñones (HUR)</br>87 GOL Álvarez (BAN),45,90,0,0
05/11/1950,J Alberti,visitante,derrota,0,2,Racing Club,31° fecha del Campeonato 1950,Perón,Aldridge,"Héctor Ricardo; Héctor Uzal y Juan M Filgueiras; Antonio Stauskas, Juan C Giménez y Enrique Cerioni; Octavio Caserio, Oscar Rossi, Héctor López, José Vigo y Ricardo Quiñones.","Rodríguez; H. García y García Pérez; Fernández, Rastelli y Gutiérrez; Boyé, Norberto Méndez, Blanco, Llamil Simes y Sued.",foto,39 GOL H García (RAC) -penal-</br>75 GOL Oscar Rossi (HUR)</br>82 GOL Norberto Méndez (RAC),45,90,0,0
12/11/1950,J Alberti,local,empate,1,1,Rosario Central,32° fecha del Campeonato 1950,Gasómetro,Hartles,"Héctor Ricardo; Héctor Uzal y Juan M Filgueiras; Rodolfo L De Santis, Juan C Giménez y Antonio Stauskas; Octavio Caserio, Cesáreo Corton, Héctor López, José Vigo y Ricardo Quiñones.","Bottazzi; Aresi y Blanco; Caruso, Pérez y Fogel; Tissera, Gauna, Rosa, Waldino Aguirre y L'Epíscopo.",foto,44 GOL Rosa (RCE)</br>69 GOL Héctor López (HUR),45,90,0,0
19/11/1950,J Alberti,visitante,victoria,1,0,Boca Juniors,33° fecha del Campeonato 1950,La Bombonera,Arthur Berry,"Héctor Ricardo; Héctor Uzal y Juan M Filgueiras; Rodolfo L De Santis, Juan C Giménez y Antonio Stauskas; Octavio Caserio, Omar Muraco, Héctor López, José Vigo y Ricardo Quiñones.","Obdulio Diano; Juan Colman y Héctor Otero; Carlos Sosa, Felipe Magnelli y Natalio Pescia; Herminio González, Duilio Benítez, Joaquín Martínez, Francisco Campana y Marcos Busico.",foto,44 PEN Duilio Benítez (BJU) -penal desviado-</br>1° Tiempo: Boca Juniors 0x0 Huracán</br>73 GOL Héctor López (HUR) -la toca tras cucharita de asistencia de Vigo-,45,90,0,0
26/11/1950,J Alberti,local,empate,1,1,Gimnasia y Esgrima (La Plata),34° fecha del Campeonato 1950,La Bombonera,Cross,"Héctor Ricardo; Héctor Uzal y Juan M Filgueiras; Rodolfo L De Santis, Juan C Giménez y Antonio Stauskas; Octavio Caserio, Omar Muraco, Héctor López, José Vigo y Ricardo Quiñones.","Rodenak; Eiras y Chiarini; José Nazionale, Arcos y Smargiassi; Camacho, Corcuera, Oroz, De la Vega y Mourín.",foto,83 GOL Juan M Filgueiras (HUR) -penal-</br>85 GOL Oroz (GLP) -penal-,45,90,0,0
03/12/1950,J Alberti,neutral,victoria,3,1,Tigre,1° desempate por Segundo descenso 1950,Doble Visera,Hartles,"Héctor Ricardo; Héctor Uzal y Juan M Filgueiras; Antonio Stauskas, Juan C Giménez y Enrique Cerioni; Octavio Caserio, Miguel Di Pace, Héctor López, José Vigo y Ricardo Quiñones.","Pérez; Rupar y Guzmán; Rico, Zorzenón y Castellani; Paz, Tanzi, Ferrari, Scliar y Cucchiaroni.",foto,46 GOL José Vigo (HUR)</br>49 GOL Cucchiaroni (TIG)</br>87 GOL Héctor López (HUR)</br>89 GOL José Vigo (HUR),45,90,0,0
10/12/1950,J Alberti,neutral,victoria,5,1,Tigre,2° desempate por Segundo descenso 1950,Monumental,Hartles,"Héctor Ricardo; Héctor Uzal y Juan M Filgueiras; Antonio Stauskas, Juan C Giménez y Enrique Cerioni; Octavio Caserio, Miguel Di Pace, Héctor López, José Vigo y Ricardo Quiñones.","Pérez; Rupar y Rico; Blasetti, Zorzenón y Castellani; Agotegaray, Tanzi, Montes, Scliar y Cucchiaroni.",foto,7 GOL Octavio Caserio (HUR)</br>24 GOL Héctor López (HUR)</br>51 GOL José Vigo (HUR)</br>76 GOL Octavio Caserio (HUR)</br>81 GOL Agotegaray (TIG)</br>89 GOL José Vigo (HUR),45,90,0,0
25/02/1951,Laguna,visitante,derrota,0,2,Argentino (Mendoza),Pretemporada 1951 (amistoso),Andes Talleres (Mendoza),Comellas,"Jacinto Díaz; Juan A Romeral y Joel Romero; Antonio Stauskas, Juan B Romo y Enrique Cerioni; Luis Gómez, Luis Bravo, Héctor López, Oscar Rossi y Rodolfo Bediale.","Olivares (Duró); Frígoli y González; Izpura, Garin y Bustos (Zuloaga); Doménica, Godoy (Lucas), García (Bracamonte), Cipolla y Sosa (Lemos).",foto,16 GOL Cipolla (ARM)</br>81 GOL Lemos (ARM),45,90,0,0
18/03/1951,Laguna,neutral,victoria,7,4,San Lorenzo de Almagro,Pretemporada 1951 (Amistoso en beneficio de Mutual),Atlanta,Muller,"Héctor Ricardo (García); Joel Romero (Gallina) y Juan A Romeral (Joel Romero); Antonio Stauskas, Juan B Romo y Enrique Cerioni (Lino Badín); Ricardo Quiñones, Luis Bravo, Soto (Luis Bravo), Herberto Simmons y Rodolfo Bediale.","Carletti (Blazina); Martínez (Glini) y González (E Martínez); Martina (Resquín), Resquín (Cívico) y Berterame (Piñeyro); Tarchini (Regi), Papa (Maravilla), Uñate, Favre (Britos) y Ludueña (Seoane).",foto,20 GOL Luis Bravo (HUR)</br>87 GOL Luis Bravo (HUR)</br>29 GOL Papa (SLA)</br>44 GOL Papa (SLA)</br>42 GOL Ricardo Quiñones (HUR)</br>47 GOL Ricardo Quiñones (HUR)</br>53 GOL Uñate (SLA)</br>65 GOL López (HUR)</br>75 GOL López (HUR)</br>77 GOL Cívico (SLA) -penal-</br>84 GOL Herberto Simmons (HUR),45,90,0,0
01/04/1951,Laguna,local,victoria,4,1,Estudiantes (La Plata),Pretemporada 1951 (amistoso),Tomás A Ducó,desconocido,-,-,foto,sin datos,45,90,0,0
15/04/1951,Laguna,local,empate,2,2,Boca Juniors,1° fecha del Campeonato 1951,Saavedra,Hartles,"Héctor Ricardo; Juan A Romeral y Juan M Filgueiras; José Nazionale, Juan B Romo y Enrique Cerioni; Luis Gómez, Oscar Rossi, Héctor López, Luis Bravo y Ricardo Quiñones.","Carletti; Colman y Otero; Sosa, Magnelli y Pescia; González, Martino, Ferraro, Benítez y Busico.",foto,20 GOL Luis Gómez (HUR)</br>27 GOL Benítez (BJU)</br>50 GOL Benítez (BJU)</br>64 GOL Luis Gómez (HUR),45,90,0,0
22/04/1951,Laguna,visitante,derrota,0,2,Vélez Sarsfield,2° fecha del Campeonato 1951,Vélez Sarsfield,Cross,"Héctor Ricardo; Juan A Romeral y Juan M Filgueiras; José Nazionale, Juan B Romo y Enrique Cerioni; Luis Gómez, Oscar Rossi, Adolfo Trejo, Luis Bravo y Ricardo Quiñones.","Rugilo; Curutchet y Allegri; Scrugli, Jorge Ruiz y Ovide; Napoli, Mallegni, Russo, Osvaldo Zubeldía y Menéndez.",foto,50 GOL Napoli (VSA)</br>77 GOL Napoli (VSA),45,90,0,0
29/04/1951,Laguna,local,empate,4,4,San Lorenzo de Almagro,3° fecha del Campeonato 1951,El Palacio,Muller,"Héctor Ricardo; Juan A Romeral y Juan M Filgueiras; Antonio Stauskas, Juan B Romo y Enrique Cerioni; Luis Gómez, Oscar Rossi, Adolfo Trejo, Luis Bravo y Ricardo Quiñones.","Blazina; Martínez y González; Zubieta, Resquín y Berterame; Reggi, Uñate, Benavídez, Farro y Seoane.",foto,1 GOL Enrique Cerioni (HUR)</br>3 GOL Adolfo Trejo (HUR)</br>4 GOL Reggi (SLA)</br>12 GOL Benavídez (SLA)</br>23 GOL Adolfo Trejo (HUR)</br>44 GOL Juan M Filgueiras (HUR)</br>61 GOL Zubieta (SLA)</br>69 GOL Reggi (SLA),45,90,0,0
13/05/1951,Laguna,visitante,victoria,5,2,Liga de San Nicolás,Amistoso 1951 (Fecha patria),San Nicolás,desconocido,-,-,foto,sin datos,45,0,0,0
20/05/1951,Laguna,visitante,empate,0,0,Atlanta,4° fecha del Campeonato 1951,Villa Crespo,Aldridge,"Héctor Ricardo; Juan A Romeral y Juan M Filgueiras; Néstor Naya, Juan B Romo y Enrique Cerioni; Luis Gómez, Oscar Rossi, Héctor López, Luis Bravo y Ricardo Quiñones.","Cammarata; Cruz y Battagliero; Mantegari, Dutruel y Arceri; Antuña, Ingunza, Barrionuevo, Dupuy y Pin.",foto,1° Tiempo: Atlanta 0x0 Huracán,45,90,0,0
24/05/1951,Laguna,local,empate,2,2,Lanús,5° fecha del Campeonato 1951,El Palacio,Ventre,"Héctor Ricardo; Oscar Gaggino y Juan M Filgueiras; Néstor Naya, Juan B Romo y Antonio Stauskas; Luis Gómez, Oscar Rossi, Héctor López, Luis Bravo y Ricardo Quiñones.","Álvarez Vega; Salvador Calvente y Mercado; Daponte, Strembel y Vivas; Contreras, Gil, Reynoso, Florio y Moyano.",foto,12 GOL Luis Bravo (HUR)</br>34 GOL Héctor López (HUR)</br>52 GOL Florio (LAN)</br>89 GOL Florio (LAN),45,90,0,0
27/05/1951,Laguna,visitante,empate,1,1,Newell's Old Boys (Rosario),6° fecha del Campeonato 1951,Parque Independencia,Wilbraham,"Héctor Ricardo; Oscar Gaggino y Juan M Filgueiras; Néstor Naya, Juan B Romo y Enrique Cerioni; Luis Gómez, Oscar Rossi, Héctor López, Luis Bravo y Ricardo Quiñones.","Musimessi; Cabrera y Kasparián; Lombardo, Faina y Roberto Puissegur; Contini, Villegas, Fochi, Elio Montaño y Marcelo Ortigüela.",foto,26 GOL Luis Bravo (HUR)</br>41 GOL Cabrera (NOB),45,90,0,0
03/06/1951,Laguna,local,victoria,2,1,Racing Club,7° fecha del Campeonato 1951,El Palacio,Hartles,"Héctor Ricardo; Oscar Gaggino y Juan M Filgueiras; Néstor Naya, Juan B Romo y Enrique Cerioni; Luis Gómez, Oscar Rossi, Héctor López, Luis Bravo y Ricardo Quiñones.","Rodríguez; García y J Gutiérrez; Blasetti, Rastelli y Ernesto Gutiérrez; Mario Boyé, Cupo, Rubén Bravo, Llamil Simes y Sued.",foto,12 GOL Cupo (RAC)</br>44 GOL Ricardo Quiñones (HUR)</br>68 GOL Héctor López (HUR),45,90,0,0
10/06/1951,Laguna,visitante,derrota,1,5,River Plate,8° fecha del Campeonato 1951,Monumental,Muller,"Héctor Ricardo; Oscar Gaggino y Juan M Filgueiras; Néstor Naya, Juan B Romo y Enrique Cerioni; Luis Gómez, Oscar Rossi, Héctor López, Luis Bravo y Ricardo Quiñones.","Amadeo Carrizo; Yácono, Pérez y Parra; Venini y Ferrari; Santiago Vernazza, Pizzuti, Walter Gómez, Ángel Labruna y Félix Loustau.",foto,10 GOL Santiago Vernaza (RPL)</br>24 GOL Ángel Labruna (RPL)</br>42 GOL Luis Gómez (HUR)</br>44 GOL Pizzuti (RPL)</br>69 GOL Pizzuti (RPL)</br>71 GOL Walter Gómez (RPL),45,90,0,0
17/06/1951,Laguna,local,victoria,3,1,Estudiantes (La Plata),9° fecha del Campeonato 1951,El Palacio,Cross,"Héctor Ricardo; Oscar Gaggino y Juan M Filgueiras; Néstor Naya, Juan B Romo y Enrique Cerioni; Luis Gómez, Oscar Rossi, Adolfo Trejo, Luis Bravo y Ricardo Quiñones.","Gabriel Ogando; Pirone y Casanueva; Rodríguez, Garcerón y Carriquiri; Antonio Giosa, Bouché, Ricardo Infante, Antonio y Manuel Pelegrina.",foto,25 GOL Luis Bravo (HUR)</br>42 GOL Luis Bravo (HUR)</br>57 GOL Bouche (ELP)</br>63 GOL Luis Bravo (HUR),45,90,0,0
20/06/1951,Laguna,visitante,derrota,2,3,Quilmes,10° fecha del Campeonato 1951,Quilmes,Sunderland,"Héctor Ricardo; Oscar Gaggino y Juan M Filgueiras; Néstor Naya, Juan B Romo y Enrique Cerioni; Luis Gómez, Oscar Rossi, Adolfo Trejo, Luis Bravo y Ricardo Quiñones.","Favalli; Dellacha y Costa; Méndez, Marcilla y Leguía; De Cicco, Gallo, Scliar, Santiago y José Lanza.",foto,11 GOL Adolfo Trejo (HUR)</br>22 GOL Scliar (QAC)</br>25 GOL Luis Bravo (HUR)</br>66 GOL Santiago (QAC)</br>80 GOL Scliar (QAC),45,90,0,0
24/06/1951,Laguna,local,derrota,1,2,Ferro C. Oeste,11° fecha del Campeonato 1951,El Palacio,Rossi,"Héctor Ricardo; Oscar Gaggino y Juan M Filgueiras; José Nazionale, Juan B Romo y Enrique Cerioni; Luis Gómez, Jorge Martín, Herberto Simmons, Carlos Scherl y Ricardo Quiñones.","Marapodi; González y Garansini; Bufatelli, Diez y Santiago Ardanaz; Espinoza, Salvucci, Runzer, Cappella y Piovano.",foto,16 GOL Runzer (FCO)</br>19 GOL José Nazionale (FCO) -en contra-</br>62 GOL Juan M Filgueiras (HUR),45,90,0,0
08/07/1951,Laguna,visitante,derrota,2,3,Chacarita Juniors,13° fecha del Campeonato 1951,San Martín,Meade,"Héctor Ricardo; Oscar Gaggino y Juan M Filgueiras; José Nazionale, Juan B Romo y Enrique Cerioni; Luis Gómez, Carlos Scherl, Héctor López, Herberto Simmons y Ricardo Quiñones.","I López; Carlos Spinelli y Federico Pizarro; García, Montero y Enrique Espinosa; Costa, Coll, De Luca, Eduardo Ricagni y Esquide.",foto,49 GOL De Luca (CHJ)</br>59 GOL Federico Pizarro (CHJ) -penal-</br>65 GOL Eduardo Ricagni (CHJ)</br>73 GOL Ricardo Quiñones (HUR)</br>84 GOL Ricardo Quiñones (HUR),45,90,0,0
15/07/1951,Laguna,local,derrota,1,2,Banfield,14° fecha del Campeonato 1951,El Palacio,Walter Muller,"Héctor Ricardo; Oscar Gaggino y Juan M Filgueiras; José Nazionale, Orlando Nappe y Enrique Cerioni; Luis Gómez, Oscar Rossi, Adolfo Trejo, Héctor López y Ricardo Quiñones.","Jaime; Ferretti y Bagnato; Vladislao Capparelli, Mouriño y Héctor D'Angelo; Converti, Sánchez, Albella, Moreno y Huarte.",foto,15 GOL Héctor López (HUR)</br>55 GOL Converti (BAN)</br>60 GOL Albella (BAN)</br>Golpean al árbitro y suspenden 5 fechas el estadio,45,90,0,0
22/07/1951,Laguna,visitante,empate,1,1,Independiente,15° fecha del Campeonato 1951,Doble Visera,Wilbraham,"Jacinto Díaz; Oscar Gaggino y Juan M Filgueiras; Néstor Naya, Orlando Nappe y José Nazionale; Luis Gómez, Oscar Rossi, Héctor López, Luis Bravo y Ricardo Quiñones.","Simonetti; Barraza y Cardoso; Amaya, Saba y Gil; Navarro, Cecconato, Lacasia, Romay y Santos.",foto,62 GOL Héctor López (HUR)</br>75 GOL Romay (IND),45,90,0,0
29/07/1951,Laguna,local,derrota,1,2,Platense,16° fecha del Campeonato 1951,La Bombonera,Cross,"Jacinto Díaz; Oscar Gaggino y Juan M Filgueiras; José Nazionale, Orlando Nappe y Antonio Stauskas; Luis Gómez, Oscar Rossi, Adolfo Trejo, Luis Bravo y Ricardo Quiñones.","Gerónimo; Vladislao Capalbo y Menéndez; A Díaz, Rodríguez y Mammana; Muñoz, Negri, López, Coll y Miramontes.",foto,12 GOL Luis Bravo (HUR)</br>37 GOL Coll (PLA)</br>68 GOL López (PLA),45,90,0,0
05/08/1951,Laguna,visitante,empate,1,1,Gimnasia y Esgrima (La Plata),17° fecha del Campeonato 1951,El Bosque (La Plata),Hartles,"Jacinto Díaz, Juan A Romeral y Oscar Gaggino; Néstor Naya, Juan B Romo y Enrique Cerioni; Luis Gómez, Luis Bravo, Herberto Simmons, Oscar Rossi y Ricardo Quiñones.","Villera; Ambrosi y Valderrama; Schandlein, Arcos y Smargiassi; Camacho, Corcuera, Rosales, Vigo y Barbeito.",foto,41 GOL Camacho (GLP)</br>83 GOL Oscar Rossi (HUR),45,90,0,0
12/08/1951,Laguna,visitante,derrota,0,3,Boca Juniors,18° fecha del Campeonato 1951,La Bombonera,Aldridge,"Jacinto Díaz; Juan A Romeral y Juan M Filgueiras; Néstor Naya, Juan B Romo y Enrique Cerioni; Luis Gómez, Oscar Rossi, Herberto Simmons, Luis Bravo y Ricardo Quiñones.","Diano; Colman y Otero; Sosa, Magnelli y Pescia; González, Seghini, Ferraro, Campana y Busico.",foto,17 GOL González (BJU)</br>73 GOL Campana (BJU)</br>84 GOL González (BJU),45,90,0,0
15/08/1951,Cuesta Silva,local,empate,1,1,Vélez Sarsfield,19° fecha del Campeonato 1951,El Palacio,Sunderland,"Jacinto Díaz; Juan A Romeral y Antonio Stauskas; José Nazionale, Juan B Romo y Enrique Cerioni; Oscar Villafañe, Jorge Martín, José Acosta, Herberto Simmons y Ricardo Quiñones.","Adamo; Huss y Allegri; Scrugli, Jorge Ruiz y Ovide; Napoli, Mallegni, Costa, Zubeldía y Mendiburu.",foto,7 GOL Ricardo Quiñones (HUR) -penal-</br>15 GOL Mendiburu (VSA),45,90,0,0
19/08/1951,Cuesta Silva,visitante,empate,2,2,San Lorenzo de Almagro,20° fecha del Campeonato 1951,Gasómetro,Meade,"Jacinto Díaz; Juan A Romeral y Antonio Stauskas; José Nazionale, Juan B Romo y Enrique Cerioni; Oscar Villafañe, Oscar Rossi, José Acosta, Herberto Simmons y Ricardo Quiñones.","Blazina; Glinni y González; Basso, Villar y Berterame; Reggi, Giarrizzo, Benavídez, Picot y Seoane.",foto,28 GOL Giarrizo (SLA)</br>41 GOL Benavídez (SLA)</br>50 GOL Oscar Villafañe (HUR)</br>85 GOL Juan B Romo (HUR),45,90,0,0
26/08/1951,Cuesta Silva,local,empate,2,2,Atlanta,21° fecha del Campeonato 1951,El Palacio,Wilbraham,"Jacinto Díaz; Oscar Gaggino y Antonio Stauskas; José Nazionale, Juan B Romo y Enrique Cerioni; Oscar Villafañe, Jorge Martín, Héctor López, Herberto Simmons y Ricardo Quiñones.","Quiroga; Filippo y Guzmán; Mantegari, Gianotti y Battagliero; Viera, Barrionuevo, Dupuy, Gauna y Antuña.",foto,15 GOL Héctor López (HUR)</br>17 GOL Viera (ATL)</br>57 GOL Héctor López (HUR)</br>75 GOL Gauna (ATL)</br>81 EXP José Nazionale (HUR)</br>81 EXP Antuña (ATL),45,90,0,0
02/09/1951,Cuesta Silva,visitante,derrota,0,1,Lanús,22° fecha del Campeonato 1951,Lanús,Aldridge,"Jacinto Díaz; Antonio Stauskas y Juan M Filgueiras; José Nazionale, Juan B Romo y Enrique Cerioni; Oscar Villafañe, Oscar Rossi, Héctor López, Herberto Simmons y Ricardo Quiñones.","E López; Salvador Calvente y Mercado; Daponte, Strembel y Vivas; Garfagnoli, Gil, Florio, Martínez y Rodolfo Durán.",foto,1 GOL Martínez (LAN),45,90,0,0
09/09/1951,Cuesta Silva,local,empate,1,1,Newell's Old Boys (Rosario),23° fecha del Campeonato 1951,El Palacio,Sunderland,"Jacinto Díaz; Antonio Stauskas y Juan M Filgueiras; José Nazionale, Juan B Romo y Enrique Cerioni; Luis Gómez, Jorge Martín, Oscar Villafañe, Héctor López y Ricardo Quiñones.","Castro; Cabrera y Kasparián; Lombardo, Faina y Roberto Puissegur; Otta, Elio Montaño, Mardiza, Belén y Marcelo Ortigüela.",foto,73 GOL Elio Montaño (NOB)</br>80 GOL Oscar Villafañe (HUR),45,90,0,0
16/09/1951,Cuesta Silva,visitante,derrota,1,3,Racing Club,24° fecha del Campeonato 1951,Perón,Hartles,"Jacinto Díaz; Antonio Stauskas y Juan M Filgueiras; José Nazionale, Juan B Romo y Enrique Cerioni; Luis Gómez, Jorge Martín, Oscar Villafañe, Héctor López y Ricardo Quiñones.","Rodríguez; H García y J García Pérez; Giménez, Rastelli y Gutiérrez; Cupo, Manuel Ameal, Blanco, Llamil Simes y Sued.",foto,46 GOL Blanco (RAC)</br>57 GOL Ricardo Quiñones (HUR)</br>67 GOL Cupo (RAC)</br>83 GOL Sued (RAC),45,90,0,0
23/09/1951,Cuesta Silva,local,derrota,2,4,River Plate,25° fecha del Campeonato 1951,El Palacio,Meade,"Jacinto Díaz; Antonio Stauskas y Juan M Filgueiras; José Nazionale, Juan B Romo y Enrique Cerioni; Luis Gómez, Oscar Rossi, Héctor López, Luis Bravo y Ricardo Quiñones.","Amadeo Carrizo; Yácono, Pérez y Soria; Venini y Ferrari; Vernazza, Pizzuti, Walter Gómez, Ángel Labruna y Félix Loustau.",foto,40 GOL Héctor López (HUR)</br>55 GOL Walter Gómez (RPL)</br>55 LES Jacinto Díaz (HUR) -Antonio Stauskas va al arco-</br>64 GOL Walter Gómez (RPL)</br>70 GOL Walter Gómez (RPL)</br>63 GOL Santiago Vernazza (RPL) -penal-</br>89 GOL Juan M Filgueiras (HUR),45,90,0,0
30/09/1951,Cuesta Silva,visitante,derrota,0,3,Estudiantes (La Plata),26° fecha del Campeonato 1951,Uno (La Plata),Aldridge,"Héctor Ricardo; Juan A Romeral y Juan M Filgueiras; José Nazionale, Juan B Romo y Enrique Cerioni; Luis Gómez, Oscar Rossi, Héctor López, Luis Bravo y Ricardo Quiñones.","Gabriel Ogando; Pirone y Carriquiri; Garcerón, Colombo y Bouché; Pepe, Barreiro, Ricardo Infante, Antonio y Manuel Pelegrina.",foto,54 GOL Barreiro (ELP)</br>71 GOL Barreiro (ELP)</br>77 GOL Ricardo Infante (ELP),45,90,0,0
07/10/1951,Cuesta Silva,local,victoria,4,1,Quilmes,27° fecha del Campeonato 1951,El Palacio,Hartles,"Héctor Ricardo; Juan A Romeral y Juan M Filgueiras; José Nazionale, Orlando Nappe y Enrique Cerioni; Luis Gómez, Oscar Rossi, Héctor López, Luis Bravo y Ricardo Quiñones.","Favalli; Dellacha y Costa; Leguía, Carboni y Marcilla; Paz, Castro, Paraja, Santiago y Santos.",foto,17 GOL Héctor López (HUR)</br>46 GOL Ricardo Quiñones (HUR)</br>60 GOL Ricardo Quiñones (HUR)</br>81 GOL Ricardo Quiñones (HUR)</br>86 GOL Paraja (QAC) -penal-,45,90,0,0
14/10/1951,Cuesta Silva,visitante,derrota,0,3,Ferro C. Oeste,28° fecha del Campeonato 1951,Caballito,Cross,"Héctor Ricardo; Juan A Romeral y Juan M Filgueiras; José Nazionale, Orlando Nappe y Enrique Cerioni; Luis Gómez, Oscar Rossi, Héctor López, Luis Bravo y Ricardo Quiñones.","Marapodi; González y Garansini; Bufatelli, Diez y Santiago Ardanaz; Raele, Salvucci, Runzer, Cappella y Piovano.",foto,39 GOL Runzer (ATL)</br>60 GOL Salvucci (ATL)</br>64 GOL Runzer (ATL),45,90,0,0
28/10/1951,Cuesta Silva,local,empate,0,0,Chacarita Juniors,30° fecha del Campeonato 1951,El Palacio,Illife,"Jacinto Díaz; Oscar Gaggino y Juan M Filgueiras; José Nazionale, Juan B Romo y Antonio Stauskas; Luis Gómez, Oscar Rossi, Adolfo Trejo, Carlos Scherl y Ricardo Quiñones.","López; Molinari y Federico Pizarro; García, Moreno y Rodríguez; Otero, Coll, Costa, Eduardo Ricagni y Esquide.",foto,1° Tiempo: Huracán 0x0 Chacarita,45,90,0,0
01/11/1951,Cuesta Silva,visitante,derrota,0,1,Banfield,31° fecha del Campeonato 1951,Florencio Sola,Meade,"Héctor Ricardo; Oscar Gaggino y Juan M Filgueiras; Néstor Naya, Juan B Romo y José Nazionale; Alejandro Armoa, Carlos Scherl, Héctor López, Luis Bravo y Ricardo Quiñones.","Graneros; Ferretti y Bagnato; Capparelli, Mouriño y Héctor D'Angelo; Converti, Sánchez, Albella, Moreno y Huarte.",foto,41 GOL Moreno (BAN),45,90,0,0
04/11/1951,Cuesta Silva,local,victoria,3,0,Independiente,32° fecha del Campeonato 1951,El Palacio,Wilbraham,"Héctor Ricardo; Oscar Gaggino y Juan M Filgueiras; Néstor Naya, Juan B Romo y Antonio Stauskas; Alejandro Armoa, Oscar Rossi, Héctor López, Luis Bravo y Ricardo Quiñones.","Simonetti; Arrigó y Cardoso; Amaya, Rubio y Gil; Navarro, Cecconato, Lacasia, Grillo y Cruz.",foto,14 GOL Luis Bravo (HUR)</br>54 GOL Ricardo Quiñones (HUR)</br>60 GOL Luis Bravo (HUR),45,90,0,0
18/11/1951,Cuesta Silva,visitante,victoria,2,1,Platense,33° fecha del Campeonato 1951,Saavedra,Bradley,"Héctor Ricardo; Oscar Gaggino y Juan M Filgueiras; Néstor Naya, Juan B Romo y José Nazionale; Alejandro Armoa, Oscar Rossi, Héctor López, Luis Bravo y Ricardo Quiñones.","Gerónimo; Capalbo y Mieres; Díaz, Víctor Rodríguez y M Rodríguez; Muñoz, Negri, A López, Coll y Sayago.",foto,35 GOL Alejandro Armoa (HUR)</br>59 GOL Sayago (PLA) -penal-</br>81 GOL Oscar Rossi (HUR),45,90,0,0
25/11/1951,Cuesta Silva,local,victoria,2,1,Gimnasia y Esgrima (La Plata),34° fecha del Campeonato 1951,El Palacio,Hartles,"Héctor Ricardo; Oscar Gaggino y Juan M Filgueiras; Néstor Naya, Juan B Romo y José Nazionale; Alejandro Armoa, Oscar Rossi, Héctor López, Luis Bravo y Ricardo Quiñones.","Rodenak; Eiras y Olivero; Schandlein, Arcos y Smargiassi; Camacho, Corcuera, Rosales, José Vigo e Iribarne.",foto,28 GOL Arcos (GLP)</br>57 GOL Héctor López (HUR)</br>87 GOL Héctor López (HUR),45,90,0,0
06/04/1952,Fleitas Solich,local,victoria,6,2,Atlanta,1° fecha del Campeonato 1952,El Palacio,Bradley,"Héctor Ricardo; Oscar Gaggino y Juan M Filgueiras; Néstor Naya, Pascasio Sola y Enrique Cerioni; Alberto Dezorzi, Manuel Ameal, Héctor López, Eduardo Ricagni y Ricardo Quiñones.","Giulianelli; Carlos Spinelli y Guzmán; Mantegari, Aragón y Altomonte; Ferreyra, Barrionuevo, Ingunza, Dupuy y Delogu.",foto,6 GOL Dupuy (ATL)</br>10 GOL Manuel Ameal (HUR)</br>30 GOL Eduardo Ricagni (HUR)</br>33 GOL Altomonte (ATL)</br>80 GOL Alberto Dezorzi (HUR),45,90,0,0
13/04/1952,Fleitas Solich,visitante,victoria,1,0,San Lorenzo de Almagro,2° fecha del Campeonato 1952,Gasómetro,Cross,"Héctor Ricardo; Oscar Gaggino y Juan M Filgueiras; Néstor Naya, Pascasio Sola y Enrique Cerioni; Alberto Dezorzi, Manuel Ameal, Héctor López, Eduardo Ricagni y Ricardo Quiñones.","Blazina; Martínez y Basso; Resquín, Cívico y Berterame; Camacho, Papa, Benavídez, Picot y Silva.",foto,13 GOL Martínez (HUR) -en contra-,45,90,0,0
20/04/1952,Fleitas Solich,local,victoria,2,1,Lanús,3° fecha del Campeonato 1952,El Palacio,Illife,"Héctor Ricardo; Oscar Gaggino y Juan M Filgueiras; Néstor Naya, Pascasio Sola y José Nazionale; Alberto Dezorzi, Manuel Ameal, Héctor López, Eduardo Ricagni y Ricardo Quiñones.","Álvarez Vega; Tarifa y Mercado; Daponte, Strembel y Vivas; Carrizo, Salazar, Catoira, Cejas y Rodolfo Durán.",foto,21 GOL Alberto Dezorzi (HUR)</br>62 GOL Alberto Dezorzi (HUR)</br>70 GOL Daponte (LAN),45,90,0,0
27/04/1952,Fleitas Solich,visitante,empate,1,1,Rosario Central,4° fecha del Campeonato 1952,Arroyito (Rosario),Wilbraham,"Héctor Ricardo; Oscar Gaggino y Juan M Filgueiras; Néstor Naya, Pascasio Sola y Enrique Cerioni; Alberto Dezorzi, Manuel Ameal, Valeriano López, Eduardo Ricagni y Ricardo Quiñones.","Bottazzi; Virginio y Vairo; Caruso, Minni y Fogel; Germán Tissera, Appicciafocco, Rosa, Vairo e Intini.",foto,66 GOL Vairo (RCE)</br>87 GOL Eduardo Ricagni (HUR),45,90,0,0
04/05/1952,Fleitas Solich,local,victoria,3,0,Racing Club,5° fecha del Campeonato 1952,El Palacio,Meade,"Héctor Ricardo; Oscar Gaggino y Juan M Filgueiras; Néstor Naya, Pascasio Sola y Enrique Cerioni; Alberto Dezorzi, Manuel Ameal, Héctor López, Eduardo Ricagni y Ricardo Quiñones.","Favalli; Dellacha y García Pérez; Giménez, Balay y Gutiérrez; Mario Boyé, Norberto Méndez, Blanco, Cupo y Gagliardo.",foto,22 GOL Eduardo Ricagni (HUR)</br>80 GOL Eduardo Ricagni (HUR)</br>89 GOL Eduardo Ricagni (HUR),45,90,0,0
11/05/1952,Fleitas Solich,visitante,victoria,2,1,Platense,6° fecha del Campeonato 1952,Saavedra,Cross,"Héctor Ricardo; Oscar Gaggino y Juan M Filgueiras; Néstor Naya, Pascasio Sola y Enrique Cerioni; Alberto Dezorzi, Manuel Ameal, Héctor López, Eduardo Ricagni y Ricardo Quiñones.","Gerónimo; Capalbo y Menéndez; Sandoval, Rodríguez y Mammana; Murúa, Medina, Geronis, Coll y Sayago.",foto,36 GOL Alberto Dezorzi (HUR)</br>54 GOL Héctor López (HUR)</br>75 GOL Sayago (PLA),45,90,0,0
18/05/1952,Fleitas Solich,local,derrota,0,2,Boca Juniors,7° fecha del Campeonato 1952,El Palacio,Hartles,"Héctor Ricardo; Oscar Gaggino y Juan M Filgueiras; Néstor Naya, Pascasio Sola y Enrique Cerioni; Alberto Dezorzi, Manuel Ameal, Héctor López, Eduardo Ricagni y Ricardo Quiñones.","Diano; Colman y Otero; Lombardo, Acosta y Pescia; González, Etcheverry, Ferraro, Elio Montaño y Panasci.",foto,61 GOL Etcheverry (BJU)</br>86 GOL González (BJU),45,90,0,0
22/05/1952,Fleitas Solich,neutral,empate,1,1,Boca Juniors,Amistoso 1952 (beneficio de Bell Ville),Gasómetro,Cross,"Héctor Ricardo; Oscar Gaggino y Juan M Filgueiras; José Nazionale, Pascasio Sola y Enrique Cerioni, Alberto Dezorzi, Manuel Ameal, Valeriano López, Eduardo Ricagni y Carlos Lazón.","Carletti (Goldbaum); Colman y Otero (Edwards); Lombardo, Acosta y Pescia; Mesones, Etcheverry, Borello, Elio Montaño y Panasci (Julio Marcarián).",foto,39 GOL Alberto Dezorzi -pase filtrado asistencia de Carlos Lazón (HUR)-</br>51 GOL Elio Montaño (BJU),45,90,0,0
25/05/1952,Fleitas Solich,visitante,derrota,1,2,Chacarita Juniors,8° fecha del Campeonato 1952,San Martín,Illife,"Héctor Ricardo; Oscar Gaggino y Juan M Filgueiras; Néstor Naya, Pascasio Sola y Enrique Cerioni; Alberto Dezorzi, Manuel Ameal, Valeriano López, Eduardo Ricagni y Carlos Lazón.","I López; Molinari y Federico Pizarro; Scriminacci, Moreno y Enrique Espinosa; Costa, Coll, Barta, Campana y De Lorenzo.",foto,14 GOL Barta (CHJ)</br>21 EXP Valeriano López (HUR)</br>68 GOL Coll (CHJ)</br>72 GOL Juan M Filgueiras (HUR) -penal-,45,90,0,0
01/06/1952,Fleitas Solich,local,victoria,3,2,Ferro C. Oeste,9° fecha del Campeonato 1952,El Palacio,Aldridge,"Héctor Ricardo; Oscar Gaggino y Juan M Filgueiras; Néstor Naya, Pascasio Sola y Enrique Cerioni; Alberto Dezorzi, Manuel Ameal, Valeriano López, Eduardo Ricagni y Carlos Lazón.","Marapodi; González y Garansini; Bufatelli, Retamosa y Santiago Ardanaz; Baum, Salvucci, Omarini, García y Piovano.",foto,19 GOL Eduardo Ricagni (HUR)</br>54 GOL Eduardo Ricagni (HUR)</br>57 GOL Omarini (FCO) -penal-</br>61 GOL Eduardo Ricagni (HUR)</br>80 GOL Omarini (FCO),45,90,0,0
08/06/1952,Fleitas Solich,local,empate,2,2,Independiente,10° fecha del Campeonato 1952,El Palacio,Bradley,"Héctor Ricardo; Oscar Gaggino y Juan M Filgueiras; Néstor Naya, Pascasio Sola y Enrique Cerioni; Alberto Dezorzi, Manuel Ameal, Valeriano López, Eduardo Ricagni y Ricardo Quiñones.","Simonetti; Mousegne y Cardoso; Amaya, José Sanez y Gil; Rodolfo Micheli, Lacasia, Rolando, Grillo y Cruz.",foto,5 GOL Alberto Dezorzi (HUR)</br>27 GOL Lacasia (IND) -penal-</br>48 GOL Cruz (IND)</br>65 GOL Juan M Filgueiras (HUR) -penal-,45,90,0,0
15/06/1952,Fleitas Solich,visitante,empate,2,2,Banfield,11° fecha del Campeonato 1952,Florencio Sola,Sunderland,"Juan C Marcello; Oscar Gaggino y Juan M Filgueiras; Néstor Naya, Pascasio Sola y Enrique Cerioni; Alberto Dezorzi, Manuel Ameal, Héctor López, Eduardo Ricagni y Ricardo Quiñones.","Graneros; Ferretti y Bagnato; Capparelli, Eliseo Mouriño y Héctor D'Angelo; Converti, Sánchez, Álvarez, Iglesias y Román.",foto,11 GOL Eduardo Ricagni (HUR)</br>15 GOL Eduardo Ricagni (HUR)</br>23 GOL Iglesias (BAN)</br>52 GOL Iglesias (BAN),45,90,0,0
22/06/1952,Fleitas Solich,local,victoria,3,1,Newell's Old Boys (Rosario),12° fecha del Campeonato 1952,El Palacio,Meade,"Juan C Marcello; Oscar Gaggino y Juan M Filgueiras; Néstor Naya, Pascasio Sola y Enrique Cerioni; Alberto Dezorzi, Manuel Ameal, Héctor López, Eduardo Ricagni y Ricardo Quiñones.","Musimessi; Orlando Peloso y Kasparián; Echeverría, Faina y Roberto Puissegur; Carranza, De la Mata, M López, Álvarez y Marcelo Ortigüela.",foto,22 GOL Orlando Peloso (NOB) -penal-</br>37 GOL Eduardo Ricagni (HUR)</br>76 GOL Héctor López (HUR)</br>87 GOL Juan M Filgueiras (HUR) -penal-,45,90,0,0
29/06/1952,Fleitas Solich,visitante,derrota,2,3,River Plate,13° fecha del Campeonato 1952,Monumental,Wilbraham,"Juan C Marcello; Juan A Romeral y Juan M Filgueiras; Néstor Naya, Pascasio Sola y Enrique Cerioni; Alberto Dezorzi, Manuel Ameal, Valeriano López, Eduardo Ricagni y Carlos Lazón.","Amadeo Carrizo; Yácono, Venini y Soria; Pérez y Ferrari; Santiago Vernazza, Gallo, Walter Gómez, Ángel Labruna y Félix Loustau.",foto,11 GOL Valeriano López (HUR)</br>12 GOL Ángel Labruna (RPL)</br>37 GOL Santiago Vernazza (RPL)</br>54 GOL Walter Gómez (RPL)</br>72 GOL Valeriano López (HUR),45,90,0,0
06/07/1952,Fleitas Solich,local,empate,0,0,Estudiantes (La Plata),14° fecha del Campeonato 1952,El Palacio,Aldridge,"Juan C Marcello; Oscar Gaggino y Juan M Filgueiras; Néstor Naya, Pascasio Sola y Enrique Cerioni; Alberto Dezorzi, Manuel Ameal, Valeriano López, Eduardo Ricagni y Carlos Lazón.","Gabriel Ogando; Pirone y Ferretti; Garcerón, Aragón y Lorenzo; Ruggeri, Barreiro, Ricardo Infante, Antonio y Manuel Pelegrina.",foto,1° Tiempo: Huracán 0x0 Estudiantes,45,90,0,0
09/07/1952,Fleitas Solich,visitante,victoria,4,1,Liga de Santiago del Estero,Amistoso 1952 (fecha patria),Liga Cultural (Santiago),desconocido,-,-,foto,sin datos,45,90,0,0
13/07/1952,Fleitas Solich,visitante,derrota,1,2,Liga de Tucumán,Amistoso 1952 (fecha patria),(Tucumán),desconocido,-,-,foto,sin datos,45,90,0,0
23/07/1952,Fleitas Solich,neutral,empate,2,2,Almagro,Copa Competencia,Gasómetro,Rossi,"Juan C Marcello; Oscar Gaggino y Juan M Filgueiras; Néstor Naya, Pascasio Sola y Enrique Cerioni; Alberto Dezorzi, Manuel Ameal, Valeriano López, Eduardo Ricagni y Carlos Lazón.","Mussi; Delgado y Frega; Vaninetti, Civale y Pereira; Fernández, Yoli, Pianisi, Ramírez y Salcedo.",foto,14 GOL Valeriano López (HUR)</br>55 GOL Eduardo Ricagni (HUR)</br>88 GOL Pianisi (ALM)</br>89 GOL Fernández (ALM)</br>2° Tiempo: Huracán 2x2 Almagro</br>1° Tiempo Extra: Huracán 2x2 Almagro</br>2° Tiempo Extra: Huracán (9) 2x2 (10) Almagro - por córners,45,90,105,120
17/08/1952,Fleitas Solich,visitante,empate,1,1,Vélez Sarsfield,15° fecha del Campeonato 'Eva Perón' 1952,Vélez Sarsfield,Bradley,"Juan C Marcello; Oscar Gaggino y Juan M Filgueiras; Néstor Naya, Pascasio Sola y Enrique Cerioni; Alberto Dezorzi, Manuel Ameal, Héctor López, Oscar Rossi y Carlos Lazón.","Adamo; Huss y Allegri; Scrugli, Jorge Ruiz y García Fierro; Norberto Conde, Mallegni, Martínez, Osvaldo Zubeldía y Manzi.",foto,4 GOL Manuel Ameal (HUR)</br>38 GOL Huss (HUR) -penal-,45,90,0,0
07/09/1952,Fleitas Solich,visitante,victoria,2,0,Atlanta,16° fecha del Campeonato 'Eva Perón' 1952,Villa Crespo,Dyckes,"Juan C Marcello; Oscar Gaggino y Juan M Filgueiras; Néstor Naya, Pascasio Sola y Enrique Cerioni; Alberto Dezorzi, Manuel Ameal, Valeriano López, Eduardo Ricagni y Carlos Lazón.","Giulianelli; Carlos Spinelli y Pérez; Mantegari, Aragón y Bettinotti; Delogu, Herberto Simmons, Ingunza, Barrionuevo y Pogliani.",foto,29 EXP Mantegari (ATL)</br>30 GOL Enrique Cerioni (HUR)</br>40 GOL Valeriano López (HUR),45,90,0,0
14/09/1952,Fleitas Solich,local,derrota,2,3,San Lorenzo de Almagro,17° fecha del Campeonato 'Eva Perón' 1952,El Palacio,Wilbraham,"Juan C Marcello; Oscar Gaggino y Juan M Filgueiras; Néstor Naya, Pascasio Sola y Enrique Cerioni; Alberto Dezorzi, Manuel Ameal, Valeriano López, Eduardo Ricagni y Carlos Lazón.","Blazina; Glinni y Basso; Ángel Zubieta, Cortiñas y Berterame; Reggi, Picot, Benavídez, Farro y Seoane.",foto,15 GOL Eduardo Ricagni (HUR)</br>24 GOL Benavídez (SLA)</br>69 GOL Benavídez (SLA)</br>77 GOL Cortiñas (SLA)</br>83 GOL Valeriano López (HUR),45,90,0,0
21/09/1952,Baldonedo,visitante,derrota,2,4,Lanús,18° fecha del Campeonato 'Eva Perón' 1952,Lanús,Meade,"Héctor Ricardo; Oscar Gaggino y Juan M Filgueiras; José Nazionale, Pascasio Sola y Enrique Cerioni; Alberto Dezorzi, Manuel Ameal, Héctor López, Eduardo Ricagni y Ricardo Quiñones.","Masuelli; Tarifa y Estévez; Daponte, Guidi y Vivas; García, Gil, Catoira, Martínez y Sosa.",foto,34 GOL Eduardo Ricagni (HUR)</br>37 GOL Catoira (LAN)</br>49 GOL Sosa (LAN)</br>54 GOL Martínez (LAN)</br>80 GOL Catoira (LAN)</br>89 GOL Alberto Dezorzi (HUR),45,90,0,0
28/09/1952,Baldonedo,local,victoria,3,1,Rosario Central,19° fecha del Campeonato 'Eva Perón' 1952,El Palacio,Dyckes,"Juan C Marcello; Oscar Gaggino y Juan M Filgueiras; Néstor Naya, Pascasio Sola y Enrique Cerioni; Carlos Lazón, Alberto Loret de Mola, Valeriano López, Eduardo Ricagni y Ricardo Quiñones.","Bottazzi; Aresi y Vairo; Ángel Zof, Minni y Fogel; Gauna, Appicciafocco, Di Loreto, L'Epíscopo y Portaluppi.",foto,15 GOL Juan M Filgueiras (HUR) -penal-</br>37 GOL Portaluppi (RCE)</br>39 GOL Juan M Filgueiras (HUR) -penal-</br>45 GOL Ricardo Quiñones (HUR),45,90,0,0
05/10/1952,Baldonedo,visitante,derrota,1,4,Racing Club,20° fecha del Campeonato 'Eva Perón' 1952,Perón,Bradley,"Juan C Marcello; Oscar Gaggino y Juan M Filgueiras; Orlando Nappe, Juan B Romo y Enrique Cerioni; Carlos Lazón, Manuel Ameal, Héctor López, Eduardo Ricagni y Ricardo Quiñones.","Grisetti; Dellacha y García Pérez; Giménez, Balay y Gutiérrez; Mario Boyé, Norberto Méndez, Blanco, Llamil Simes y Sued.",foto,30 GOL Llamil Simes (RAC)</br>39 GOL Norberto Méndez (RAC)</br>41 GOL Mario Boyé (RAC)</br>52 GOL Eduardo Ricagni (HUR)</br>88 GOL Blanco (RAC),45,90,0,0
12/10/1952,Baldonedo,local,victoria,5,2,Platense,21° fecha del Campeonato 'Eva Perón' 1952,El Palacio,Cross,"Juan C Marcello; Oscar Gaggino y Juan M Filgueiras; Néstor Naya, Pascasio Sola y Enrique Cerioni; Carlos Lazón, Alberto Loret de Mola; Valeriano López, Eduardo Ricagni y Ricardo Quiñones.","Germinaro; Bozzalla y Menéndez; Díaz, Rodríguez y Mammana; Murúa, Coll, A López, Torello y Sayago.",foto,11 GOL Menéndez (PLA)</br>31 GOL Eduardo Ricagni (HUR)</br>35 GOL Eduardo Ricagni (HUR)</br>51 GOL Valeriano López (HUR)</br>52 EXP Rodríguez (PLA)</br>84 GOL A López (PLA)</br>85 GOL Ricardo Quiñones (HUR)</br>87 GOL Eduardo Ricagni (HUR),45,90,0,0
19/10/1952,Baldonedo,visitante,empate,0,0,Boca Juniors,22° fecha del Campeonato 'Eva Perón' 1952,La Bombonera,Aldridge,"Juan C Marcello; Oscar Gaggino y Juan M Filgueiras; Néstor Naya, Pascasio Sola y Enrique Cerioni; Carlos Lazón, Alberto Loret de Mola; Valeriano López, Eduardo Ricagni y Ricardo Quiñones.","Diano; Colman y Otero; Lombardo, Magnelli y Juan A Bendazzi; González, Ferraro, Borello, Elio Montaño y Busico.",foto,1° Tiempo: Boca 0x0 Huracán,45,90,0,0
26/10/1952,Baldonedo,local,victoria,3,0,Chacarita Juniors,23° fecha del Campeonato 'Eva Perón' 1952,El Palacio,Wilbraham,"Juan C Marcello; Oscar Gaggino y Juan M Filgueiras; Néstor Naya, Pascasio Sola y Enrique Cerioni; Luis Gómez, Alberto Loret de Mola, Valeriano López, Eduardo Ricagni y Ricardo Quiñones.","I López; Molinari y Federico Pizarro; Scriminacci, Moreno y Enrique Espinosa; Otero, Osvaldo Güenzatti, Barta, Pavez y Massotto.",foto,34 GOL Eduardo Ricagni (HUR)</br>80 GOL Eduardo Ricagni (HUR) -penal-</br>46 GOL Valeriano López (HUR)</br>79 EXP Ricardo Quiñones (HUR)</br>79 EXP Molinari (CHJ),45,90,0,0
02/11/1952,Baldonedo,visitante,empate,1,1,Ferro C. Oeste,24° fecha del Campeonato 'Eva Perón' 1952,Caballito,Meade,"Juan C Marcello; Oscar Gaggino y Juan M Filgueiras; Néstor Naya, Pascasio Sola y Enrique Cerioni; Luis Gómez, Manuel Ameal, Valeriano López, Eduardo Ricagni y Carlos Lazón.","Marapodi; González y Garansini; Bufatelli, Retamosa y Santiago Ardanaz; Carbone, Salvucci, Runzer, García y Piovano.",foto,12 GOL Piovano (FCO)</br>69 GOL Eduardo Ricagni (HUR) -penal-,45,90,0,0
08/11/1952,Baldonedo,visitante,derrota,0,1,Independiente,25° fecha del Campeonato 'Eva Perón' 1952,Doble Visera,Bradley,"Juan C Marcello; Oscar Gaggino y Juan M Filgueiras; Néstor Naya, Pascasio Sola y Enrique Cerioni; Luis Gómez, Alberto Loret de Mola, Valeriano López, Eduardo Ricagni y Carlos Lazón.","Simonetti; Barraza y Mousegne; Arias, Varacka y Gil; Rodolfo Micheli, Bonelli, Lacasia, Grillo y Cruz.",foto,67 GOL Lacasia (IND)</br>81 EXP Luis Gómez (HUR),45,90,0,0
11/11/1952,Baldonedo,local,victoria,3,1,Banfield,26° fecha del Campeonato 'Eva Perón' 1952,El Palacio,Dyckes,"Juan C Marcello; Oscar Gaggino y Juan M Filgueiras; Néstor Naya, Pascasio Sola y Enrique Cerioni; Carlos Lazón, Rossi, Héctor López, Eduardo Ricagni y Rodolfo Bediale.","Cadars; Precona y Bagnato; Capparelli, Mouriño y Héctor D'Angelo; Converti, Sánchez, F Rodríguez, A Rodríguez y Gómez.",foto,17 GOL Eduardo Ricagni (HUR)</br>27 GOL Eduardo Ricagni (HUR) -penal-</br>50 GOL Eduardo Ricagni (HUR)</br>74 GOL Sánchez (BAN),45,90,0,0
16/11/1952,Baldonedo,visitante,victoria,4,1,Newell's Old Boys (Rosario),27° fecha del Campeonato 'Eva Perón' 1952,Parque Independencia (Rosario),Illife,"Juan C Marcello; Oscar Gaggino y Juan M Filgueiras; Néstor Naya, Pascasio Sola y Enrique Cerioni; Carlos Lazón, Oscar Rossi, Héctor López, Eduardo Ricagni y Rodolfo Bediale.","Musimessi; Cabrera y Cordero; Echeverría, Faina y Roberto Puissegur; Carranza, Fochi, J López, Álvarez y Marcelo Ortigüela.",foto,23 GOL Eduardo Ricagni (HUR) -penal-</br>30 GOL J López (NOB)</br>44 GOL Eduardo Ricagni (HUR)</br>82 GOL Cabrera (HUR) -en contra-</br>87 GOL Eduardo Ricagni (HUR),45,90,0,0
22/11/1952,Baldonedo,local,derrota,1,7,River Plate,28° fecha del Campeonato 'Eva Perón' 1952,El Palacio,Wilbraham,"Juan C Marcello; Oscar Gaggino y Juan M Filgueiras; Néstor Naya, Pascasio Sola y Enrique Cerioni; Carlos Lazón, Oscar Rossi, Héctor López, Eduardo Ricagni y Rodolfo Bediale.","Fumero; Tesouro, Pérez y Soria; Venini y Ferrari; Santiago Vernazza, Eliseo Prado, Walter Gómez, Ángel Labruna y Félix Loustau.",foto,37 GOL Eduardo Ricagni (HUR)</br>44 GOL Santiago Vernazza (RPL)</br>47 GOL Santiago Vernazza (RPL)</br>51 GOL Ángel Labruna (RPL)</br>53 GOL Eliseo Prado (RPL)</br>59 GOL Walter Gómez (RPL)</br>81 GOL Santiago Vernazza (RPL)</br>82 GOL Walter Gómez (RPL),45,90,0,0
26/11/1952,Baldonedo,visitante,derrota,1,4,Estudiantes (La Plata),29° fecha del Campeonato 'Eva Perón' 1952,Uno (La Plata),Aldridge,"Juan C Marcello; Oscar Gaggino y Juan M Filgueiras; Néstor Naya, Pascasio Sola y Enrique Cerioni; Carlos Lazón, Oscar Rossi, Héctor López, Eduardo Ricagni y Rodolfo Bediale.","Capossio; Silvero y Borlando; Breccia, Urriolabeitia y Maceroni; Ruggeri, Duscovich, Reynoso, Caram y Zelada.",foto,31 GOL Caram (ELP)</br>62 GOL Duscovich (ELP)</br>68 GOL Duscovich (ELP)</br>73 GOL Héctor López (HUR)</br>74 GOL Urriolabeitia (ELP),45,90,0,0
29/11/1952,Baldonedo,local,victoria,5,0,Vélez Sarsfield,30° fecha del Campeonato 'Eva Perón' 1952,El Palacio,Meade,"Juan C Marcello; Juan A Romeral y Juan M Filgueiras; Orlando Nappe, Juan B Romo y Enrique Cerioni; Carlos Lazón, Héctor López, Valeriano López, Eduardo Ricagni y Rodolfo Bediale.","Adamo; Huss y Allegri; Rodríguez, Jorge Ruiz y Sardá; Napoli, Mallegni, Norberto Conde, Zubeldía y Mendiburu.",foto,33 GOL Héctor López (HUR)</br>45 GOL Rodolfo Bediale (HUR)</br>70 GOL Eduardo Ricagni (HUR)</br>75 GOL Valeriano López (HUR)</br>83 GOL Valeriano López (HUR),45,90,0,0
04/12/1952,Baldonedo,visitante,victoria,3,1,Barcelona (Ecuador),Gira por Sudamérica 1952 (amistoso),Capwell (Guayaquil),desconocido,"Jacinto Díaz; Juan A Romeral y Oscar Gaggino; Néstor Naya, Juan B Romo y José Nazionale; Carlos Lazón, Héctor López, Valeriano López, Eduardo Ricagni y Rodolfo Bediale.","Alfredo Bonnard; Sánchez y Juan Benítez (Luis Jurado); Marín, Ángel Perucca y Solórzano; Óscar Contreras, Vicente Gallina (Manuel Rodríguez), Sigifredo Chuchuca, José Vargas y Clímaco Cañarte.",foto,GOL Vargas (BAR)</br>GOL Eduardo Ricagni (HUR)</br>GOL Eduardo Ricagni (HUR)</br>GOL Eduardo Ricagni (HUR),45,90,0,0
06/12/1952,Baldonedo,neutral,derrota,1,2,Dep Cali (Colombia),Gira por Sudamérica 1952 (amistoso),(Quito),desconocido,"Jacinto Díaz; Oscar Gaggino y Juan A Romeral; Néstor Naya, Juan B Romo (José Nazionale) y Enrique Cerioni; Carlos Lazón, Héctor López, Valeriano López, Eduardo Ricagni y Manuel Pelegrina.","Julio Asciolo; Vicente Cocenza, Sanguinetti y Jorge Caicedo; José Castro y Juan Lecca; Osvaldo Pérez, Castillo (Luis Salazar), Roberto Coll, Rubí Cerioni y Camilo Cervino.",foto,18 GOL Pérez (CAL)</br>19 GOL Valeriano López (HUR)</br>47 GOL Rubí Cerioni (CAL),45,90,0,0
08/12/1952,Baldonedo,visitante,empate,2,2,Independiente Santa Fe (Colombia),Gira por Sudamérica 1952 (amistoso),El Campín (Bogotá),Fernández (Colombia),"Jacinto Díaz; Roberto Rodríguez y Juan A Romeral; Néstor Naya, José Nazionale (Juan B Romo) y Enrique Cerioni; Antonio Giosa, Rossi (Valeriano López), Héctor López, Eduardo Ricagni y Manuel Pelegrina.","Chamorro (Espriella); Kersul y Pellegrino; Reyes, Bernasconi y Fain; Arango, Deibe, Pairoux, Germán Antón (Ortega) y Villalba.",foto,15 GOL Manuel Pelegrina (HUR)</br>19 GOL Deibe (ISF)</br>47 GOL Pairoux (ISF)</br>66 GOL Eduardo Ricagni (HUR),45,90,0,0
14/12/1952,Baldonedo,visitante,derrota,0,4,Millonarios (Colombia),Gira por Sudamérica 1952 (amistoso),El Campín (Bogotá),Gregorio (Colombia),"Jacinto Díaz; Juan A Romeral y Roberto Rodríguez; Néstor Naya, Juan B Romo (José Nazionale) y Enrique Cerioni; Antonio Giosa (Oscar Rossi), Carlos Lazón, Héctor López (Valeriano López), Eduardo Ricagni y Manuel Pelegrina.","Julio Cozzi; Julio Ramírez y Francisco Zuluaga; Felipe Stemberg (Raúl Pini), Néstor Rossi y Jorge Benegas; Alfredo Castillo, Antonio Báez, Alfredo Di Stéfano, Ramón Villaverde (Mario Fernández) y Alcides Aguilera.",foto,36 GOL Alfredo Di Stéfano (MIL)</br>38 GOL Castillo (MIL)</br>56 GOL Alfredo Di Stéfano (MIL)</br>72 GOL Báez (MIL),45,90,0,0
21/12/1952,Baldonedo,visitante,victoria,3,2,Quindío (Colombia),Gira por Sudamérica 1952 (amistoso),Municipal (Armenia),Luis Fernández (Uruguay),"Gabriel Ogando; Juan A Romeral y Juan M Filgueiras; José Nazionale, Juan B Romo y Enrique Cerioni; Antonio Giosa, Oscar Rossi, Valeriano López, Eduardo Ricagni y Manuel Pelegrina.","Américo Tissera; Cuello y Lombardo; Carugno, González y Sánchez; Gutiérrez, Cazaubón, Alarcón, Garelli y Urruty.",foto,26 GOL Eduardo Ricagni (HUR) -penal-</br>30 GOL Gutiérrez (QUI)32 GOL Valeriano López (HUR)</br>40 GOL Cazaubón (QUI)</br>80 GOL Eduardo Ricagni (HUR),45,90,0,0
28/12/1952,Baldonedo,visitante,empate,2,2,Dep. Cali (Colombia),Gira por Sudamérica 1952 (amistoso),San Fernando (Cali),Turrío,"Gabriel Ogando; Juan A Romeral y Juan M Filgueiras; Néstor Naya (Roberto Rodríguez), Juan B Romo (José Nazionale) y Enrique Cerioni; Antonio Giosa (Carlos Lazón), Héctor López (Oscar Rossi), Ricardo Infante (Valeriano López), Eduardo Ricagni y Manuel Pelegrina.","Julio Asciolo; Roaldo Viáfara, José Castro y Caicedo; Oscar Sastre y Juan Lecca; Osvaldo Pérez, Roberto Coll, Rubí Cerioni, Camilo Cervino y Castro.",foto,4 GOL Rubí Cerioni (CAL)</br>15 GOL Héctor López (HUR)</br>43 GOL Cervino (CAL)</br>72 GOL Eduardo Ricagni (HUR),45,90,0,0
02/01/1953,Baldonedo,visitante,empate,2,2,Boca Junior (Colombia),Gira por Sudamérica 1952 (amistoso),San Fernando (Cali),Amaya,"Gabriel Ogando; Romeral y Juan M. Filgueiras; Néstor Naya, Juan B. Romo (24 José Nazionale) y Enrique Cerioni; Carlos Lazón, Héctor López (30 Oscar Rossi), Ricardo Infante (67 Valeriano López), Eduardo Ricagni y Manuel Pelegrina.","Pablo Centurión; Ángel Chávez y Arturo Caicedo (30 Huequitos); Rivas, Acuña y Canino Caicedo; Félix Castillo, Héctor Pérez (46 Panesso), Solano Patiño, Alejandrino Genés y Bolívar Sarriá.",foto,34 GOL Carlos Lazón (HUR) -puntazo tras asistencia de Eduardo Ricagni (HUR)-</br>52 GOL Alejandrino Genés (BJC)</br>70 GOL Valeriano López (HUR) -cabezazo tras asistencia de Carlos Lazón (HUR)-</br>83 GOL Bolívar Sarriá (BJC),45,90,0,0
07/01/1953,Baldonedo,visitante,victoria,3,1,Barcelona (Ecuador),Gira por Sudamérica 1952 (amistoso),Capwell (Guayaquil),Guerrero,"Gabriel Ogando; Oscar Gaggino (46 Juan A Romeral) y Juan M Filgueiras; Néstor Naya (46 Roberto Rodríguez), Juan B Romo y José Nazionale (46 Enrique Cerioni); Carlos Lazón, Héctor López, Ricardo Infante, Eduardo Ricagni y Rodolfo Bediale.","Champi; Enriquez y Jurado; Estévez, Caruso y Solís (46 Croas); Rodríguez, Larraz (46 Cañarte), Chuchuca (46 Andrade), Vargas y Andrade.",foto,20 GOL Ricardo Infante (HUR)</br>22 GOL Ricardo Infante (HUR)</br>60 GOL Guzmán (BAR)</br>67 GOL Eduardo Ricagni (HUR),45,90,0,0
10/01/1953,Baldonedo,visitante,victoria,8,0,Norte América (Ecuador),Gira por Sudamérica 1952 (amistoso),Capwell (Guayaquil),desconocido,"Gabriel Ogando; Juan A Romeral y Juan M Filgueiras; Roberto Rodríguez, Juan B Romo y Enrique Cerioni (José Nazionale); Carlos Lazón, Oscar Rossi, Ricardo Infante, Eduardo Ricagni (Héctor López) y Manuel Pelegrina.","Bonnard; Alvarado y Gando; Zambrano, Reyes y Macías (Altamirano); Arteaga, Pinto, Marañón, Leyton (Guzmán) y De la Torre.",foto,16 GOL Ricardo Infante (HUR)</br>22 GOL Oscar Rossi (HUR)</br>36 GOL Eduardo Ricagni (HUR)</br>43 GOL Ricardo Rodríguez (HUR)</br>46 GOL Ricardo Infante (HUR)</br>48 GOL Eduardo Ricagni (HUR)</br>73 GOL Ricardo Infante (HUR)</br>85 GOL Héctor López (HUR),45,90,0,0
03/03/1953,Baldonedo,local,victoria,1,0,Hajduk Split (Yugoslavia),Pretemporada 1953 (amistoso),El Palacio,Wilbraham,"Gabriel Ogando; Juan A Romeral y Juan M Filgueiras; Roberto Rodríguez, Juan B Romo y Enrique Cerioni; Carlos Lazón, Oscar Rossi, Ricardo Infante, Eduardo Ricagni y Manuel Pelegrina.","Beara; Bella y Broketa; Kratulovic, Klaick y Milanov; Rajkov, Lustika, Matosic, Vukas y Arapovich.",foto,12 GOL Matosic (HSP)</br>16 Partido suspendido por lluvia,16,0,0,0
14/03/1953,Baldonedo,neutral,empate,3,3,San Lorenzo de Almagro,Pretemporada 1953 (amistoso beneficio de Mutual),La Bombonera,desconocido,"Gabriel Ogando (Juan C Marcello); Juan A Romeral y Juan M Filgueiras; Roberto Rodríguez (Néstor Naya), Juan B Romo (Orlando Nappe) y Enrique Cerioni; Antonio Giosa (Carlos Lazón), Oscar Rossi (Héctor López), Ricardo Infante, Eduardo Ricagni y Manuel Pelegrina.","Blazina (Gerónimo); Martínez y Basso; Resquín, Cívico (Cortiñas) y Berterame; Cuevas (Picot), Papa, Benavídez, Martínez y Seoane.",foto,12 GOL Antonio Giosa (HUR)</br>34 GOL Antonio Giosa (HUR)</br>47 GOL Héctor López (HUR)</br>61 EXP Ricardo Infante (HUR)</br>62 GOL Papa (HUR)</br>86 GOL Martínez (HUR)</br>88 GOL Papa (HUR),45,90,0,0
28/03/1953,Baldonedo,visitante,victoria,3,2,Gimnasia y Tiro (Salta),Pretemporada 1953 (amistoso),Gimnasia y Tiro (Salta),desconocido,"Juan C Marcello; Oscar Gaggino y Juan M Filgueiras; Roberto Rodríguez, José Fantín y Enrique Cerioni; Antonio Giosa, Herrera, Ricardo Infante, Eduardo Ricagni y Manuel Pelegrina.","Castillo; Clemente y Guerra; Echazú, González y Miranda; Juárez, Olmedo, Barrios, Iñigo y De la Cruz Díaz.",foto,16 GOL De la Cruz Díaz (GYT)</br>19 GOL Ricardo Infante (HUR)</br>21 GOL Antonio Giosa (HUR)</br>55 GOL Iñigo (HUR)</br>71 GOL Antonio Giosa (HUR),45,90,0,0
29/03/1953,Baldonedo,visitante,-,-,-,Liga de Salta,Pretemporada 1953 (amistoso),(Salta),desconocido,-,-,foto,sin datos,45,90,0,0
05/04/1953,Baldonedo,visitante,empate,3,3,Ferro C. Oeste,1° fecha del Campeonato 1953,Caballito,Bradley,"Juan C Marcello; Oscar Gaggino y Juan M Filgueiras; Néstor Naya, José Fantín y José Nazionale; Carlos Lazón, Héctor López, Ricardo Infante, Eduardo Ricagni y Manuel Pelegrina.","Marapodi; González y Garansini; Bufatelli, Retamosa y Santiago Ardanaz; Napoli, Pérez, Omarini, Vigo y Piovano.",foto,8 GOL Manuel Pelegrina (HUR)</br>18 GOL Pérez (FCO)</br>21 GOL Napoli (FCO)</br>43 GOL Eduardo Ricagni (HUR) -penal-</br>66 GOL Omarini (FCO)</br>75 GOL Eduardo Ricagni (HUR) -penal-</br>80 EXP Retamosa (FCO)</br>80 EXP Eduardo Ricagni (HUR),45,90,0,0
12/04/1953,Baldonedo,visitante,derrota,1,2,Platense,2° fecha del Campeonato 1953,Saavedra,Illife,"Gabriel Ogando; Oscar Gaggino y Juan M Filgueiras; Roberto Rodríguez, Juan B Romo y Enrique Cerioni; Carlos Lazón, Héctor López, Ricardo Infante, Eduardo Ricagni y Manuel Pelegrina.","Germinaro; Capalbo y Menéndez; Díaz, Víctor Rodríguez y Longo; Murúa, Coll, A López, Torello y Sayago.",foto,14 GOL Eduardo Ricagni (HUR)</br>16 LES Illife (dirige Barani)</br>63 GOL Coll (PLA)</br>67 GOL Torello (PLA),45,90,0,0
19/04/1953,Baldonedo,local,victoria,3,1,Boca Juniors,3° fecha del Campeonato 1953,El Palacio,Cross,"Gabriel Ogando; Oscar Gaggino y Juan M Filgueiras; Roberto Rodríguez, Juan B Romo y Enrique Cerioni; Carlos Lazón, Oscar Rossi, Ricardo Infante, Eduardo Ricagni y Manuel Pelegrina.","Musimessi; Otero y Edwards; Lombardo, Eliseo Mouriño y Natalio Pescia; González, Costa, Rolando, Elio Montaño y Gómez.",foto,31 GOL Rolando (BJU)</br>35 GOL Eduardo Ricagni (HUR)</br>78 GOL Eduardo Ricagni (HUR)</br>89 GOL Ricardo Infante (HUR),45,90,0,0
26/04/1953,Baldonedo,visitante,derrota,0,1,Racing Club,4° fecha del Campeonato 1953,Perón,Sunderland,"Gabriel Ogando; Oscar Gaggino y Juan M Filgueiras; Roberto Rodríguez, Juan B Romo y Enrique Cerioni; Carlos Lazón, Oscar Rossi, Ricardo Infante, Eduardo Ricagni y Manuel Pelegrina.","Domínguez; Dellacha y García Pérez; Fernández, Balay y Ernesto Gutiérrez; Mario Boyé, Norberto Méndez, Racalbuto, Pizzuti y Sued.",foto,48 GOL Mario Boyé (RAC),45,90,0,0
03/05/1953,Baldonedo,local,victoria,3,1,Estudiantes (La Plata),5° fecha del campeonato 1953,El Palacio,Aldridge,"Gabriel Ogando; Carlos Spinelli y Juan M Filgueiras; Roberto Rodríguez, Juan B Romo y Enrique Cerioni; Carlos Lazón, Oscar Rossi, Valeriano López, Eduardo Ricagni y Manuel Pelegrina.","Gioffré; Breccia y Carriquiri; Garcerón, Urriolabeitia y Casanueva; Ruggeri, Antonio, Baiocco, Caram y Zelada.",foto,29 GOL Valeriano López (HUR)</br>59 GOL Antonio (ELP)</br>70 GOL Valeriano López (HUR)</br>84 GOL Eduardo Ricagni (HUR),45,90,0,0
24/05/1953,Baldonedo,visitante,empate,3,3,Newell's Old Boys (Rosario),1° fecha del Campeonato 1953,Parque Independencia (Rosario),Wilbraham,"Gabriel Ogando; Carlos Spinelli y Juan M Filgueiras; Roberto Rodríguez, Juan B Romo y Enrique Cerioni; Carlos Lazón, Oscar Rossi, Ricardo Infante, Eduardo Ricagni y Rodolfo Bediale.","Castro; Orlando Peloso y Kasparián; Volpe, Bosich y Roberto Puissegur; Contini, Carranza, Cosio, Belén y López.",foto,7 Cosio (NOB)</br>30 GOL Enrique Cerioni (HUR)</br>35 GOL Carranza (NOB)</br>44 GOL Oscar Rossi (HUR)</br>63 GOL Eduardo Ricagni (HUR)</br>89 GOL Contini (NOB),45,90,0,0
31/05/1953,Baldonedo,local,victoria,3,0,Banfield,1° fecha del Campeonato 1953,El Palacio,Lynch,"Gabriel Ogando; Carlos Spinelli y Juan M Filgueiras; Roberto Rodríguez, Juan B Romo y Enrique Cerioni; Antonio Giosa, Oscar Rossi, Ricardo Infante, Eduardo Ricagni y Manuel Pelegrina.","Ellul; Ferretti y Bagnato; Corvetto, Magnelli y Héctor D'Angelo; Converti, Sánchez, Álvarez, A Rodríguez y Lomio.",foto,73 GOL Eduardo Ricagni (HUR)</br>83 Manuel Pelegrina (HUR)</br>84 GOL Eduardo Ricagni (HUR) -penal-,45,90,0,0
04/06/1953,Baldonedo,visitante,derrota,0,2,Vélez Sarsfield,1° fecha del Campeonato 1953,Vélez Sarsfield,Bradley,"Gabriel Ogando; Carlos Spinelli y Juan G Zorzoli; Roberto Rodríguez, Juan B Romo y Enrique Cerioni; Antonio Giosa, Oscar Rossi, Ricardo Infante, Eduardo Ricagni y Manuel Pelegrina.","Adamo; Huss y Allegri; Ovide, Jorge Ruiz y García Fierro; Ernesto Sansone, Norberto Conde, Martínez, Zubeldía y Mendiburu.",foto,28 GOL Ernesto Sansone (VSA)</br>62 EXP Carlos Spinelli (VSA)</br>63 GOL Allegri (VSA) -penal-,45,90,0,0
07/06/1953,Baldonedo,local,derrota,0,1,San Lorenzo de Almagro,9° fecha del campeonato 1953,El Palacio,Dyckes,"Gabriel Ogando; Oscar Gaggino y Juan M Filgueiras; Roberto Rodríguez, Juan B Romo y Enrique Cerioni; Antonio Giosa, Oscar Rossi, Ricardo Infante, Eduardo Ricagni y Manuel Pelegrina.","Gerónimo; Martina y Basso; Resquín, Cívico y Vivas; Mesones, Benavídez, Florio, Martínez y Ricardo Quiñones.",foto,4 GOL Antonio Giosa (HUR),45,90,0,0
14/06/1953,Baldonedo,visitante,empate,0,0,River Plate,10° fecha del campeonato 1953,Monumental,Hartles,"Juan C Marcello; Oscar Gaggino y Juan M Filgueiras; Roberto Rodríguez, Juan B Romo y Enrique Cerioni; Antonio Giosa, Oscar Rossi, Ricardo Infante, Eduardo Ricagni y Manuel Pelegrina.","Amadeo Carrizo; Yácono, Pérez y Soria; Venini y Pascasio Sola; Félix Respuela, Gambardella, Eliseo Prado, Ángel Labruna y Santiago Vernazza.",foto,1° Tiempo: River 0x0 Huracán,45,90,0,0
21/06/1953,Baldonedo,local,empate,2,2,Chacarita Juniors,11° fecha del campeonato 1953,El Palacio,Meade,"Gabriel Ogando; Oscar Gaggino y Juan M Filgueiras; Roberto Rodríguez, Jorge Caruso y Enrique Cerioni; Antonio Giosa, Héctor López, Valeriano López, Eduardo Ricagni y Manuel Pelegrina.","Díaz; Federico Pizarro y Ferrero; Stomas, Moreno y Enrique Espinosa; Otero, Coll, Borello, Campana y Esquide.",foto,3 GOL Héctor López (HUR)</br>11 GOL Esquide (CHJ)</br>25 GOL Héctor López (HUR)</br>56 GOL Otero (CHJ),45,90,0,0
09/07/1953,Baldonedo,visitante,derrota,1,2,Liga de Tucumán,Gira por el Norte 1953 (amistoso fecha patria),(Tucumán),desconocido,-,-,foto,sin datos,45,90,0,0
11/07/1953,Baldonedo,visitante,victoria,5,2,Combinado de La Banda,Gira por el Norte 1953 (amistoso fecha patria),(Santiago),desconocido,-,-,foto,sin datos,45,90,0,0
12/07/1953,Baldonedo,visitante,victoria,1,0,Liga de Santiago del Estero,Gira por el Norte 1953 (amistoso fecha patria),(Santiago del Estero),desconocido,-,-,foto,sin datos,45,90,0,0
19/07/1953,Baldonedo,visitante,derrota,1,4,Independiente,12° fecha del campeonato 1953,Doble Visera,Cross,"Gabriel Ogando; Carlos Spinelli y Juan M Filgueiras; Roberto Rodríguez, José Fantín y Enrique Cerioni; Antonio Giosa, Héctor López, Ricardo Infante, Eduardo Ricagni y Manuel Pelegrina.","Simonetti; Barraza y Mousegne; Amaya, Varacka y Britos; Rodolfo Micheli, Cecconato, Lacasia, Grillo y Cruz.",foto,2 GOL Héctor López (HUR)</br>31 GOL Lacasia (IND)</br>59 GOL Lacasia (IND) -penal-</br>48 GOL Rodolfo Micheli (IND)</br>81 GOL Rodolfo Micheli (IND),45,90,0,0
25/07/1953,Baldonedo,local,derrota,0,2,Gimnasia y Esgrima (La Plata),13° fecha del campeonato 1953,El Palacio,Illife,"Gabriel Ogando; Oscar Gaggino y Juan M Filgueiras; Roberto Rodríguez, José Fantín y Enrique Cerioni; Ricardo Infante, Héctor López, Valeriano López, Oscar Rossi y Manuel Pelegrina.","Musi; Ambrosi y Carboni; Schandlein, Arcos y Smargiassi; Gagliardo, Maravilla, Gutiérrez, Martínez y Barci.",foto,17 GOL Gutiérrez (GLP)</br>89 GOL Barci (GLP),45,90,0,0
02/08/1953,Baldonedo,visitante,derrota,0,2,Rosario Central,14° fecha del Campeonato 1953,Arroyito (Rosario),Aldridge,"Gabriel Ogando; Oscar Gaggino y Juan M Filgueiras; Roberto Rodríguez, Enrique Cerioni y José Nazionale; Antonio Giosa, Héctor López, Ricardo Infante, Oscar Rossi y Manuel Pelegrina.","Bottazzi; Virginio y Miranda; Inveninato, Minni y Fogel; Gauna, Appicciafocco, Rosa, Massei y Portaluppi.",foto,11 GOL Massei (RCE)</br>56 GOL Gauna (RCE),45,90,0,0
09/08/1953,Baldonedo,local,victoria,3,1,Lanús,15° fecha del Campeonato 1953,El Palacio,Lynch,"Gabriel Ogando; Oscar Gaggino y Juan M Filgueiras; Roberto Rodríguez, Juan B Romo y Enrique Cerioni; Antonio Giosa, Oscar Rossi, Ricardo Infante, Héctor López y Manuel Pelegrina.","Álvarez Vega; Tarifa y Mercado; Daponte, García y Pérez; Carrizo, Gil, Cejas, Reynoso y Rodolfo Durán.",foto,9 GOL Reynoso (LAN)</br>17 GOL Oscar Rossi (HUR)</br>60 GOL Héctor López (HUR)</br>67 GOL Manuel Pelegrina (HUR)</br>84 GOL Reynoso (LAN),45,90,0,0
17/08/1953,Baldonedo,local,victoria,3,1,Ferro C. Oeste,16° fecha del Campeonato 1953,El Palacio,Dyckes,"Gabriel Ogando; Oscar Gaggino y Juan M Filgueiras; Roberto Rodríguez, Juan B Romo y Enrique Cerioni; Antonio Giosa, Oscar Rossi, Ricardo Infante, Héctor López y Manuel Pelegrina.","Marapodi; González y Garansini; Bufatelli, Diez y Santiago Ardanaz; Cuchero, Moreno, Omarini, García y Piovano.",foto,1 GOL Manuel Pelegrina (HUR)</br>13 GOL Ricardo Infante (HUR)</br>42 GOL Oscar Rossi (HUR)</br>68 GOL Omarini (FCO),45,90,0,0
23/08/1953,Baldonedo,local,empate,1,1,Platense,17° fecha del Campeonato 1953,El Palacio,Cross,"Gabriel Ogando; Oscar Gaggino y Juan M Filgueiras; Roberto Rodríguez, Juan B Romo y Enrique Cerioni; Carlos Lazón, Oscar Rossi, Ricardo Infante, Héctor López y Manuel Pelegrina.","Germinaro; Capalbo y Menéndez; Maldonado, Víctor Rodríguez y Bozzalla; Torello, Coll, López, Seghini y Sayago.",foto,18 GOL Manuel Pelegrina (HUR) -penal-</br>71 GOL Coll (PLA),45,90,0,0
30/08/1953,Baldonedo,visitante,empate,0,0,Boca Juniors,18° fecha del Campeonato 1953,La Bombonera,Hartles,"Gabriel Ogando; Oscar Gaggino y Juan M Filgueiras; Roberto Rodríguez, Juan B Romo y Enrique Cerioni; Carlos Lazón, Oscar Rossi, Ricardo Infante, Héctor López y Manuel Pelegrina.","Musimessi; Colman y Edwards; Lombardo, Eliseo Mouriño y Natalio Pescia; Navarro, Elio Montaño, Fernández Real, Vairo y Busico.",foto,1° Tiempo: Boca 0x0 Huracán,45,90,0,0
06/09/1953,Baldonedo,local,derrota,1,4,Racing Club,19° fecha del campeonato 1953,El Palacio,Illife,"Gabriel Ogando; Oscar Gaggino y Juan M Filgueiras; Roberto Rodríguez, Juan B Romo y Enrique Cerioni; Antonio Giosa, Oscar Rossi, Ricardo Infante, Héctor López y Manuel Pelegrina.","Domínguez; Dellacha y García Pérez; Fernández, Balay y Giménez; Cupo, Pizzuti, Manuel Ameal, Llamil Simes y Sued.",foto,16 GOL Pizzuti (RAC)</br>26 GOL Llamil Simes (RAC)</br>70 GOL Antonio Giosa (HUR)</br>78 GOL Pizzuti (RAC)</br>85 GOL Manuel Ameal (RAC),45,90,0,0
13/09/1953,Baldonedo,visitante,derrota,0,2,Estudiantes (La Plata),20° fecha del campeonato 1953,Uno (La Plata),Cross,"Juan C Marcello; Oscar Gaggino y Juan M Filgueiras; Roberto Rodríguez, Abel Pacheco y Enrique Cerioni; Antonio Giosa (46 Carlos Lazón), Oscar Rossi, Valeriano López, Alberto Loret de Mola y Manuel Pelegrina.","Gioffré; Álvarez y Silvero; Garcerón, Aragón y Mogaburu; Ruggeri, Baiocco, Reynoso, Antonio y Noguera.",foto,57 GOL Ruggeri (ELP) -penal-</br>68 GOL Ruggeri (ELP) -penal-,45,90,0,0
20/09/1953,Onzari,local,victoria,3,1,Newell's Old Boys (Rosario),21° fecha del campeonato 1953,El Palacio,Meade,"Juan C Marcello; Oscar Gaggino y Juan M Filgueiras; Roberto Rodríguez, Juan B Romo y Enrique Cerioni; Antonio Giosa, Héctor López, Ricardo Infante, Alberto Loret de Mola y Manuel Pelegrina.","Castro; Cabrera y Coronel; Bustos, Bosich y Roberto Puissegur; Carranza, Gamarra, Roberto Roche, Belén y J López.",foto,15 GOL Ricardo Infante (HUR)</br>50 GOL Alberto Loret de Mola (HUR)</br>77 GOL Héctor López (HUR)</br>83 GOL Roberto Roche (NOB),45,90,0,0
27/09/1953,Onzari,visitante,empate,2,2,Banfield,22° fecha del campeonato 1953,Florencio Sola,Lynch,"Juan C Marcello; Oscar Gaggino y Juan M Filgueiras; Roberto Rodríguez, Juan B Romo y José Nazionale; Carlos Lazón, Héctor López, Ricardo Infante, Alberto Loret de Mola y Manuel Pelegrina.","Graneros; Ferretti y Bagnato; Vladislao Capparelli, Giacomini y Héctor D'Angelo; Converti, Sánchez, Villamor, A Rodríguez y Álvarez.",foto,9 GOL Héctor López (HUR)</br>29 GOL Sánchez (BAN)</br>44 GOL Álvarez (BAN)</br>50 GOL Alberto Loret de Mola (HUR),45,90,0,0
04/10/1953,Onzari,local,victoria,2,0,Vélez Sarsfield,23° fecha del campeonato 1953,El Palacio,Aldridge,"Juan C Marcello; Oscar Gaggino y Juan M Filgueiras; Roberto Rodríguez, Juan B Romo y José Nazionale; Carlos Lazón, Héctor López, Ricardo Infante, Alberto Loret de Mola y Manuel Pelegrina.","Cerretani; Iglesias y Viglienghi; Ovide, Jorge Ruiz y García Fierro; Ernesto Sansone, Norberto Conde, Ferraro, Zubeldía y Mendiburu.",foto,20 GOL Manuel Pelegrina (HUR) -penal-</br>88 GOL Manuel Pelegrina (HUR),45,90,0,0
11/10/1953,Onzari,visitante,derrota,1,3,San Lorenzo de Almagro,24° fecha del campeonato 1953,Gasómetro,Meade,"Juan C Marcello; Oscar Gaggino y Juan M Filgueiras; Roberto Rodríguez, Juan B Romo y José Nazionale; Carlos Lazón, Héctor López, Ricardo Infante, Alberto Loret de Mola y Manuel Pelegrina.","Gerónimo; Martina y Basso; Resquín, Cívico y Leguía; Mesones, Florio, Benavídez, Picot y Silva.",foto,16 GOL Manuel Pelegrina (HUR) -penal-</br>28 GOL Florio (SLA)</br>47 GOL Cívico (SLA)</br>84 GOL Benavídez (SLA),45,90,0,0
18/10/1953,Onzari,local,derrota,1,3,River Plate,25° fecha del campeonato 1953,El Palacio,Hartles,"Juan C Marcello; Oscar Gaggino y Juan M Filgueiras; Roberto Rodríguez, Juan B Romo y José Nazionale; Antonio Giosa, Ricardo Infante, Valeriano López, Héctor López y Manuel Pelegrina.","Amadeo Carrizo; Tesouro, Pérez y Guastavino; Venini y Pascasio Sola; Santiago Vernazza, Eliseo Prado, Alberto Evaristo, Ángel Labruna y Félix Loustau.",foto,6 GOL Ángel Labruna (RPL)</br>31 GOL Eliseo Prado (RPL)</br>45 GOL Manuel Pelegrina (HUR)</br>48 GOL Eliseo Prado (RPL),45,90,0,0
25/10/1953,Onzari,visitante,derrota,0,1,Chacarita Juniors,26° fecha del Campeonato 1953,San Martín,Wilbraham,"Juan C Marcello; Oscar Gaggino y Juan M Filgueiras; Roberto Rodríguez, Juan B Romo y Enrique Cerioni; Carlos Lazón, Oscar Rossi, Ricardo Infante, Alberto Loret de Mola y Manuel Pelegrina.","Segundo Díaz; Moreno y Federico Pizarro; García, Pegnotti y Maceratesi; P Rodríguez, Coll, Napoli, Norberto Conde y Esquide.",foto,18 GOL Napoli (CHJ),45,90,0,0
01/11/1953,Onzari,local,empate,1,1,Independiente,27° fecha del Campeonato 1953,El Palacio,Dyckes,"Juan C Marcello; Oscar Gaggino y Juan M Filgueiras; Roberto Rodríguez, Juan B Romo y Enrique Cerioni; Carlos Lazón, Oscar Rossi, Ricardo Infante, Gregorio Barbosa y Manuel Pelegrina.","Abraham; Barraza y Violini; Arias, Zorzenón y Gil; Rodolfo Micheli, Cecconato, Lacasia, Grillo y Cruz.",foto,32 Gregorio Barbosa (HUR)</br>62 Rodolfo Micheli (IND),45,90,0,0
08/11/1953,Onzari,visitante,derrota,0,6,Gimnasia y Esgrima (La Plata),28° fecha del Campeonato 1953,El Bosque (La Plata),Lynch,"Juan C Marcello; Oscar Gaggino y Juan M Filgueiras; Roberto Rodríguez, Juan B Romo y Enrique Cerioni; Carlos Lazón, Oscar Rossi, Ricardo Infante, Gregorio Barbosa y Manuel Pelegrina.","Rodenak; Ambrosi y Carboni; Schandlein, Arcos y Smargiassi; Pentrelli, Maravilla, Gutiérrez, Martínez y Gagliardo.",foto,5 GOL Maravilla (GLP)</br>7 GOL Gutiérrez (GLP)</br>10 GOL Gutiérrez (GLP)</br>27 GOL Martínez (GLP)</br>51 GOL Gutiérrez (GLP)</br>89 GOL Gutiérrez (GLP),45,90,0,0
15/11/1953,Onzari,local,victoria,5,0,Rosario Central,29° fecha del Campeonato 1953,El Palacio,Meade,"Juan C Marcello; Oscar Gaggino y Juan M Filgueiras; Roberto Rodríguez, Juan B Romo y Enrique Cerioni; Antonio Giosa, Oscar Rossi, Ricardo Infante, Héctor López y Manuel Pelegrina.","Alberto Díaz; Aresi y Vairo; Caruso, Minni y Schossow; Gauna, Appicciafocco, Massei, Gómez y L'Episcopo.",foto,9 GOL Antonio Giosa (HUR)</br>15 GOL Massei (RCE)</br>39 GOL Oscar Rossi (HUR)</br>50 GOL Héctor López (HUR)</br>52 EXP Vairo (RCE)</br>65 GOL Manuel Pelegrina (HUR)</br>68 GOL Héctor López (HUR),45,90,0,0
22/11/1953,Onzari,visitante,derrota,0,1,Lanús,30° fecha del Campeonato 1953,Lanús,Enrique Fernández,"Gabriel Ogando; Oscar Gaggino y Juan M Filgueiras; Jorge Caruso, Juan B Romo y Enrique Cerioni; Antonio Giosa, Oscar Rossi, Ricardo Infante, Héctor López y Manuel Pelegrina.","Álvarez Vega; Estévez y Mercado; Daponte, Guidi y Beltrán; Emilio Fernández, Catoira, Reynoso, Cejas y Rodolfo Durán.",foto,67 GOL Fernández (LAN),45,90,0,0
04/04/1954,Ufano,local,derrota,0,1,Ferro C. Oeste,1° fecha del Campeonato 1954,El Palacio,Lynch,"Gabriel Ogando; Carlos Scherl y Juan A Bendazzi; Santiago Ardanaz, Víctor Rodríguez y Roberto Puissegur; Luis Gómez, José Sánchez, Salvador D'Anna, Elio Montaño y Marcelo Ortigüela.","Ferro: Marapodi; Pirone y Garansini; Bufatelli, Diez y Gil; Alberto Dezorzi, García, Lara, Martínez y Piovano.",foto,48 GOL Alberto Dezorzi (FCO),45,90,0,0
11/04/1954,Ufano,local,empate,1,1,Vélez Sarsfield,2° fecha del Campeonato 1954,El Palacio,Wilbraham,"Gabriel Ogando; Carlos Scherl y Juan M Filgueiras; Santiago Ardanaz, Víctor Rodríguez y Juan A Bendazzi; Luis Gómez, José Sánchez, Ricardo Infante, Horacio Onzari y Marcelo Ortigüela.","Adamo; Iglesias y Allegri; Ovide, Jorge Ruiz y García Fierro; Ernesto Sansone, Norberto Conde, Ferraro, Osvaldo Zubeldía y Mendiburu.",foto,30 GOL Ricardo Infante (HUR)</br>63 GOL Norberto Conde (VSA),45,90,0,0
18/04/1954,Ufano,visitante,empate,2,2,River Plate,3° fecha del Campeonato 1954,Monumental,Meade,"Gabriel Ogando; Carlos Scherl y Juan M Filgueiras; Santiago Ardanaz, Víctor Rodríguez y Juan A Bendazzi; Donato Hernández, José Sánchez, Ricardo Infante, Elio Montaño y Marcelo Ortigüela.","Amadeo Carrizo; Tesouro, Trillini y Guastavino; Venini y Díaz; Santiago Vernazza, Eliseo Prado, Walter Gómez, Omar Sívori y Félix Loustau.",foto,44 GOL Omar Sívori (RPL)</br>68 GOL Santiago Vernazza (RPL)</br>72 GOL Ricardo Infante (HUR)</br>80 GOL Donato Hernández (HUR),45,90,0,0
02/05/1954,Ufano,local,derrota,1,2,Tigre,4° fecha del Campeonato 1954,El Palacio,Cross,"Gabriel Ogando; Carlos Scherl y Juan M Filgueiras; Santiago Ardanaz, Víctor Rodríguez y Juan A Bendazzi; Mario Boyé, José Sánchez, Ricardo Infante, Tomás Moine y Marcelo Ortigüela.","Miguel Rugilo; Oscar Gaggino y Bores; Paramidani, Enrique Brunetti y Hidalgo; J Sánchez García, Gil, Cesáreo, De Bourgoing y Cucchiaroni.",foto,17 GOL De Bourgoing (TIG)</br>72 GOL Cucchiaroni (TIG)</br>89 GOL José Sánchez (HUR) -penal-,45,90,0,0
09/05/1954,Ufano,visitante,derrota,3,4,Gimnasia y Esgrima (La Plata),5° fecha del Campeonato 1954,El Bosque (La Plata),Dyckes,"Gabriel Ogando; Carlos Scherl y José Piolo; Santiago Ardanaz, Víctor Rodríguez y Juan A Bendazzi; Mario Boyé, José Sánchez, Ricardo Infante, Elio Montaño y Marcelo Ortigüela.","Mussi; Ambrosi y Olivero; Carrizo, Schandlein y Smargiassi; Pentrelli, Maravilla, Gutiérrez, Martínez y Barci.",foto,8 GOL Elio Montaño (HUR)</br>12 GOL Mario Boyé (HUR)</br>38 GOL Pentrelli (GLP)</br>47 GOL Gutiérrez (GLP)</br>49 GOL Gutiérrez (GLP) -penal-</br>59 GOL Gutiérrez (GLP)</br>76 GOL José Sánchez (HUR),45,90,0,0
16/05/1954,Ufano,local,victoria,1,0,Newell's Old Boys (Rosario),6° fecha del Campeonato 1954,El Palacio,Fuster,"Juan C Marcello; Carlos Scherl y Salvador Calvente; Santiago Ardanaz, Víctor Rodríguez y Roberto Puissegur; Mario Boyé, José Sánchez, Horacio Onzari, Elio Montaño y Rodolfo Bediale.","Castro; Orlando Peloso y Echeverría; Boveri, Bosich y Echeverría; Carranza, Bellotti, Bernardo, Belén y Yudica.",foto,15 GOL Elio Montaño (HUR),45,90,0,0
23/05/1954,Ufano,visitante,empate,2,2,Independiente,7° fecha del Campeonato 1954,Doble Visera,Lynch,"Gabriel Ogando; Carlos Scherl y Salvador Calvente; Santiago Ardanaz, Víctor Rodríguez y Roberto Puissegur; Mario Boyé, José Sánchez, Ricardo Infante, Elio Montaño y Marcelo Ortigüela.","Abraham; Barraza y Violini; Britos, Varacka y Castronovo; Rodolfo Micheli, Cecconato, Bonelli, Grillo y Cruz.",foto,34 GOL Mario Boyé (HUR) -penal-</br>38 GOL Mario Boyé (HUR)</br>44 GOL Rodolfo Micheli (IND)</br>68 GOL Bonelli (IND),45,90,0,0
30/05/1954,Ufano,local,empate,1,1,Banfield,8° fecha del Campeonato 1954,El Palacio,Hartles,"Juan C Marcello; Carlos Scherl y Salvador Calvente; Santiago Ardanaz, Víctor Rodríguez y Roberto Puissegur; Mario Boyé, José Sánchez, Ricardo Infante, Elio Montaño y Marcelo Ortigüela.","Graneros; Ferretti y Bagnato; Iácono, Magnelli y Héctor D'Angelo; Boggio, F Rodríguez, Álvarez, A Rodríguez y Feliú.",foto,20 GOL Boggio (BAN)</br>89 GOL Ricardo Infante (HUR),45,90,0,0
06/06/1954,Ufano,visitante,derrota,1,2,San Lorenzo de Almagro,9° fecha del Campeonato 1954,Gasómetro,Illife,"Juan C Marcello; Carlos Scherl y Salvador Calvente; Santiago Ardanaz, Víctor Rodríguez y Roberto Puissegur; Mario Boyé, Elio Montaño, Ricardo Infante, Tomás Moine y Marcelo Ortigüela.","Blazina; Martina y Basso; Faina, Cortiñas y Leguía; Berni, Coll, Benavídez, Loiácono y Pizarro.",foto,19 GOL Berni (SLA)</br>29 GOL Ricardo Infante (HUR)</br>89 GOL Berni (SLA),45,90,0,0
13/06/1954,Ufano,local,empate,3,3,Platense,10° fecha del Campeonato 1954,El Palacio,Wilbraham,"Juan C Marcello; Carlos Scherl y Juan A Bendazzi; Santiago Ardanaz, Víctor Rodríguez y Roberto Puissegur; Mario Boyé, Horacio Onzari, Ricardo Infante, Salvador D'Anna y Marcelo Ortigüela.","Germinaro; Glinni y Menéndez; Maldonado, Cívico y Berterame; Murúa, Héctor López, A López, Báez y Sayago.",foto,7 GOL Murúa (PLA)</br>9 GOL A López (PLA)</br>54 GOL Marcelo Ortigüela (HUR)</br>68 GOL Mario Boyé (HUR) -penal-</br>78 GOL Mario Boyé (HUR)</br>84 GOL Sayago (PLA),45,90,0,0
20/06/1954,Ufano,visitante,empate,2,2,Chacarita Juniors,11° fecha del Campeonato 1954,San Martín,Durante,"Juan C Marcello; Carlos Scherl y Juan A Bendazzi; Santiago Ardanaz, Víctor Rodríguez y Roberto Puissegur; Mario Boyé, Horacio Onzari, Ricardo Infante, Heraldo Ferreyro y Marcelo Ortigüela.","Segundo Díaz; Molinari y Federico Pizarro; Pegnotti, Janiot y Bevilacqua; P Rodríguez, Coll, Costa, Barta y Norberto Conde.",foto,1 GOL P Rodríguez (CHJ)</br>16 GOL Costa (CHJ)</br>19 GOL Mario Boyé (HUR)</br>72 GOL Horacio Onzari (HUR),45,90,0,0
04/07/1954,Ufano,local,victoria,1,0,Boca Juniors,12° fecha del Campeonato 1954,El Palacio,Meade,"Juan C Marcello; Carlos Scherl y Salvador Calvente; Santiago Ardanaz, Víctor Rodríguez y Roberto Puissegur; Donato Hernández, José Sánchez, Ricardo Infante, Heraldo Ferreyro y Marcelo Ortigüela.","Musimessi; Colman y Edwards; Lombardo, Mouriño y Acosta; Navarro, Baiocco, Borello, Fernández Real y Julio Marcarián.",https://pbs.twimg.com/media/HHgAoR3WoAADizL?format=jpg&name=360x360,24 GOL Ricardo Infante (HUR),45,90,0,0
09/07/1954,-,visitante,empate,1,1,Liga de Mendoza,Amistoso 1954 (Fecha patria),Ind. Rivadavia (Mendoza),Jao,"Juan C Marcello; Carlos Scherl y Juan M Filgueiras; Santiago Ardanaz, Víctor Rodríguez (Juan A Bendazzi) y Roberto Puissegur; Donato Hernández, Horacio Onzari, Ricardo Infante (Salvador Calvente), Heraldo Ferreyro y Marcelo Ortigüela.","Moreno; Frigolé (Zabala) y Bolognesi; Correas, Garín y Abraham; Verdejo, Godoy (Suero), Suero (Pérez), Savino (Martins) y Farías.",foto,25 GOL Heraldo Ferreyro (HUR) -penal-</br>30 GOL Godoy (MZA),45,90,0,0
11/07/1954,-,visitante,empate,1,1,Liga de San Juan,Amistoso 1954 (Fecha patria),(San Juan),desconocido,-,-,foto,sin datos,45,90,0,0
18/07/1954,J Alberti,visitante,victoria,2,1,Rosario Central,13° fecha del Campeonato 1954,Arroyito (Rosario),Illife,"Juan C Marcello; Carlos Scherl y Juan M Filgueiras; Santiago Ardanaz, Víctor Rodríguez y Roberto Puissegur; Donato Hernández, José Sánchez, Ricardo Infante, Elio Montaño y Marcelo Ortigüela.","Bottazzi; Vairo y Miranda; M La Rosa, Minni y Ángel Zof; Gauna, H Rosa, Massei, Gómez y Juan A Portaluppi.",foto,9 GOL Gómez (RCE)</br>56 GOL José Sánchez (HUR)</br>73 GOL Ricardo Infante (HUR),45,90,0,0
25/07/1954,J Alberti,local,victoria,4,1,Racing Club,14° fecha del Campeonato 1954,El Palacio,Barani,"Juan C Marcello; Carlos Scherl y Juan M Filgueiras; Santiago Ardanaz, Víctor Rodríguez y Juan A Bendazzi; Donato Hernández, José Sánchez, Ricardo Infante, Elio Montaño y Marcelo Ortigüela.","Grisetti; Pedro Dellacha y García Pérez; Fernández, Balay y Gutiérrez; Cupo, Manuel Ameal, Blanco, Pizzuti y Sued.",foto,2 GOL Elio Montaño (HUR)</br>12 GOL Elio Montaño (HUR)</br>34 GOL Elio Montaño (HUR)</br>55 GOL Cupo (RAC)</br>58 GOL Elio Montaño (HUR),45,90,0,0
01/08/1954,J Alberti,visitante,derrota,2,3,Lanús,15° fecha del Campeonato 1954,Lanús,Lynch,"Juan C Marcello; Carlos Scherl y Juan M Filgueiras; Santiago Ardanaz, Víctor Rodríguez y Juan A Bendazzi; Donato Hernández, José Sánchez, Ricardo Infante, Elio Montaño y Marcelo Ortigüela.","Álvarez Vega; Pérez y Prato; Daponte, Guidi y Enrique Cerioni; Contini, Gil, Florio, Cejas y Tacchi.",foto,9 GOL Tacchi (LAN)</br>14 GOL Elio Montaño (HUR)</br>31 GOL Elio Montaño (HUR)</br>43 GOL Tacchi (LAN)</br>89 GOL Tacchi (LAN),45,90,0,0
08/08/1954,J Alberti,visitante,derrota,2,3,Ferro C. Oeste,16° fecha del Campeonato 1954,Caballito,Wilbraham,"Juan C Marcello; Carlos Scherl y Juan M Filgueiras; Santiago Ardanaz, Víctor Rodríguez y Juan A Bendazzi; Donato Hernández, José Sánchez, Ricardo Infante, Elio Montaño y Marcelo Ortigüela.","Marapodi; Pirone y Garansini; Bufatelli, Salas y Gil; Alberto Dezorzi, García, Lara, Martínez y Garabal.",foto,14 GOL Donato Hernández (HUR)</br>16 GOL García (FCO)</br>20 GOL García (FCO)</br>22 GOL José Sánchez (HUR)</br>83 GOL Garabal (FCO),45,90,0,0
15/08/1954,J Alberti,visitante,empate,1,1,Vélez Sarsfield,17° fecha del Campeonato 1954,Vélez Sarsfield,Hartles,"Juan C Marcello; Carlos Scherl y Juan M Filgueiras; Santiago Ardanaz, Víctor Rodríguez y Roberto Puissegur; Mario Boyé, José Sánchez, Ricardo Infante, Elio Montaño y Marcelo Ortigüela.","Adamo; Huss y Allegri; Ovide, Jorge Ruiz y García Fierro; Ernesto Sansone, Norberto Conde, Ferraro, Osvaldo Zubeldía y Alberto Violi.",foto,3 GOL Elio Montaño (HUR)</br>43 GOL Huss (VSA),45,90,0,0
22/08/1954,J Alberti,local,derrota,1,2,River Plate,18° fecha del Campeonato 1954,El Palacio,Illife,"Juan C Marcello; Carlos Scherl y Juan M Filgueiras; Santiago Ardanaz, Víctor Rodríguez y Roberto Puissegur; Mario Boyé, José Sánchez, Horacio Onzari, Elio Montaño y Marcelo Ortigüela.","Amadeo Carrizo; Mantegari, Pérez y Guastavino; Fain y Pascasio Sola; Santiago Vernazza, Omar Sívori, Eliseo Prado, Ángel Labruna y Zárate.",foto,22 GOL Horacio Onzari (HUR)</br>35 GOL Omar Sívori (RPL)</br>50 GOL Ángel Labruna (HUR),45,90,0,0
29/08/1954,Pedernera,visitante,victoria,2,1,Tigre,19° fecha del Campeonato 1954,José Dellagiovanna,Meade,"Juan C Marcello; Carlos Scherl y Salvador Calvente; Santiago Ardanaz, Víctor Rodríguez y Roberto Puissegur; Mario Boyé, Adolfo Pedernera, Ricardo Infante, Elio Montaño y Marcelo Ortigüela.","Rugilo; Oscar Gaggino y Bores; Fernando Gianserra, Enrique Brunetti y Carriquiri; De Bourgoing, Gil, Burgos, Chirico y Cucchiaroni.",foto,5 GOL De Bourgoing (TIG)</br>80 GOL Elio Montaño (HUR)</br>89 GOL Mario Boyé (HUR) -penal-,45,90,0,0
05/09/1954,Pedernera,local,derrota,1,4,Gimnasia y Esgrima (La Plata),20° fecha del Campeonato 1954,José Amalfitani,Lynch,"Juan C Marcello; Carlos Scherl y Salvador Calvente; Santiago Ardanaz, Víctor Rodríguez y Roberto Puissegur; Mario Boyé, Adolfo Pedernera, Ricardo Infante, Elio Montaño y Marcelo Ortigüela.","Villera; Carboni y Perroncino; Schandlein, Arcos y Smargiassi; Pentrelli, Maravilla, Gutiérrez, Walter y Barci.",foto,36 GOL Walter (GLP)</br>50 GOL Pentrelli (GLP)</br>51 GOL Maravilla (GLP)</br>63 GOL Walter (GLP)</br>89 GOL Elio Montaño (HUR),45,90,0,0
12/09/1954,Pedernera,visitante,derrota,0,2,Newell's Old Boys (Rosario),21° fecha del Campeonato 1954,Parque Independencia (Rosario),Cross,"Edgardo Madinabeytia; Carlos Scherl y Juan M Filgueiras; Santiago Ardanaz, Víctor Rodríguez y Roberto Puissegur; Mario Boyé, Ricardo Infante, Adolfo Pedernera, Elio Montaño y Marcelo Ortigüela.","Castro; Danelutti y Coronel; Boveri, Ramacciotti y Miralles; B Carranza, R Carranza, Bernardo, Belén y Yudica.",foto,26 GOL R Carranza (NOB)</br>90 GOL B Carranza (NOB),45,90,0,0
19/09/1954,Peucelle,local,empate,2,2,Independiente,22° fecha del Campeonato 1954,José Amalfitani,Hartles,"Edgardo Madinabeytia; Carlos Scherl y Juan M Filgueiras; Santiago Ardanaz, Víctor Rodríguez y Roberto Puissegur; Mario Boyé, José Sánchez, Ricardo Infante, Elio Montaño y Rodolfo Bediale.","Abraham; Barraza y Violini; Britos, Varacka y Varacka; Rodolfo Micheli, Cecconato, Bonelli, Grillo y Cruz.",foto,5 GOL Elio Montaño (HUR)</br>13 GOL Cecconato (IND)</br>34 GOL Elio Montaño (HUR)</br>53 GOL Grillo (IND)</br>72 GOL Bonelli (IND)</br>88 GOL Ricardo Infante (HUR),45,90,0,0
26/09/1954,Peucelle,visitante,derrota,1,2,Banfield,23° fecha del Campeonato 1954,Florencio Sola,Prieto,"Edgardo Madinabeytia; Rodolfo Orio y Juan M Filgueiras; Santiago Ardanaz, Víctor Rodríguez y Roberto Puissegur; Mario Boyé, José Sánchez, Ricardo Infante, Elio Montaño y Marcelo Ortigüela.","Cadars; Seijo y Lorenzo; Vladislao Capparelli, García y Héctor D'Angelo; Boggio, Graziolo, Villamor, Álvarez y Caccia.",foto,38 GOL Villamor (BAN)</br>61 GOL Álvarez (BAN)</br>82 GOL Seijo (HUR) -en contra-,45,90,0,0
03/10/1954,Peucelle,local,empate,1,1,San Lorenzo de Almagro,24° fecha del Campeonato 1954,La Bombonera,Burfield,"Juan C Marcello; Rodolfo Orio y Juan M Filgueiras; Santiago Ardanaz, Enrique Espinosa y Juan A Bendazzi; Luis Gómez, Horacio Onzari, Ricardo Infante, Elio Montaño y Heraldo Ferreyro.","Blazina; Martina y Basso; Díaz, Faina y Vivas; Berni, Martínez, Loiácono, Picot y Pizarro.",foto,58 GOL Elio Montaño (HUR)</br>60 GOL Pizarro (SLA),45,90,0,0
10/10/1954,Peucelle,visitante,derrota,3,5,Platense,25° fecha del Campeonato 1954,Saavedra,Turner,"Juan C Marcello; Rodolfo Orio y Juan M Filgueiras; Santiago Ardanaz, Enrique Espinosa y Juan A Bendazzi; Luis Gómez, Horacio Onzari, Ricardo Infante, Elio Montaño y Heraldo Ferreyro.","Domínguez; Capalbo y Bozzalla; Maldonado, Cívico y Molina; Beraza, Báez, Héctor López, A López y Torello.",foto,28 GOL Horacio Onzari (HUR)</br>29 GOL Héctor López (PLA)</br>46 GOL Beraza (PLA)</br>59 GOL Ricardo Infante (HUR)</br>61 GOL Beraza (PLA)</br>64 GOL Báez (PLA)</br>73 GOL Juan A Bendazzi (HUR) -penal-</br>78 GOL Torello (PLA),45,90,0,0
16/10/1954,Peucelle,local,empate,1,1,Chacarita Juniors,26° fecha del Campeonato 1954,El Palacio,Elliot,"Juan C Marcello; Carlos Scherl y Juan M Filgueiras; Santiago Ardanaz, Víctor Rodríguez y Roberto Puissegur; Mario Boyé, José Sánchez, Ricardo Infante, Elio Montaño y Heraldo Ferreyro.","Goldbaum; Federico Pizarro y Ferrero; Scriminacci, Janiot y Moreno; P Rodríguez, Barreiro, Barta, Campana (30 Osvaldo Güenzatti) y Esquide.",foto,30 Partido suspendido - continúa el 18/10/1954</br>85 GOL Barreiro (CHJ)</br>87 GOL Ricardo Infante (HUR),45,90,0,0
24/10/1954,Peucelle,visitante,derrota,1,6,Boca Juniors,27° fecha del Campeonato 1954,La Bombonera,Hartles,"Juan C Marcello; Carlos Scherl y Juan M Filgueiras; Santiago Ardanaz, Víctor Rodríguez y Roberto Puissegur; Mario Boyé, José Sánchez, Ricardo Infante, Heraldo Ferreyro y Marcelo Ortigüela.","Musimessi; Colman y Otero; Lombardo, Eliseo Mouriño y Natalio Pescia; Navarro, Baiocco, Borello, Roselló y Julio Marcarián.",foto,3 GOL Roselló (BJU)</br>25 GOL Borello (BJU)</br>46 GOL Julio Marcarián (BJU)</br>49 GOL Julio Marcarián (BJU)</br>47 GOL Ricardo Infante (HUR)</br>59 GOL Roselló (BJU)</br>80 GOL Borello (BJU),45,90,0,0
31/10/1954,Peucelle,local,empate,0,0,Rosario Central,28° fecha del Campeonato 1954,El Palacio,Lynch,"Juan C Marcello; Carlos Scherl y Juan M Filgueiras; Santiago Ardanaz, Víctor Rodríguez y Roberto Puissegur; Mario Boyé, José Sánchez, Ricardo Infante, Heraldo Ferreyro y Marcelo Ortigüela.","Bottazzi; Biagioli y Vairo; M La Rosa, Ducca y Ángel Zof; Gauna, H Rosa, Massei, Cardoso y Juan A Portaluppi.",foto,1° Tiempo: Huracán 0x0 Central,45,90,0,0
11/11/1954,Peucelle,visitante,empate,0,0,Racing Club,29° fecha del Campeonato 1954,El Cilindro,Illife,"Juan C Marcello; Carlos Scherl y Juan M Filgueiras; Santiago Ardanaz, Víctor Rodríguez y Roberto Puissegur; Mario Boyé, José Sánchez, Ricardo Infante, Horacio Onzari y Heraldo Ferreyro.","Rogelio Domínguez; Dodero y Fernández; Giménez, Balay y Gutiérrez; Cupo, Oscar Rossi, Blanco, Pizzuti y Sued.",foto,1° Tiempo: Racing 0x0 Huracán,45,90,0,0
14/11/1954,Peucelle,local,empate,3,3,Lanús,30° fecha del Campeonato 1954,El Palacio,Meade,"Juan C Marcello; Carlos Scherl y Juan M Filgueiras; Santiago Ardanaz, Víctor Rodríguez y Juan A Bendazzi; Mario Boyé, José Sánchez, Ricardo Infante, Rubén Patiño y Marcelo Ortigüela.","Álvarez Vega; Mendizábal y Prato; José Nazionale, Guidi y Beltrán; Contini, Gil, García, Reynoso y Tacchi.",foto,7 GOL García (LAN)</br>13 GOL Tacchi (LAN) -penal-</br>35 GOL Juan M Filgueiras (HUR) -penal-</br>43 GOL Marcelo Ortigüela (HUR)</br>70 GOL Gil (LAN)</br>89 GOL Juan M Filgueiras (HUR) -penal-,45,90,0,0
